ACCIDENT_YEAR,COLLISION_DATE,COLLISION_TIME,MONTH,SEASON,24HOURS,DAY_OF_WEEK,INTERSECTION,WEATHER_1,STATE_HWY_IND,ROAD_SURFACE,ROAD_COND_1,LIGHTING,STWD_VEHTYPE_AT_FAULT,CHP_VEHTYPE_AT_FAULT,DIRECTION,PCF_VIOL_CATEGORY,TYPE_OF_COLLISION,PEDESTRIAN_ACCIDENT,BICYCLE_ACCIDENT,MOTORCYCLE_ACCIDENT,TRUCK_ACCIDENT,MVIW,TOW_AWAY,HIT_AND_RUN,CONTROL_DEVICE,NUMBER_INJURED,COUNT_PED_INJURED,COUNT_BICYCLIST_INJURED,COUNT_MC_INJURED,PCF_VIOLATION,PARTY_COUNT,POINT_Y,POINT_X,COLLISION_SEVERITY
2011,2011-04-29,1633,4,1,16,5,N,A,Y,A,H,A,N,60,N,11,G,Y,,,,B,N,N,D,1,1,0,0,21954.0,2,35.35116383,-118.91427142,2
2011,2011-05-04,1437,5,1,14,3,N,A,Y,A,D,A,A,01,S,03,B,,,,,C,Y,N,A,1,0,0,0,22350.0,2,35.72554153,-119.06258113,3
2011,2011-05-03,1840,5,1,18,2,Y,A,N,A,H,A,A,01,,03,B,,,,,C,N,N,D,1,0,0,0,22350.0,2,35.36517004,-118.93084989,4
2011,2011-05-02,740,5,1,7,1,N,A,N,A,H,A,L,04,N,05,D,,Y,,,G,N,N,A,1,0,1,0,21650.0,2,35.39747322,-118.99848269,4
2011,2011-05-23,715,5,1,7,1,N,A,Y,A,H,A,A,01,E,08,E,,,,Y,I,Y,N,D,1,0,0,0,22107.0,2,35.61619498,-119.61574565,4
2011,2011-05-21,2105,5,1,21,6,Y,A,N,A,H,D,D,22,,05,A,,,,,I,Y,N,D,1,0,0,0,21651.0,2,35.10954,-118.45014,4
2011,2011-05-26,1919,5,1,19,4,N,A,Y,A,H,A,A,01,S,03,C,,,,,C,N,N,D,1,0,0,0,22350.0,2,35.43861502,-119.45213753,4
2011,2011-04-27,705,4,1,7,3,N,A,N,A,H,A,-,- ,W,18,E,,,,,I,Y,N,D,1,0,0,0,,1,35.36454511,-119.06709711,4
2011,2011-04-23,1459,4,1,14,6,Y,A,N,A,H,A,-,- ,,12,D,,Y,,,G,N,N,A,1,0,1,0,21453.0,2,35.40281,-118.93012,3
2011,2011-04-22,1536,4,1,15,5,N,B,N,A,H,A,A,07,S,06,B,,,,,C,N,N,D,1,0,0,0,21754.0,2,35.36756147,-119.0609391,4
2011,2011-04-28,1659,4,1,16,4,N,A,N,A,H,A,N,60,W,11,G,Y,,,,B,N,N,D,1,1,0,0,21954.0,2,35.39746499,-119.00123887,3
2011,2011-04-17,1824,4,1,18,7,N,A,N,A,H,B,A,01,S,10,G,Y,,,,B,N,N,A,1,1,0,0,21950.0,2,35.38197133,-118.99116102,4
2011,2011-04-19,105,4,1,1,2,N,A,N,A,H,C,A,01,W,13,H,,,,,B,Y,N,D,1,0,0,0,22515.0,1,35.36302844,-118.98939264,3
2011,2011-04-22,1652,4,1,16,5,Y,B,N,A,H,A,A,01,,09,D,,,,,C,N,N,A,3,0,0,0,21801.0,2,35.4006,-118.95091,4
2011,2011-05-06,1404,5,1,14,5,Y,A,N,A,H,A,A,01,,12,A,,,,,C,Y,N,A,2,0,0,0,21453.0,2,35.34881,-119.12751,3
2011,2011-05-06,1404,5,1,14,5,N,A,N,A,H,A,A,01,S,09,D,,Y,,,G,N,N,D,1,0,1,0,21804.0,2,35.34667613,-119.04807062,4
2011,2011-05-25,1654,5,1,16,3,N,A,Y,A,H,A,B,01,W,17,E,,,,,I,Y,N,D,2,0,0,0,21711.0,1,35.098105,-118.29795223,3
2011,2011-05-30,1447,5,1,14,1,Y,A,N,A,H,A,L,04,,12,H,,Y,,,G,N,N,A,1,0,1,0,22450.0,2,35.13017006,-118.44955992,3
2011,2011-05-26,900,5,1,9,4,N,B,N,A,H,A,D,22,E,08,E,,,,,I,Y,N,D,1,0,0,0,22107.0,1,35.44181837,-119.30392195,4
2011,2011-05-30,1520,5,1,15,1,N,A,Y,A,H,A,A,01,S,07,B,,,,Y,C,Y,M,D,1,0,0,0,21658.0,3,35.74097221,-119.24192404,4
2011,2011-05-22,1620,5,1,16,7,N,A,N,A,H,A,L,04,W,08,H,,Y,,,G,N,N,D,1,0,1,0,22107.0,2,35.49529002,-119.28235577,3
2011,2011-04-30,2150,4,1,21,6,Y,A,Y,A,H,C,L,04,,14,D,,Y,,,G,N,N,A,1,0,1,0,21201.0,2,35.38353444,-119.11900623,3
2011,2011-04-29,1900,4,1,19,5,Y,A,N,A,H,A,L,04,,10,G,Y,Y,,,B,N,N,D,1,1,0,0,21950.0,2,35.40675,-119.02109,4
2011,2011-05-06,1520,5,1,15,5,N,A,Y,A,H,A,A,01,E,03,C,,,,,C,Y,N,D,3,0,0,0,22350.0,4,35.38340498,-119.11691142,4
2011,2011-05-07,700,5,1,7,6,N,A,Y,A,H,A,A,01,N,08,E,,,,,I,Y,N,D,1,0,0,0,22107.0,1,35.69246551,-119.0656029,4
2011,2011-05-07,2115,5,1,21,6,N,A,N,A,H,C,A,01,E,09,D,,,,,D,Y,N,D,2,0,0,0,21801.0,2,35.36878317,-118.9317484,3
2011,2011-05-05,853,5,1,8,4,N,A,Y,A,H,A,A,01,N,08,E,,,,,I,Y,N,D,1,0,0,0,22107.0,1,35.00011914,-118.94954133,4
2011,2011-05-01,1100,5,1,11,7,N,A,Y,A,H,A,C,02,W,03,E,,,Y,,I,Y,N,D,1,0,0,1,22350.0,1,35.74722364,-118.58368625,2
2011,2011-05-04,1420,5,1,14,3,N,A,Y,A,D,A,A,01,E,03,C,,,,,C,Y,N,A,1,0,0,0,22350.0,3,35.39354461,-119.02836589,4
2011,2011-05-04,1845,5,1,18,3,Y,A,N,A,H,A,A,01,,03,C,,,,,C,Y,N,D,2,0,0,0,22350.0,3,35.41966,-119.08693,3
2011,2011-05-07,1840,5,1,18,6,N,A,N,A,H,A,A,01,W,09,A,,,,,D,Y,N,D,2,0,0,0,21801.0,2,35.37197925,-118.97126377,3
2011,2011-05-04,542,5,1,5,3,Y,A,N,A,H,B,A,01,,09,D,,,,,C,Y,N,A,2,0,0,0,21802.0,2,35.2382,-118.8245,3
2011,2011-05-06,1845,5,1,18,5,N,A,N,A,H,A,A,01,S,01,E,,,,,I,Y,F,D,1,0,0,0,23152.0,1,35.18625542,-118.85105073,3
2011,2011-05-05,1845,5,1,18,4,Y,A,N,A,H,A,D,22,,09,D,,,,,C,Y,N,D,3,0,0,0,21801.0,2,35.30861,-119.00309,4
2011,2011-04-21,1232,4,1,12,4,N,B,N,A,H,A,E,22,E,08,D,,,,,C,Y,N,D,1,0,0,0,22107.0,2,35.38102069,-119.03116983,4
2011,2011-05-07,1914,5,1,19,6,N,A,N,A,H,A,D,22,N,01,C,,,,,C,Y,N,A,1,0,0,0,23152.0,2,35.35406808,-118.97649051,4
2011,2011-01-03,1221,1,4,12,1,N,A,Y,B,H,A,A,01,N,07,C,,,,Y,C,Y,N,D,3,0,0,0,21658.0,2,34.82022685,-118.87886039,3
2011,2011-01-06,1330,1,4,13,4,N,A,N,A,H,A,A,07,N,03,C,,,,Y,C,Y,N,D,1,0,0,0,22350.0,2,34.84190412,-118.29079092,2
2011,2011-01-03,1106,1,4,11,1,N,A,Y,A,H,A,A,07,E,07,C,,,,Y,C,Y,N,A,4,0,0,0,21658.0,2,35.008426,-117.8601095,3
2011,2011-01-05,700,1,4,7,3,Y,E,Y,B,H,A,D,22,,12,D,,,,Y,C,Y,N,A,1,0,0,0,22450.0,2,35.60176058,-119.25828159,3
2011,2011-01-04,1050,1,4,10,2,N,A,Y,B,H,A,A,01,S,03,E,,,,,I,Y,N,A,1,0,0,0,22350.0,1,34.82177734,-118.87723951,3
2011,2011-01-13,1230,1,4,12,4,N,A,Y,A,H,A,A,01,S,03,C,,,,Y,C,Y,N,D,1,0,0,0,22350.0,2,35.38976126,-119.04472313,4
2011,2011-01-13,2208,1,4,22,4,N,A,Y,A,H,C,A,01,S,08,D,,,,Y,C,Y,N,D,1,0,0,0,22107.0,2,35.39396788,-119.04457622,4
2011,2011-01-12,714,1,4,7,3,N,A,Y,A,H,A,A,01,W,08,C,,,,Y,E,Y,N,D,1,0,0,0,22107.0,2,35.00663503,-117.7219173,4
2011,2011-01-15,2235,1,4,22,6,N,A,N,A,H,E,A,01,E,01,A,,,,Y,E,Y,N,D,1,0,0,0,23152.0,2,35.26682179,-119.00613113,4
2011,2011-01-14,500,1,4,5,5,N,B,Y,A,H,D,A,01,S,08,B,,,,Y,C,Y,N,D,1,0,0,0,22107.0,2,35.16147405,-119.00059923,3
2011,2011-01-23,2330,1,4,23,7,N,A,N,A,H,C,A,01,W,01,C,,,,,E,Y,N,D,1,0,0,0,23152.0,2,35.41227934,-119.0710643,4
2011,2011-01-19,2235,1,4,22,3,N,A,Y,A,H,C,A,01,W,01,E,,,,,I,Y,N,D,0,0,0,0,23152.0,1,35.40632499,-119.04814238,1
2011,2011-01-27,1925,1,4,19,4,N,A,N,A,H,D,A,08,N,03,D,,,,Y,C,Y,N,D,0,0,0,0,22350.0,2,35.23482864,-119.10997732,1
2011,2011-01-13,320,1,4,3,4,N,A,Y,A,H,D,-,- ,N,01,E,,,,,I,Y,N,D,1,0,0,0,23152.0,1,35.27427569,-119.02472889,1
2011,2011-01-28,1751,1,4,17,5,N,A,N,A,H,C,A,01,N,01,A,,,,,C,Y,N,D,3,0,0,0,23152.0,2,35.37346425,-118.96760237,1
2011,2011-02-01,2500,2,4,25,2,N,A,Y,A,H,D,D,22,E,08,E,,,,,I,Y,N,D,0,0,0,0,22107.0,1,35.47555665,-118.72192725,1
2011,2011-02-01,435,2,4,4,2,N,A,N,A,-,D,A,07,S,08,F,,,,,A,Y,N,D,1,0,0,0,22107.0,1,35.20959326,-119.43623576,1
2011,2011-02-07,2141,2,4,21,1,N,A,N,A,H,C,C,02,W,01,E,,,Y,,I,Y,N,D,0,0,0,0,23152.0,1,35.42702879,-119.11500514,1
2011,2011-01-12,1630,1,4,16,3,N,A,N,A,G,A,C,02,,22,E,,,Y,,I,Y,N,D,1,0,0,1,,1,35.60806,-117.65251,3
2011,2011-03-09,1718,3,1,17,3,N,A,N,A,H,A,C,02,E,01,D,,,Y,,C,Y,N,A,0,0,0,0,23152.0,2,35.41060499,-119.03419233,1
2011,2011-04-01,1035,4,1,10,5,N,A,N,A,H,A,G,25,E,09,D,,,Y,Y,C,Y,N,D,0,0,0,0,21801.0,2,35.3281055,-118.78955038,1
2011,2011-03-29,1134,3,1,11,2,Y,A,N,A,H,-,A,07,,01,D,,,,,C,Y,F,A,2,0,0,0,23152.0,2,35.38647,-119.01182,1
2011,2011-03-26,2313,3,1,23,6,N,A,N,A,H,C,A,01,E,01,F,,,,,A,Y,N,D,0,0,0,0,23152.0,1,35.41986404,-119.05649364,1
2011,2011-04-08,908,4,1,9,5,Y,B,N,A,H,A,A,01,,09,D,,,,,C,Y,N,A,1,0,0,0,21802.0,2,35.47768,-119.24327,1
2011,2011-04-05,1643,4,1,16,2,N,A,Y,A,H,A,A,07,E,08,F,,,,,A,Y,N,D,5,0,0,0,22107.0,1,35.34438799,-118.87199863,1
2011,2011-04-16,1248,4,1,12,6,N,A,Y,A,H,A,C,02,S,08,E,,,Y,,I,Y,N,D,1,0,0,1,22107.0,1,35.35225498,-118.99821237,1
2011,2011-04-22,430,4,1,4,5,Y,A,Y,A,H,C,D,22,,12,D,,,,Y,C,Y,N,A,3,0,0,0,22450.0,2,35.60142498,-119.47297247,1
2011,2011-04-16,443,4,1,4,6,N,A,Y,A,H,D,D,22,N,03,C,,,,,C,Y,N,D,1,0,0,0,22350.0,2,35.29342028,-119.0299859,1
2011,2011-01-25,556,1,4,5,2,Y,E,N,B,H,C,G,25,,08,E,,,,Y,I,N,N,A,1,0,0,0,22107.0,1,35.49891,-119.27843,4
2011,2011-01-18,528,1,4,5,2,N,A,N,A,H,C,F,77,E,- ,E,,,,Y,I,N,N,D,1,0,0,0,,1,,,4
2011,2011-01-14,1940,1,4,19,5,N,A,Y,A,H,D,G,25,S,07,B,,,,Y,C,Y,N,D,2,0,0,0,21658.0,2,35.36635871,-119.04113437,3
2011,2011-01-06,1310,1,4,13,4,N,A,Y,A,D,A,G,25,N,03,C,,,,Y,C,Y,N,A,2,0,0,0,22350.0,4,34.93340031,-118.92561133,2
2011,2011-01-14,4,1,4,0,5,N,A,Y,A,H,D,G,25,W,08,F,,,,Y,A,Y,N,D,1,0,0,0,22107.0,1,35.35135047,-119.59857268,3
2011,2011-01-03,1825,1,4,18,1,Y,A,N,A,H,C,G,25,,08,B,,,,Y,C,N,N,A,1,0,0,0,22101.0,2,35.31773,-119.00312,4
2011,2011-01-22,855,1,4,8,6,Y,E,Y,A,H,A,D,22,,12,D,,,,Y,C,Y,N,A,1,0,0,0,22450.0,2,35.20858497,-119.00324356,4
2011,2011-01-19,1645,1,4,16,3,N,A,Y,A,H,A,I,09,W,03,C,,,,,C,N,N,D,1,0,0,0,22350.0,3,35.35266281,-119.03129781,4
2011,2011-01-22,1538,1,4,15,6,N,A,N,A,H,A,D,72,E,21,B,,,,,C,N,M,D,1,0,0,0,22106.0,2,35.20177522,-118.83418896,4
2011,2011-01-25,1830,1,4,18,2,N,E,Y,B,H,D,G,25,N,08,D,,,,Y,C,Y,N,D,1,0,0,0,22107.0,2,35.61580226,-119.74333811,4
2011,2011-01-22,840,1,4,8,6,N,E,Y,A,H,A,D,22,E,03,C,,,,Y,C,N,N,D,1,0,0,0,22350.0,2,35.15818496,-119.10689237,4
2011,2011-01-25,625,1,4,6,2,N,E,Y,A,H,B,D,22,S,03,C,,,,Y,C,Y,N,D,1,0,0,0,22350.0,2,35.47839622,-119.13632467,4
2011,2011-01-22,1510,1,4,15,6,N,A,N,A,H,A,D,22,W,08,C,,,,Y,C,N,N,D,1,0,0,0,22107.0,2,34.86359905,-118.27874194,4
2011,2011-02-05,1915,2,4,19,6,N,A,Y,A,H,D,F,55,S,08,E,,,,Y,I,Y,N,D,1,0,0,0,22107.0,1,35.39556559,-119.03104715,3
2011,2011-02-03,1750,2,4,17,4,N,A,Y,A,H,D,F,55,S,03,C,,,,Y,C,N,N,D,3,0,0,0,22350.0,2,35.30618079,-119.0333296,4
2011,2011-01-27,2323,1,4,23,4,N,E,Y,A,H,D,G,25,N,08,F,,,,Y,A,Y,N,D,2,0,0,0,22107.0,1,35.06230496,-119.00255234,3
2011,2011-02-03,1455,2,4,14,4,N,A,N,A,H,A,A,01,E,05,B,,,,Y,C,Y,N,D,2,0,0,0,21460.0,2,35.31626618,-117.97834398,2
2011,2011-02-06,1704,2,4,17,7,N,A,Y,A,H,B,G,25,W,03,C,,,,Y,C,Y,N,D,1,0,0,0,22350.0,2,35.11782897,-118.21550956,3
2011,2011-01-09,2200,1,4,22,7,N,E,Y,C,G,D,A,01,W,03,F,,,,,A,Y,N,D,1,0,0,0,22350.0,1,35.174255,-118.47958227,4
2011,2011-01-16,1640,1,4,16,7,N,A,N,A,H,A,C,02,W,08,F,,,Y,,A,Y,N,D,1,0,0,1,22107.0,1,35.22399683,-118.56756954,4
2011,2011-01-08,1505,1,4,15,6,N,A,N,A,H,A,C,02,S,01,F,,,Y,,A,Y,N,D,1,0,0,1,23152.0,1,35.55675231,-117.74871901,3
2011,2011-02-03,1150,2,4,11,4,N,A,N,A,H,A,G,25,N,03,E,,,,Y,I,Y,N,D,1,0,0,0,22350.0,1,35.47021241,-119.5848066,4
2011,2011-02-10,510,2,4,5,4,N,A,Y,A,H,D,A,01,S,08,B,,,,Y,C,Y,N,D,1,0,0,0,22107.0,3,35.23544936,-119.58344493,4
2011,2011-02-09,635,2,4,6,3,N,A,Y,A,H,A,G,25,N,07,C,,,,Y,D,Y,N,D,1,0,0,0,21658.0,2,34.84779176,-118.86913973,3
2011,2011-01-28,1130,1,4,11,5,N,A,N,A,H,A,D,22,W,08,E,,,,,I,Y,N,D,1,0,0,0,22107.0,1,35.41268302,-119.27512263,3
2011,2011-01-27,1705,1,4,17,4,N,A,Y,A,H,A,D,22,E,03,C,,,,,C,Y,N,D,1,0,0,0,22350.0,2,35.3524885,-118.98291232,4
2011,2011-01-30,1055,1,4,10,7,N,B,Y,A,H,A,A,07,N,03,E,,,,,I,Y,N,D,1,0,0,0,22350.0,1,35.37970148,-119.04470561,4
2011,2011-01-28,1700,1,4,17,5,N,A,Y,A,H,A,A,01,W,08,F,,,,,A,Y,N,D,1,0,0,0,22107.0,1,35.68887137,-118.23454216,4
2011,2011-01-30,1220,1,4,12,7,N,A,Y,A,H,A,D,22,E,03,E,,,,,I,N,N,D,1,0,0,0,22350.0,1,35.39200499,-118.97718237,3
2011,2011-02-05,1630,2,4,16,6,N,A,N,A,H,A,A,07,S,03,C,,,,,C,N,N,D,1,0,0,0,22350.0,2,35.40079525,-118.9941706,4
2011,2011-02-03,1545,2,4,15,4,Y,A,N,A,H,A,A,01,,09,D,,,,,C,Y,N,A,3,0,0,0,21802.0,2,35.41951,-119.03431,3
2011,2011-02-03,1810,2,4,18,4,N,A,Y,A,H,D,A,01,N,03,C,,,,,C,N,N,D,1,0,0,0,22350.0,3,35.34503971,-119.03943238,4
2011,2011-01-28,1910,1,4,19,5,N,E,N,B,H,C,A,01,S,03,B,,,,,C,N,N,D,2,0,0,0,22350.0,2,35.49989402,-119.26512289,4
2011,2011-01-20,1845,1,4,18,4,Y,A,N,A,H,C,A,01,,17,D,,,,,C,Y,N,A,2,0,0,0,21451.0,2,35.50606,-119.27833,4
2011,2011-01-22,750,1,4,7,6,N,E,N,B,H,A,A,01,S,03,C,,,,,C,Y,N,D,2,0,0,0,22350.0,3,35.49979854,-119.20577645,4
2011,2011-01-23,2155,1,4,21,7,N,A,N,A,H,C,D,22,W,05,A,,,,,E,Y,N,D,1,0,0,0,21650.0,2,35.49131104,-119.27663505,4
2011,2011-01-31,1515,1,4,15,1,N,A,N,A,H,A,A,08,S,03,C,,,,,C,Y,N,D,1,0,0,0,22350.0,2,35.37867632,-119.10999655,4
2011,2011-01-31,600,1,4,6,1,N,A,N,A,H,D,D,22,E,03,E,,,,,I,Y,N,D,1,0,0,0,22350.0,1,35.41973455,-119.19843773,4
2011,2011-01-29,5,1,4,0,6,N,A,Y,A,H,C,A,01,S,01,F,,,,,A,Y,N,D,1,0,0,0,23152.0,1,35.39672518,-118.92821957,3
2011,2011-02-01,730,2,4,7,2,N,A,Y,A,H,A,A,01,E,08,F,,,,,A,Y,N,D,1,0,0,0,22107.0,1,35.38341833,-119.22267413,4
2011,2011-01-14,2325,1,4,23,5,N,A,N,A,H,C,A,01,E,08,E,,,,,I,Y,N,D,1,0,0,0,22107.0,1,,,4
2011,2011-01-08,1535,1,4,15,6,N,A,Y,A,H,A,A,01,N,08,E,,,,,I,Y,N,D,1,0,0,0,22107.0,1,34.83736215,-118.86315044,4
2011,2011-02-15,1000,2,4,10,2,N,A,Y,A,H,A,F,27,W,03,C,,,,Y,C,N,N,D,1,0,0,0,22350.0,2,35.3526115,-119.01315558,4
2011,2011-02-12,1445,2,4,14,6,N,A,Y,A,E,A,G,25,N,03,C,,,,Y,C,Y,N,A,1,0,0,0,22350.0,2,35.41544933,-119.05864622,4
2011,2011-02-07,344,2,4,3,1,N,A,Y,A,H,C,G,25,E,08,E,,,,Y,I,Y,N,D,1,0,0,0,22107.0,1,35.35275916,-119.03767965,2
2011,2011-02-07,755,2,4,7,1,N,A,Y,A,H,A,G,25,W,07,B,,,,Y,C,N,N,D,1,0,0,0,21658.0,2,35.35240829,-119.01976323,4
2011,2011-01-12,1455,1,4,14,3,N,A,Y,A,H,A,D,22,E,08,E,,,,,I,Y,N,D,1,0,0,0,22107.0,1,35.46071844,-118.7759115,4
2011,2011-01-13,1810,1,4,18,4,N,A,N,A,H,C,A,01,S,01,C,,,,,C,Y,N,D,2,0,0,0,23152.0,2,35.36484621,-118.96763237,3
2011,2011-01-13,1745,1,4,17,4,N,A,Y,A,H,D,D,22,W,03,C,,,,,C,Y,N,D,1,0,0,0,22350.0,3,35.38347702,-119.16612352,4
2011,2011-01-13,840,1,4,8,4,Y,A,N,A,H,A,A,01,,08,E,,,,,I,Y,N,D,4,0,0,0,22107.0,1,35.32553,-118.8431,4
2011,2011-01-13,1905,1,4,19,4,N,A,N,A,H,C,A,01,W,05,A,,,,,C,N,N,D,2,0,0,0,21650.0,2,35.33856561,-119.01861071,4
2011,2011-01-13,650,1,4,6,4,N,A,N,A,H,A,A,07,S,08,E,,,,,J,Y,N,D,1,0,0,0,22107.0,1,35.68991384,-118.73141018,4
2011,2011-01-12,1255,1,4,12,3,N,A,N,A,H,A,D,22,E,01,C,,,,,C,N,N,A,1,0,0,0,23152.0,2,35.36243417,-118.9314723,4
2011,2011-01-16,1533,1,4,15,7,N,A,N,A,H,A,C,02,W,- ,F,,,Y,,A,N,N,D,1,0,0,1,,1,35.44110726,-119.03907895,4
2011,2011-01-15,1750,1,4,17,6,N,B,Y,A,H,D,A,01,S,08,E,,,,,I,Y,N,D,1,0,0,0,22107.0,1,35.71449927,-119.23578492,4
2011,2011-01-17,700,1,4,7,1,N,B,N,B,H,A,D,22,S,08,F,,,,,A,Y,N,D,1,0,0,0,22107.0,1,35.20736357,-118.91451895,4
2011,2011-01-13,1228,1,4,12,4,N,A,Y,A,H,A,A,01,N,03,C,,,,,C,Y,N,D,1,0,0,0,22350.0,3,35.3887856,-119.04471238,4
2011,2011-01-14,28,1,4,0,5,N,A,Y,A,H,D,A,07,E,08,E,,,,,I,Y,N,D,2,0,0,0,22107.0,1,35.35247823,-119.02697586,3
2011,2011-01-11,1900,1,4,19,2,Y,A,N,A,H,C,A,08,,09,A,,,,,C,Y,N,D,1,0,0,0,21801.0,2,35.41951,-119.03431,4
2011,2011-01-02,1430,1,4,14,7,Y,C,N,B,H,A,A,01,,12,D,,,,,C,Y,N,A,1,0,0,0,21453.0,2,35.4086,-119.03001,3
2011,2011-01-05,415,1,4,4,3,Y,E,N,A,H,D,A,01,,09,D,,,,,C,Y,N,A,1,0,0,0,21802.0,2,35.25224,-119.00301,4
2011,2011-01-08,1740,1,4,17,6,N,A,N,A,H,D,L,04,E,14,B,,Y,,,G,N,N,D,1,0,1,0,21201.0,2,35.29596355,-118.93023545,4
2011,2011-01-05,1504,1,4,15,3,Y,A,N,A,H,A,A,01,,09,D,,,,,C,Y,N,A,3,0,0,0,21802.0,4,35.37573,-118.96306,4
2011,2011-01-07,2140,1,4,21,5,N,A,N,A,H,C,A,01,S,01,E,,,,,I,Y,M,D,1,0,0,0,23152.0,1,35.23865639,-118.91885309,3
2011,2011-01-22,1713,1,4,17,6,N,A,N,A,H,B,A,01,S,01,B,,,,,C,Y,N,D,2,0,0,0,23152.0,3,35.67835195,-119.23807029,4
2011,2011-01-04,1537,1,4,15,2,N,A,Y,A,H,A,A,01,W,08,F,,,,,A,Y,N,D,1,0,0,0,22107.0,1,35.00987501,-117.88608215,3
2011,2011-01-10,1600,1,4,16,1,N,B,N,A,H,A,D,22,E,21,D,,,,,C,Y,N,D,1,0,0,0,22106.0,2,35.77594152,-119.16808314,4
2011,2011-01-13,615,1,4,6,4,Y,A,N,A,H,C,-,- ,,09,D,,,,,C,Y,N,A,1,0,0,0,21802.0,2,35.42696005,-119.13663994,4
2011,2011-01-28,1714,1,4,17,5,N,A,Y,A,H,A,A,01,N,01,E,,,,,J,Y,N,D,1,0,0,0,23152.0,1,35.10880325,-119.05267102,4
2011,2011-01-09,530,1,4,5,7,Y,E,N,A,H,D,A,01,,03,E,,,,,I,Y,N,A,1,0,0,0,22350.0,1,35.14854,-118.49478,4
2011,2011-01-09,2034,1,4,20,7,N,B,Y,B,H,D,A,01,E,08,E,,,,,I,Y,N,D,2,0,0,0,22107.0,1,35.10509089,-118.26205404,4
2011,2011-01-09,2140,1,4,21,7,N,E,Y,C,H,D,A,01,E,03,F,,,,,A,Y,N,D,2,0,0,0,22350.0,1,35.18161994,-118.49124175,3
2011,2011-01-01,5,1,4,0,6,N,A,N,A,H,D,A,07,E,01,E,,,,,J,Y,N,D,1,0,0,0,23152.0,1,34.86380498,-118.23455901,3
2011,2011-01-22,1730,1,4,17,6,N,A,N,A,H,B,A,01,E,09,D,,,Y,,C,Y,N,D,1,0,0,1,21804.0,2,35.40860581,-119.02079722,3
2011,2011-01-27,1435,1,4,14,4,N,A,Y,A,H,A,A,01,S,08,E,,,,,I,Y,N,D,1,0,0,0,22107.0,1,35.55737977,-119.3319765,4
2011,2011-01-13,1635,1,4,16,4,N,A,Y,A,H,A,A,07,N,08,F,,,,,A,Y,N,D,3,0,0,0,22107.0,1,35.64824056,-119.67710172,3
2011,2011-01-18,2230,1,4,22,2,N,A,N,A,H,D,A,01,E,08,F,,,,,A,Y,N,D,1,0,0,0,22107.0,1,35.291305,-118.6416966,2
2011,2011-01-19,1450,1,4,14,3,N,A,N,A,H,A,D,22,E,05,A,,,,,C,Y,N,D,1,0,0,0,21650.0,2,35.37930048,-118.930671,4
2011,2011-01-11,440,1,4,4,2,N,A,Y,A,H,D,D,22,S,08,E,,,,,I,Y,N,D,1,0,0,0,22107.0,1,34.82790366,-118.87099381,3
2011,2011-01-10,820,1,4,8,1,N,A,N,C,H,A,A,01,N,03,E,,,,,I,Y,N,A,2,0,0,0,22350.0,1,34.86618994,-118.88360094,4
2011,2011-01-06,1645,1,4,16,4,N,A,Y,A,H,D,D,22,N,21,C,,,,,C,N,N,D,1,0,0,0,22106.0,2,34.83413494,-118.86459114,4
2011,2011-01-06,1837,1,4,18,4,N,A,Y,A,H,D,A,07,S,03,C,,,,,C,N,N,D,1,0,0,0,22350.0,2,34.82790366,-118.87099381,4
2011,2011-01-19,2130,1,4,21,3,N,A,N,A,H,D,A,08,N,03,E,,,,,I,Y,N,A,1,0,0,0,22350.0,1,35.10101084,-119.31408293,4
2011,2011-01-19,2155,1,4,21,3,N,A,N,A,H,D,D,22,W,01,A,,,,,C,Y,N,D,4,0,0,0,23152.0,2,35.35439056,-119.25880254,2
2011,2011-01-17,940,1,4,9,1,N,B,Y,A,H,A,A,07,N,08,F,,,,,A,Y,N,D,1,0,0,0,22107.0,1,35.58122267,-119.62178789,4
2011,2011-02-23,1050,2,4,10,3,N,A,Y,A,H,A,F,26,W,08,E,,,,Y,I,Y,N,D,1,0,0,0,22107.0,1,35.47413502,-118.72945735,3
2011,2011-02-13,515,2,4,5,7,N,A,Y,A,H,C,A,07,E,07,B,,,,Y,C,Y,N,D,1,0,0,0,21658.0,2,35.28546534,-118.73553203,3
2011,2011-01-06,1830,1,4,18,4,N,A,Y,A,H,C,A,01,W,08,C,,,,,C,Y,N,A,1,0,0,0,22107.0,2,35.12430499,-118.48619702,4
2011,2011-01-01,400,1,4,4,6,N,A,Y,A,H,D,A,01,S,01,F,,,,,A,Y,N,D,1,0,0,0,23152.0,1,35.46372056,-119.71188014,3
2011,2011-01-06,555,1,4,5,4,N,A,Y,A,H,D,D,22,W,08,E,,,,,I,Y,N,D,1,0,0,0,22107.0,1,35.6158994,-119.7251303,3
2011,2011-01-05,1635,1,4,16,3,N,B,Y,A,H,A,D,22,E,05,B,,,,Y,C,Y,N,D,2,0,0,0,21650.0,3,35.05807925,-119.25520197,3
2011,2011-01-06,1740,1,4,17,4,N,A,Y,A,H,D,A,01,S,08,F,,,,,A,Y,N,D,1,0,0,0,22107.0,1,35.00333538,-119.42113255,3
2011,2011-01-05,1455,1,4,14,3,N,B,N,A,H,A,A,01,N,08,E,,,,,I,Y,N,D,2,0,0,0,22107.0,1,35.29441897,-119.46532945,3
2011,2011-01-03,745,1,4,7,1,N,A,Y,A,H,A,A,01,E,03,C,,,,,C,Y,N,D,1,0,0,0,22350.0,2,35.26714372,-119.10799999,4
2011,2011-01-03,1718,1,4,17,1,N,A,N,A,H,C,D,22,N,03,C,,,,,C,Y,N,D,1,0,0,0,22350.0,3,35.41105295,-119.03908252,4
2011,2011-01-01,1645,1,4,16,6,Y,B,N,B,H,B,D,22,,01,D,,,,,C,Y,N,A,2,0,0,0,23152.0,2,35.22356,-118.8423,2
2011,2011-01-04,740,1,4,7,2,N,A,Y,A,H,A,A,01,W,03,C,,,,,C,N,N,D,1,0,0,0,22350.0,2,35.38325862,-119.07651931,4