ACCIDENT_YEAR,COLLISION_DATE,COLLISION_TIME,MONTH,SEASON,24HOURS,DAY_OF_WEEK,INTERSECTION,WEATHER_1,STATE_HWY_IND,ROAD_SURFACE,ROAD_COND_1,LIGHTING,STWD_VEHTYPE_AT_FAULT,CHP_VEHTYPE_AT_FAULT,DIRECTION,PCF_VIOL_CATEGORY,TYPE_OF_COLLISION,PEDESTRIAN_ACCIDENT,BICYCLE_ACCIDENT,MOTORCYCLE_ACCIDENT,TRUCK_ACCIDENT,MVIW,TOW_AWAY,HIT_AND_RUN,CONTROL_DEVICE,NUMBER_INJURED,COUNT_PED_INJURED,COUNT_BICYCLIST_INJURED,COUNT_MC_INJURED,PCF_VIOLATION,PARTY_COUNT,POINT_Y,POINT_X,COLLISION_SEVERITY
2011,2011-02-24,1620,2,4,16,4,N,B,Y,A,H,A,D,22,S,03,C,,,,,C,Y,N,D,2,0,0,0,22350.0,3,35.32503097,-119.03826689,4
2011,2011-02-17,2215,2,4,22,4,Y,A,N,A,H,D,-,- ,,17,B,,,,,C,N,N,D,2,0,0,0,24250.0,2,35.36864002,-118.95728993,3
2011,2011-03-17,635,3,1,6,4,N,A,Y,A,H,B,E,22,W,09,D,,,,,C,Y,N,D,2,0,0,0,21801.0,3,35.26748499,-119.28340503,3
2011,2011-03-15,1700,3,1,17,2,N,A,Y,A,H,A,A,01,W,05,B,,,,,C,Y,N,D,1,0,0,0,21460.0,2,35.250355,-119.3394206,2
2011,2011-03-12,726,3,1,7,6,Y,A,N,A,H,A,D,22,,12,D,,,,,C,Y,N,A,1,0,0,0,21453.0,2,35.31767,-119.04794,3
2011,2011-02-28,1920,2,4,19,1,Y,A,N,A,H,C,I,11,,12,D,,,,,C,Y,N,A,1,0,0,0,21453.0,2,35.39048,-119.01055,4
2011,2011-03-27,42,3,1,0,7,Y,A,N,A,H,C,A,01,,01,A,,,,,C,Y,N,A,2,0,0,0,23152.0,2,35.31817,-119.07448,3
2011,2011-03-20,1250,3,1,12,7,N,B,N,A,H,A,D,22,E,09,D,,,,,C,N,N,D,2,0,0,0,21804.0,2,35.39765528,-118.94975131,4
2011,2011-02-17,1536,2,4,15,4,N,A,N,A,H,A,A,,,09,H,,,,,C,N,N,A,1,0,0,0,21802.0,2,35.76885,-119.25525,4
2011,2011-02-11,1620,2,4,16,5,N,A,N,A,H,A,A,,,09,H,,,,,C,Y,N,A,2,0,0,0,21804.0,2,35.76811,-119.25139,4
2011,2011-02-10,1320,2,4,13,4,Y,A,N,A,H,A,A,,,12,H,,,,,C,N,N,A,1,0,0,0,22450.0,2,35.77952,-119.24692,4
2011,2011-02-04,1221,2,4,12,5,N,A,N,A,H,A,A,,,03,C,,,,,C,Y,N,A,1,0,0,0,22350.0,3,35.7758,-119.25614,4
2011,2011-02-18,1922,2,4,19,5,N,B,N,B,H,C,A,,E,09,A,,,,,C,N,N,D,1,0,0,0,21801.0,2,35.79037471,-119.24095203,4
2011,2011-02-05,1505,2,4,15,6,Y,A,N,A,H,A,A,01,,01,A,,,,,I,Y,N,D,1,0,0,0,23152.0,4,35.13056,-118.4527,2
2011,2011-02-16,1759,2,4,17,3,Y,A,N,A,H,C,A,01,,04,C,,,,,C,Y,N,D,2,0,0,0,21703.0,2,35.1243,-118.45342,4
2011,2011-03-17,1500,3,1,15,4,N,A,N,A,H,A,F,27,N,12,D,,,,Y,C,Y,N,D,1,0,0,0,22450.0,2,35.49977397,-119.18672538,4
2011,2011-03-25,1610,3,1,16,5,N,A,Y,A,H,A,A,01,S,01,C,,,,Y,C,Y,N,D,1,0,0,0,23152.0,2,35.28872058,-119.0287392,3
2011,2011-03-24,2220,3,1,22,4,Y,A,Y,A,H,C,D,22,,01,D,,,,,C,Y,N,D,3,0,0,0,23153.0,2,35.38353498,-119.12043401,3
2011,2011-03-28,1155,3,1,11,1,N,B,N,A,H,A,A,01,W,03,C,,,,,C,Y,F,D,1,0,0,0,22350.0,2,35.36304736,-118.9339748,4
2011,2011-03-18,610,3,1,6,5,N,A,N,A,H,C,A,01,W,03,C,,,,,C,Y,N,D,1,0,0,0,22350.0,2,34.86441469,-118.16470214,3
2011,2011-03-23,1815,3,1,18,3,N,B,Y,B,H,A,A,01,N,08,A,,,,,C,Y,N,D,1,0,0,0,22107.0,3,35.20964814,-118.9144996,2
2011,2011-03-28,1950,3,1,19,1,Y,B,Y,A,H,C,D,22,,09,D,,,,,C,Y,N,D,2,0,0,0,21801.0,2,35.38342337,-119.1313964,4
2011,2011-03-25,1510,3,1,15,5,N,A,Y,A,H,A,D,22,S,03,C,,,,,C,Y,N,D,1,0,0,0,22350.0,2,35.35129476,-119.03961949,4
2011,2011-03-23,1535,3,1,15,3,N,B,Y,B,H,A,D,22,W,03,C,,,,,C,Y,N,D,2,0,0,0,22350.0,3,35.38321498,-119.06121238,4
2011,2011-03-06,1557,3,1,15,7,N,B,N,A,H,A,D,22,E,01,C,,,,,C,Y,N,A,1,0,0,0,23152.0,2,35.32401334,-119.10463209,4
2011,2011-01-28,1852,1,4,18,5,Y,A,N,A,H,A,D,22,,09,A,,,,,C,Y,N,A,1,0,0,0,21801.0,2,35.37815,-119.01892,4
2011,2011-02-26,39,2,4,0,6,Y,C,Y,B,H,C,A,01,,12,D,,,,,C,Y,M,A,1,0,0,0,21453.0,3,35.32167498,-119.03739237,4
2011,2011-01-21,1508,1,4,15,5,N,A,N,A,H,A,D,22,S,03,C,,,,,C,N,N,A,1,0,0,0,22350.0,3,35.38191932,-119.02121238,4
2011,2011-02-18,1925,2,4,19,5,N,C,Y,B,H,C,D,22,W,03,C,,,,,C,Y,N,A,1,0,0,0,22350.0,2,35.29835498,-119.03103237,4
2011,2011-02-17,1754,2,4,17,4,N,A,N,A,H,C,A,01,W,03,C,,,,,C,Y,N,A,1,0,0,0,22350.0,2,35.36836499,-119.01913322,4
2011,2011-02-26,2117,2,4,21,6,Y,A,N,A,H,C,D,22,,12,D,,,,,C,Y,N,A,1,0,0,0,21453.0,3,35.30308,-119.03906,4
2011,2011-01-20,1638,1,4,16,4,N,B,N,A,H,A,D,22,W,08,B,,,,,C,Y,M,D,1,0,0,0,22107.0,2,35.33950498,-119.03035134,3
2011,2011-03-29,1730,3,1,17,2,N,A,N,A,H,A,D,22,E,03,C,,,,,C,Y,N,D,1,0,0,0,22350.0,2,35.29605793,-118.91786703,4
2011,2011-03-30,755,3,1,7,3,N,A,Y,A,H,A,D,22,S,03,C,,,,,C,N,N,D,1,0,0,0,22350.0,2,35.30910139,-119.03388909,4
2011,2011-03-14,2240,3,1,22,1,N,A,Y,A,H,C,A,01,E,03,C,,,,Y,C,Y,N,D,1,0,0,0,22350.0,2,35.34467554,-118.87231589,2
2011,2011-03-29,1455,3,1,14,2,N,A,N,A,H,A,A,07,S,03,C,,,,Y,C,Y,N,D,1,0,0,0,22350.0,2,35.34706781,-118.87871235,4
2011,2011-03-31,518,3,1,5,4,N,A,N,A,H,C,A,01,S,09,D,,,,Y,C,N,N,A,1,0,0,0,21802.0,2,35.34485383,-119.0390033,4
2011,2011-03-31,600,3,1,6,4,N,A,Y,A,H,B,D,22,S,03,C,,,,,C,N,N,D,1,0,0,0,22350.0,2,35.39687668,-119.39441014,4
2011,2011-03-25,1715,3,1,17,5,Y,A,N,A,H,A,D,22,,09,D,,,,,C,Y,N,D,1,0,0,0,21800.0,2,35.13349,-119.46919,4
2011,2011-03-25,1025,3,1,10,5,N,B,N,A,H,A,A,01,E,03,C,,,,,C,N,N,D,2,0,0,0,22350.0,2,35.37577499,-118.96014951,4
2011,2011-03-29,1505,3,1,15,2,N,A,N,A,H,A,D,22,N,08,E,,,,,I,Y,N,D,1,0,0,0,22107.0,1,35.74193192,-118.42486203,3
2011,2011-02-23,1325,2,4,13,3,Y,A,Y,A,H,A,E,22,,09,D,,,,,C,Y,N,D,2,0,0,0,21801.0,2,35.2641924,-118.65859439,3
2011,2011-03-08,1740,3,1,17,2,N,A,N,A,H,A,A,01,S,03,C,,,,,C,Y,N,D,1,0,0,0,22350.0,4,35.46857142,-119.23213057,4
2011,2011-03-09,550,3,1,5,3,N,A,Y,A,H,B,D,22,W,03,C,,,,,C,Y,N,D,1,0,0,0,22350.0,2,35.20889449,-118.86031872,4
2011,2011-03-10,710,3,1,7,4,N,A,N,A,H,A,D,22,W,03,C,,,,,C,N,N,D,1,0,0,0,22350.0,2,35.35422882,-118.93294007,4
2011,2011-03-01,820,3,1,8,2,N,A,N,A,H,A,A,07,S,03,C,,,,,C,Y,N,D,1,0,0,0,22350.0,2,35.42420109,-119.03016238,4
2011,2011-03-02,1841,3,1,18,3,Y,C,N,B,H,D,A,01,,12,D,,,,,C,Y,N,A,2,0,0,0,22450.0,2,35.3104,-118.98546,4
2011,2011-03-03,147,3,1,1,4,N,B,Y,B,H,C,A,01,N,01,E,,,,,I,Y,N,A,1,0,0,0,23152.0,1,35.39557499,-118.96416237,3
2011,2011-03-02,1725,3,1,17,3,Y,C,N,B,H,A,A,01,,09,D,,,,,C,N,N,A,1,0,0,0,21801.0,2,35.33181,-119.06012,4
2011,2011-01-25,1631,1,4,16,2,Y,A,N,A,H,A,-,- ,,12,D,,,,,C,N,N,A,1,0,0,0,21453.0,3,35.3563,-119.0613,4
2011,2011-02-03,1246,2,4,12,4,N,A,N,A,H,A,A,01,N,08,F,,,Y,,A,Y,N,D,1,0,0,1,22107.0,2,35.40861975,-118.96770019,3
2011,2011-02-19,1829,2,4,18,6,Y,C,N,B,H,C,A,01,,08,E,,,,,I,Y,N,D,1,0,0,0,22107.0,1,35.31895,-119.12809,4
2011,2011-02-14,1449,2,4,14,1,N,A,N,A,H,A,A,01,W,03,C,,,,,C,Y,N,A,2,0,0,0,22350.0,2,35.38396244,-119.00084636,4
2011,2011-02-24,1821,2,4,18,4,Y,B,N,A,H,C,A,07,,12,A,,,,,C,Y,N,A,1,0,0,0,21453.0,2,35.35923764,-119.11596179,4
2011,2011-02-22,1918,2,4,19,2,Y,A,N,A,H,C,A,01,,10,G,Y,,,,B,N,N,A,1,1,0,0,21950.0,3,35.37692,-118.99297,4
2011,2011-02-07,1425,2,4,14,1,Y,A,N,A,H,A,A,01,,12,D,,,,,C,Y,N,A,1,0,0,0,21453.0,2,35.31761,-119.03901,4
2011,2011-02-15,1735,2,4,17,2,Y,A,N,A,H,C,A,01,,12,D,,,,,C,Y,N,A,1,0,0,0,21453.0,2,35.36109,-119.06022,4
2011,2011-02-09,735,2,4,7,3,N,A,N,A,H,A,A,01,S,21,C,,,,,C,N,N,A,1,0,0,0,22106.0,2,35.28131478,-119.02134591,4
2011,2011-04-06,547,4,1,5,3,N,A,Y,A,H,B,A,07,S,03,C,,,,,C,Y,N,D,3,0,0,0,22350.0,2,35.29421906,-119.25255484,4
2011,2011-04-02,1850,4,1,18,6,N,A,N,A,H,A,A,01,N,03,C,,,,,C,N,N,D,2,0,0,0,22350.0,2,35.34730377,-119.04348931,4
2011,2011-04-07,1545,4,1,15,4,N,B,Y,B,H,A,A,01,W,03,C,,,,,C,Y,N,D,2,0,0,0,22350.0,3,35.38346717,-119.18479903,3
2011,2011-04-06,1655,4,1,16,3,Y,A,N,A,H,A,A,01,,09,D,,,,,C,Y,N,D,2,0,0,0,21801.0,2,35.36135,-118.95532,3
2011,2011-03-23,1413,3,1,14,3,Y,-,N,-,-,-,A,08,,12,-,,,,,-,N,N,-,1,0,0,0,22450.0,3,35.67796,-119.23914,3
2011,2011-02-28,1427,2,4,14,1,Y,A,N,A,H,A,A,01,,11,G,Y,,,,B,N,N,D,1,1,0,0,21950.0,2,35.2045,-118.82871,4
2011,2011-03-21,1915,3,1,19,1,N,A,N,C,H,D,D,22,W,03,E,,,,,I,Y,N,D,1,0,0,0,22350.0,1,34.82049154,-118.93046576,4
2011,2011-02-26,825,2,4,8,6,N,B,N,B,H,A,A,01,N,01,E,,,,,I,Y,N,D,1,0,0,0,23152.0,1,35.00018818,-118.84672386,3
2011,2011-03-04,755,3,1,7,5,N,A,N,A,H,A,D,22,E,03,G,Y,,Y,,B,N,N,D,1,1,0,0,22350.0,3,35.40493879,-119.02865825,3
2011,2011-03-04,1455,3,1,14,5,N,A,N,A,H,A,A,07,W,09,D,,,,,C,N,N,D,2,0,0,0,21804.0,2,35.40860756,-119.02163511,4
2011,2011-02-05,1334,2,4,13,6,Y,A,N,A,H,A,E,22,,12,D,,,,,C,Y,N,A,5,0,0,0,21453.0,3,,,4
2011,2011-02-19,431,2,4,4,6,Y,A,N,A,H,C,D,22,,01,F,,,,,C,Y,N,A,1,0,0,0,23152.0,2,35.3563,-119.0613,3
2011,2011-03-04,1630,3,1,16,5,N,A,N,A,H,A,E,22,N,17,F,,,,,A,Y,N,D,1,0,0,0,23114.0,2,35.20990995,-118.86016479,4
2011,2011-03-07,1545,3,1,15,1,N,A,N,A,H,A,N,60,E,22,G,Y,,,,B,N,N,D,1,1,0,0,,2,35.38302153,-118.97632852,3
2011,2011-01-29,1744,1,4,17,6,Y,A,N,A,H,C,A,07,,09,D,,,,,C,Y,N,A,1,0,0,0,21801.0,2,35.3753,-119.02357,3
2011,2011-03-04,805,3,1,8,5,Y,A,N,A,H,A,A,01,,03,C,,,,,C,Y,N,D,1,0,0,0,22350.0,2,35.41518,-119.05277,4
2011,2011-03-03,657,3,1,6,4,N,A,Y,A,H,A,A,07,W,08,E,,,,,I,Y,N,D,1,0,0,0,22107.0,1,35.2671898,-119.1345932,3
2011,2011-03-06,2245,3,1,22,7,N,B,N,A,H,C,-,- ,W,18,H,,,,,A,N,N,D,1,0,0,0,,1,35.30312498,-118.99874257,4
2011,2011-03-06,1720,3,1,17,7,N,B,N,A,H,A,A,01,E,08,F,,,,,I,Y,N,D,1,0,0,0,22107.0,1,35.42777,-118.96776,4
2011,2011-03-02,2210,3,1,22,3,N,C,Y,B,H,C,A,01,N,03,E,,,,,I,Y,N,D,1,0,0,0,22350.0,1,35.36892817,-119.04229432,4
2011,2011-03-02,800,3,1,8,3,N,B,N,B,H,A,A,01,W,03,C,,,,,C,Y,N,D,1,0,0,0,22350.0,3,35.25241217,-118.90991263,3
2011,2011-02-15,1825,2,4,18,2,N,A,N,A,H,C,L,04,S,01,D,,Y,,,G,N,M,D,1,0,1,0,21200.0,2,35.25461062,-118.92101892,3
2011,2011-02-21,1235,2,4,12,1,Y,A,N,A,H,A,A,01,,03,B,,,,,C,N,N,D,1,0,0,0,22350.0,2,35.39023,-118.99151,4
2011,2011-02-20,1825,2,4,18,7,N,A,N,A,H,C,N,60,N,11,G,Y,,,,B,N,N,D,1,1,0,0,21954.0,2,35.3636642,-119.03893511,3
2011,2011-02-25,1300,2,4,13,5,N,A,N,A,H,A,A,01,S,04,C,,,,,C,N,N,A,1,0,0,0,21703.0,3,35.39276717,-118.96740317,4
2011,2011-01-19,730,1,4,7,3,Y,A,Y,A,H,B,D,22,,09,D,,,,,C,Y,N,A,2,0,0,0,21800.0,2,35.6224851,-117.66106217,4
2011,2011-01-31,1520,1,4,15,1,N,A,N,A,H,A,-,- ,S,18,E,,,,,I,Y,N,D,1,0,0,0,,1,35.6234787,-117.67663093,3
2011,2011-03-07,1250,3,1,12,1,Y,A,N,A,H,A,D,23,,10,G,Y,,,,B,Y,N,A,1,1,0,0,21950.0,2,35.37528,-119.02006,4
2011,2011-03-11,1656,3,1,16,5,N,A,N,A,H,A,A,07,E,01,C,,,,,C,Y,N,D,1,0,0,0,23152.0,4,35.33216123,-119.05815614,4
2011,2011-02-23,1643,2,4,16,3,N,A,N,A,H,A,D,22,S,01,E,,,,,I,Y,N,D,1,0,0,0,23152.0,1,35.35910639,-118.9980215,3
2011,2011-03-02,1130,3,1,11,3,Y,B,N,A,H,A,-,- ,,12,D,,,,,C,Y,N,A,2,0,0,0,21453.0,2,35.3763,-119.0386,4
2011,2011-03-01,1839,3,1,18,2,N,A,N,A,H,C,N,60,E,11,G,Y,,,,B,Y,F,D,1,1,0,0,21954.0,2,35.36848004,-119.03333511,3
2011,2011-02-24,2306,2,4,23,4,N,A,N,A,H,C,A,01,S,03,E,,,,,I,Y,N,D,1,0,0,0,22350.0,1,35.31182027,-119.03318167,4
2011,2011-02-28,1115,2,4,11,1,N,A,N,A,H,A,A,01,E,10,G,Y,,,,B,N,N,A,1,1,0,0,21950.0,2,35.35334526,-119.11506498,4
2011,2011-02-04,1533,2,4,15,5,Y,A,N,A,H,A,A,08,,09,D,,,,,C,N,N,A,2,0,0,0,21802.0,2,35.3781,-119.00945,3
2011,2011-02-12,1926,2,4,19,6,N,A,N,A,H,C,N,60,W,11,G,Y,,,,I,Y,N,A,1,1,0,0,21456.0,2,35.339434,-119.03013929,4
2011,2011-02-23,2031,2,4,20,3,N,A,N,A,H,C,A,01,S,08,D,,,,,C,Y,N,A,3,0,0,0,22103.0,2,35.29164349,-119.01189923,3
2011,2011-02-28,1115,2,4,11,1,N,A,N,A,H,A,A,01,N,03,C,,,,,C,N,N,A,1,0,0,0,22350.0,3,35.39336482,-118.9676106,4
2011,2011-03-09,1756,3,1,17,3,Y,A,N,A,H,B,A,01,,08,D,,,Y,,C,N,N,D,1,0,0,1,22103.0,2,35.29099,-119.05499,3
2011,2011-03-09,1357,3,1,13,3,Y,A,N,A,H,A,L,04,,05,D,,Y,,,G,N,N,A,1,0,1,0,21202.0,2,35.3539,-118.99087,3
2011,2011-03-03,718,3,1,7,4,N,B,N,A,H,A,A,01,W,03,C,,,,,C,Y,N,D,1,0,0,0,22350.0,2,35.33142075,-119.06224397,4
2011,2011-03-04,1739,3,1,17,5,Y,A,N,A,H,B,A,01,,09,D,,,,,C,Y,N,D,1,0,0,0,21802.0,2,35.31816,-119.06923,4
2011,2011-03-05,305,3,1,3,6,Y,A,N,A,H,C,-,- ,,12,D,,,,,C,Y,N,A,4,0,0,0,21453.0,2,35.36837,-118.99599,3
2011,2011-03-05,1636,3,1,16,6,N,A,Y,A,H,A,A,07,W,03,C,,,,,C,Y,N,D,1,0,0,0,22350.0,2,35.29260498,-119.02952237,4
2011,2011-03-05,2245,3,1,22,6,N,A,N,A,H,C,A,07,N,01,B,,,,,C,Y,N,D,1,0,0,0,23152.0,2,35.30514293,-119.03908024,4
2011,2011-03-08,1105,3,1,11,2,Y,A,N,A,H,A,L,04,,05,D,,Y,,,G,N,N,A,1,0,1,0,21650.0,2,35.31816,-119.06923,4
2011,2011-03-01,840,3,1,8,2,N,A,N,A,H,A,N,60,S,11,G,Y,,,,B,,F,D,1,1,0,0,21955.0,1,35.40240347,-118.93013835,4
2011,2011-03-05,217,3,1,2,6,N,A,N,A,H,C,N,60,E,11,G,Y,,,,B,N,F,D,1,1,0,0,21954.0,2,35.37978433,-119.00464748,4
2011,2011-03-19,2129,3,1,21,6,N,C,N,B,H,C,A,01,N,01,E,,,,,I,Y,N,D,3,0,0,0,23152.0,1,35.20756481,-118.82416925,3
2011,2011-03-15,1454,3,1,14,2,Y,A,N,A,H,A,A,01,,09,B,,,,,C,N,N,A,1,0,0,0,21802.0,2,35.20909,-118.83767,3
2011,2011-03-22,910,3,1,9,2,Y,B,N,A,H,A,D,22,,12,D,,,,,C,Y,N,A,1,0,0,0,22450.0,2,35.37532,-119.02939,3
2011,2011-02-27,1544,2,4,15,7,N,A,N,A,H,A,A,01,S,03,C,,,,,C,N,N,D,1,0,0,0,22350.0,2,35.31128017,-119.01186579,4
2011,2011-03-24,1755,3,1,17,4,N,B,N,A,H,A,D,22,S,03,D,,,,,C,Y,N,D,5,0,0,0,22350.0,2,35.35684337,-118.98529615,4
2011,2011-03-21,1955,3,1,19,1,N,C,N,B,H,C,A,01,W,01,G,Y,,,,B,Y,M,D,1,1,0,0,23152.0,3,35.32497219,-119.04373347,4
2011,2011-03-20,1443,3,1,14,7,Y,C,N,B,H,A,A,01,,12,D,,,,,C,Y,N,A,1,0,0,0,21453.0,2,35.33971,-119.11454,4
2011,2011-04-02,2142,4,1,21,6,Y,A,N,A,H,C,A,01,,01,D,,,,,C,Y,F,A,1,0,0,0,23152.0,3,35.37528,-119.02123,4
2011,2011-03-12,1735,3,1,17,6,Y,A,N,A,H,A,-,- ,,00,D,,,,,C,Y,N,A,1,0,0,0,,2,35.59694,-119.34265,4
2011,2011-03-07,1452,3,1,14,1,Y,A,N,A,H,A,-,- ,,01,C,,,,,C,Y,N,D,1,0,0,0,23152.0,2,35.59828003,-119.35806988,4
2011,2011-02-15,1140,2,4,11,2,N,-,N,A,H,A,-,- ,S,00,D,,,,,-,Y,N,D,1,0,0,0,,2,35.58954229,-119.33830954,3
2011,2011-04-07,730,4,1,7,4,N,A,Y,A,D,A,F,26,S,03,C,,,,Y,C,N,N,A,1,0,0,0,22350.0,2,35.42225271,-119.06136427,4
2011,2011-04-10,355,4,1,3,7,N,A,N,A,H,D,A,01,E,01,C,,,,,E,Y,N,D,1,0,0,0,23152.0,3,35.38348848,-118.97823885,3
2011,2011-04-07,1335,4,1,13,4,N,B,Y,B,H,A,F,26,N,08,F,,,,Y,A,Y,N,D,1,0,0,0,22107.0,1,35.56381757,-119.19948369,4
2011,2011-04-07,1330,4,1,13,4,N,B,Y,B,H,A,G,25,S,08,B,,,,Y,C,Y,N,D,1,0,0,0,22107.0,2,35.55323499,-119.19699242,4
2011,2011-03-27,240,3,1,2,7,N,C,N,B,H,D,D,22,E,01,E,,,,,I,Y,N,D,1,0,0,0,23152.0,1,35.13080535,-119.45982231,3
2011,2011-04-10,2140,4,1,21,7,N,A,Y,A,H,D,D,22,E,01,E,,,,,I,Y,N,D,1,0,0,0,23152.0,1,35.38344429,-119.2345434,3
2011,2011-04-12,115,4,1,1,2,N,B,N,A,H,D,D,22,W,08,E,,,,,I,Y,N,D,1,0,0,0,22107.0,1,35.35432786,-119.22174212,4
2011,2011-01-23,1114,1,4,11,7,N,A,N,A,H,A,A,01,E,21,D,,,,,C,Y,N,D,4,0,0,0,22106.0,2,35.31037444,-119.01405287,3
2011,2011-03-20,1443,3,1,14,7,N,C,Y,B,H,A,A,01,S,03,F,,,,,A,Y,N,D,1,0,0,0,22350.0,1,35.49999913,-119.16368995,4
2011,2011-03-18,150,3,1,1,5,N,A,N,A,H,C,A,01,N,08,G,Y,,,,B,N,F,D,1,1,0,0,22107.0,2,35.37952762,-118.97018536,3
2011,2011-03-17,810,3,1,8,4,Y,A,N,A,H,A,-,99,,10,G,Y,,,,B,N,F,A,1,1,0,0,21950.0,2,35.41958,-119.02128,3
2011,2011-03-08,1512,3,1,15,2,N,A,N,A,H,A,A,01,W,03,C,,,,,C,Y,N,D,2,0,0,0,22350.0,2,35.38690247,-119.09369438,4
2011,2011-03-12,1705,3,1,17,6,N,A,N,A,H,A,A,01,E,09,H,Y,,,,B,N,N,D,1,1,0,0,21804.0,2,35.41040499,-119.04201909,3
2011,2011-03-11,1915,3,1,19,5,Y,A,Y,A,H,C,A,01,,12,D,,,,,C,N,N,A,1,0,0,0,21453.0,2,35.39364499,-118.97044237,4
2011,2011-03-17,1150,3,1,11,4,N,A,N,A,H,A,A,01,W,03,C,,,,,C,Y,N,D,2,0,0,0,22350.0,2,35.37577499,-118.95877987,4
2011,2011-03-11,2220,3,1,22,5,Y,A,N,A,H,C,A,01,,09,A,,,,,C,Y,N,A,2,0,0,0,21802.0,2,35.41972006,-119.13034991,4
2011,2011-03-18,35,3,1,0,5,N,A,N,A,H,D,A,01,E,08,E,,,,,I,Y,N,D,1,0,0,0,22107.0,1,35.29628481,-118.87148511,3
2011,2011-03-02,1604,3,1,16,3,Y,A,N,A,H,A,A,01,,08,D,,,,,C,N,N,A,1,0,0,0,22107.0,2,35.30305,-119.01861,3
2011,2011-03-03,2059,3,1,20,4,N,A,N,A,H,D,A,07,S,08,D,,,,,C,Y,N,D,2,0,0,0,22107.0,2,35.30453577,-119.02132223,4
2011,2011-03-07,1430,3,1,14,1,N,A,N,A,H,A,A,01,N,08,E,,,,,I,Y,N,A,1,0,0,0,22107.0,1,35.30984298,-119.03890487,4
2011,2011-03-20,1614,3,1,16,7,N,C,Y,B,H,A,A,01,N,03,E,,,,,I,N,N,D,1,0,0,0,22350.0,1,35.37101037,-119.04322755,4
2011,2011-03-13,505,3,1,5,7,N,A,Y,A,H,C,-,99,S,07,B,,,,,C,Y,M,D,1,0,0,0,21658.0,2,35.75942737,-119.24852164,4
2011,2011-03-13,1415,3,1,14,7,N,A,Y,A,H,A,C,02,W,03,E,,,Y,,I,Y,N,D,1,0,0,1,22350.0,1,35.52858685,-118.65841116,4
2011,2011-03-12,1345,3,1,13,6,N,A,N,A,H,A,A,01,W,08,E,,,,,I,Y,N,D,1,0,0,0,22107.0,1,35.4138106,-119.10165633,3
2011,2011-03-27,1945,3,1,19,7,N,B,Y,A,H,D,A,01,N,08,E,,,,,I,Y,N,D,1,0,0,0,22107.0,1,35.73245704,-119.23967656,4
2011,2011-03-23,1750,3,1,17,3,N,C,Y,B,H,A,A,01,S,03,E,,,,,I,Y,N,D,1,0,0,0,22350.0,1,35.55436257,-119.19685875,4
2011,2011-03-23,1530,3,1,15,3,N,B,N,B,H,A,A,01,S,09,D,,,,,C,Y,N,D,1,0,0,0,21804.0,2,35.63161767,-118.26316003,4
2011,2011-03-10,1845,3,1,18,4,N,A,N,A,H,D,A,07,W,03,C,,,,,C,Y,N,D,1,0,0,0,22350.0,2,35.23772991,-118.99502456,3
2011,2011-03-13,1928,3,1,19,7,N,A,N,A,H,C,A,01,N,01,F,,,,,I,Y,N,A,2,0,0,0,23153.0,1,35.31330615,-119.05677009,3
2011,2011-03-09,1546,3,1,15,3,Y,A,N,A,H,A,-,- ,,09,F,,,Y,,C,Y,F,A,1,0,0,1,21801.0,2,35.33264702,-119.1456753,3
2011,2011-03-16,1418,3,1,14,3,Y,B,N,B,H,A,A,01,,09,D,,,,,C,Y,N,A,2,0,0,0,21453.0,2,35.31816,-119.09232,4
2011,2011-03-13,1715,3,1,17,7,N,A,N,A,H,A,C,02,E,08,D,,,Y,,C,Y,F,D,1,0,0,1,22107.0,2,35.4048953,-118.97354221,3
2011,2011-03-13,1320,3,1,13,7,N,B,N,A,H,A,C,02,S,03,F,,,Y,,A,Y,N,D,1,0,0,1,22350.0,1,35.1024651,-118.39680433,3
2011,2011-03-16,705,3,1,7,3,Y,A,N,A,H,A,A,01,,09,D,,,,,C,Y,N,A,1,0,0,0,21800.0,2,35.05577,-118.18559,4
2011,2011-03-21,1710,3,1,17,1,N,B,N,A,H,A,A,01,E,03,C,,,,,C,N,N,D,1,0,0,0,22350.0,2,34.86440477,-118.16537695,4
2011,2011-03-19,1500,3,1,15,6,N,B,Y,B,H,A,A,01,E,08,F,,,,,A,Y,N,D,3,0,0,0,22107.0,1,35.19946948,-118.52028124,3
2011,2011-03-21,750,3,1,7,1,N,B,Y,C,H,A,A,01,W,03,D,,,,,C,Y,N,D,1,0,0,0,22350.0,2,35.12049566,-118.3971465,4
2011,2011-04-10,1850,4,1,18,7,N,A,Y,A,H,A,D,22,S,08,E,,,,,I,Y,N,D,1,0,0,0,22107.0,1,35.2891392,-119.02862801,4
2011,2011-04-05,1423,4,1,14,2,N,A,Y,A,H,A,D,22,N,08,E,,,,,I,Y,N,D,1,0,0,0,22107.0,1,35.51363065,-119.54998928,3
2011,2011-03-30,1320,3,1,13,3,Y,A,Y,A,H,A,D,22,,09,D,,,Y,,C,Y,N,A,1,0,0,1,21802.0,2,35.12430499,-118.49230447,2
2011,2011-03-15,1920,3,1,19,2,N,A,N,A,H,D,A,01,N,01,C,,,,,C,N,N,A,1,0,0,0,23152.0,2,35.33950984,-118.98553034,4
2011,2011-03-15,1235,3,1,12,2,N,A,Y,A,H,A,A,08,E,09,D,,,Y,,C,Y,N,D,1,0,0,1,21804.0,2,35.38342347,-119.08309395,3
2011,2011-03-26,319,3,1,3,6,N,A,N,A,H,C,A,01,E,01,C,,,,,E,Y,M,D,1,0,0,0,23152.0,2,35.3321641,-119.02905766,3
2011,2011-03-16,2048,3,1,20,3,Y,A,N,A,H,D,L,04,,05,D,,Y,,,G,N,N,D,1,0,1,0,21202.0,2,35.34818,-119.0613,3
2011,2011-03-17,1716,3,1,17,4,Y,A,N,A,H,A,A,01,,09,D,,,Y,,C,Y,N,D,1,0,0,1,21801.0,2,35.29576,-119.03745,4
2011,2011-03-18,717,3,1,7,5,Y,B,N,A,H,-,-,- ,,12,D,,,,,C,Y,N,A,1,0,0,0,21453.0,2,35.34668,-119.0213,4