ACCIDENT_YEAR,COLLISION_DATE,COLLISION_TIME,MONTH,SEASON,24HOURS,DAY_OF_WEEK,INTERSECTION,WEATHER_1,STATE_HWY_IND,ROAD_SURFACE,ROAD_COND_1,LIGHTING,STWD_VEHTYPE_AT_FAULT,CHP_VEHTYPE_AT_FAULT,DIRECTION,PCF_VIOL_CATEGORY,TYPE_OF_COLLISION,PEDESTRIAN_ACCIDENT,BICYCLE_ACCIDENT,MOTORCYCLE_ACCIDENT,TRUCK_ACCIDENT,MVIW,TOW_AWAY,HIT_AND_RUN,CONTROL_DEVICE,NUMBER_INJURED,COUNT_PED_INJURED,COUNT_BICYCLIST_INJURED,COUNT_MC_INJURED,PCF_VIOLATION,PARTY_COUNT,POINT_Y,POINT_X,COLLISION_SEVERITY
2011,2011-03-21,1557,3,1,15,1,N,C,Y,B,H,A,A,01,N,03,B,,,,,C,Y,N,D,1,0,0,0,22350.0,2,35.74598861,-119.74940362,4
2011,2011-04-15,850,4,1,8,5,N,A,Y,A,H,A,D,22,N,03,C,,,,Y,C,Y,N,D,2,0,0,0,22350.0,3,35.39979904,-119.39843727,4
2011,2011-04-11,1645,4,1,16,1,N,A,Y,A,H,A,D,22,N,01,A,,,,Y,C,Y,N,D,1,0,0,0,23152.0,2,35.63033411,-119.08534872,2
2011,2011-04-01,1022,4,1,10,5,Y,A,N,A,H,A,A,01,,12,D,,,,,C,Y,N,A,2,0,0,0,22450.0,2,35.4352,-119.02137,3
2011,2011-04-01,1720,4,1,17,5,N,A,Y,A,H,A,A,07,S,03,C,,,,,C,Y,N,D,1,0,0,0,22350.0,3,35.35211804,-119.03960831,4
2011,2011-04-01,725,4,1,7,5,N,A,Y,A,H,A,A,01,E,03,C,,,,,C,Y,N,D,4,0,0,0,22350.0,2,35.35225955,-118.99668592,4
2011,2011-03-31,755,3,1,7,4,Y,A,N,A,H,A,L,04,,05,D,,Y,,,G,N,N,D,1,0,1,0,21650.0,2,35.37471,-119.13667,4
2011,2011-04-01,745,4,1,7,5,N,A,N,B,F,A,A,01,N,03,E,,,,,I,Y,N,D,1,0,0,0,22350.0,1,35.14523736,-118.96774335,4
2011,2011-04-01,1345,4,1,13,5,Y,A,N,A,H,A,A,01,,09,D,,,,,C,N,N,A,1,0,0,0,21802.0,2,35.43525,-119.01247,4
2011,2011-03-30,1750,3,1,17,3,N,A,N,A,H,A,A,07,W,01,F,,,,,A,Y,N,D,3,0,0,0,23152.0,1,35.46349667,-118.87067903,2
2011,2011-04-02,1205,4,1,12,6,Y,A,N,A,H,A,A,01,,12,D,,,,,C,Y,N,A,3,0,0,0,22450.0,2,35.26728,-118.84279,3
2011,2011-04-04,2150,4,1,21,1,N,A,N,A,H,D,-,- ,S,18,E,,,,,H,Y,N,D,1,0,0,0,,1,35.78911887,-119.29434478,3
2011,2011-04-02,2100,4,1,21,6,N,A,N,B,F,D,A,07,N,03,F,,,,,I,Y,N,D,4,0,0,0,22350.0,1,35.18014713,-118.85098233,3
2011,2011-02-28,841,2,4,8,1,N,A,N,A,D,A,A,01,N,03,C,,,,,C,N,N,C,1,0,0,0,22350.0,2,35.3870507,-119.01929952,4
2011,2011-02-07,2042,2,4,20,1,N,A,N,A,H,C,A,01,W,08,H,,,,,A,N,N,D,2,0,0,0,22107.0,2,35.31761498,-119.02607581,4
2011,2011-02-25,1305,2,4,13,5,Y,A,N,A,H,A,-,- ,,- ,G,Y,,,,B,N,N,D,1,1,0,0,,2,35.35981,-119.01894,4
2011,2011-01-29,1851,1,4,18,6,N,B,N,A,H,C,A,01,N,03,C,,,,,C,Y,N,D,1,0,0,0,22350.0,2,35.31098061,-119.02142194,4
2011,2011-03-29,1125,3,1,11,2,Y,A,N,A,H,A,A,01,,09,G,Y,,,,B,N,N,A,1,1,0,0,21802.0,2,35.16081002,-119.46522991,3
2011,2011-03-30,620,3,1,6,3,N,A,Y,A,H,B,A,07,S,08,F,,,,,A,Y,N,D,5,0,0,0,22107.0,1,35.48496254,-119.51587436,2
2011,2011-02-27,1353,2,4,13,7,Y,A,N,A,H,A,A,01,,09,D,,,,,C,Y,N,A,1,0,0,0,21801.0,2,35.36495,-119.04349,4
2011,2011-04-01,645,4,1,6,5,N,A,Y,A,H,A,A,01,S,08,E,,,,,I,Y,N,D,1,0,0,0,22107.0,1,35.59938014,-119.63901966,3
2011,2011-02-26,1647,2,4,16,6,Y,A,N,A,H,A,A,01,,09,A,,,,,C,Y,N,A,1,0,0,0,21801.0,2,35.36073,-119.01189,4
2011,2011-03-18,1155,3,1,11,5,Y,A,N,A,H,A,C,02,,03,F,,,Y,,A,N,N,A,1,0,0,1,22350.0,1,35.13423,-119.47555,2
2011,2011-03-20,30,3,1,0,7,N,A,N,A,H,D,A,01,N,08,F,,,,,A,Y,N,D,1,0,0,0,22107.0,1,35.29302152,-119.46488054,3
2011,2011-03-23,1710,3,1,17,3,N,A,N,B,H,A,A,01,W,03,C,,,,,C,Y,N,A,3,0,0,0,22350.0,4,35.18064511,-119.45505512,4
2011,2011-03-18,1140,3,1,11,5,N,A,Y,A,H,A,A,01,N,08,F,,,,,A,Y,N,D,3,0,0,0,22107.0,1,35.73266578,-119.73962219,3
2011,2011-03-29,2200,3,1,22,2,N,A,Y,A,H,D,A,07,N,08,F,,,,,A,Y,N,D,1,0,0,0,22107.0,1,35.73133466,-119.73896709,4
2011,2011-03-23,1615,3,1,16,3,N,C,N,B,H,A,A,01,N,01,A,,,,,C,N,F,A,1,0,0,0,23152.0,2,35.19073819,-118.82771552,4
2011,2011-03-07,1300,3,1,13,1,N,B,Y,A,H,A,E,22,W,16,D,,,,,C,Y,N,D,1,0,0,0,29004.0,2,35.61592497,-119.72102464,4
2011,2011-02-11,1853,2,4,18,5,Y,A,Y,A,H,C,N,60,,11,G,Y,,,,B,N,N,A,1,1,0,0,21456.0,2,35.62257456,-117.66996169,2
2011,2011-02-14,1655,2,4,16,1,Y,A,N,A,H,B,A,01,,09,D,,,,,C,Y,N,A,1,0,0,0,21801.0,2,35.63705,-117.67208,4
2011,2011-01-26,1827,1,4,18,3,N,A,Y,A,H,C,A,01,N,01,E,,,,,I,Y,N,D,4,0,0,0,23152.0,1,35.65167511,-117.69302775,3
2011,2011-01-11,1740,1,4,17,2,N,A,N,A,H,C,A,01,E,08,D,,,,,C,Y,N,D,1,0,0,0,22107.0,2,35.6443499,-117.67344296,4
2011,2011-01-06,1026,1,4,10,4,N,B,Y,A,H,A,A,01,N,08,A,,,,,C,Y,N,A,2,0,0,0,22107.0,2,35.13286576,-119.44679631,3
2011,2011-04-13,1740,4,1,17,3,N,A,Y,A,H,A,D,22,E,03,C,,,,,C,N,N,D,1,0,0,0,22350.0,2,35.69123637,-118.46720324,4
2011,2011-04-01,1820,4,1,18,5,Y,A,N,A,H,A,-,- ,,03,D,,,,,C,Y,N,D,1,0,0,0,22350.0,3,35.37412,-118.94749,3
2011,2011-04-12,1218,4,1,12,2,N,B,N,A,H,A,A,07,N,01,E,,,,,I,Y,N,D,1,0,0,0,23152.0,5,35.36590369,-118.9500901,3
2011,2011-04-11,1255,4,1,12,1,Y,A,N,A,H,A,D,22,,12,D,,,,,C,Y,N,A,2,0,0,0,21453.0,2,35.40858,-119.03898,3
2011,2011-04-09,1154,4,1,11,6,N,A,Y,A,H,A,D,22,E,08,E,,,,,I,Y,N,D,3,0,0,0,22107.0,1,35.09974243,-118.1459677,3
2011,2011-04-14,920,4,1,9,4,N,A,N,A,H,A,D,22,S,08,E,,,,,I,Y,N,D,1,0,0,0,22107.0,1,35.00976616,-118.34100529,4
2011,2011-03-23,2028,3,1,20,3,N,C,N,B,F,D,N,60,E,11,G,Y,,,,B,N,N,D,1,1,0,0,21954.0,2,35.49253506,-119.27034779,4
2011,2011-03-22,1809,3,1,18,2,N,B,N,A,H,A,M,96,S,09,B,,,,,C,N,N,D,1,0,0,0,21804.0,2,35.37190908,-118.90644616,3
2011,2011-03-10,920,3,1,9,4,Y,A,N,A,H,A,A,07,,12,D,,,,,C,Y,N,A,4,0,0,0,21453.0,3,35.3322,-119.0031,4
2011,2011-04-22,1525,4,1,15,5,N,A,Y,A,H,A,D,22,S,03,C,,,,,C,Y,N,D,1,0,0,0,22350.0,2,35.45524555,-119.47498785,4
2011,2011-03-08,800,3,1,8,2,Y,A,N,A,H,A,A,01,,10,G,Y,,,,B,N,N,D,1,1,0,0,21950.0,2,35.42709,-119.02458,4
2011,2011-03-09,1120,3,1,11,3,N,A,N,A,H,A,A,01,S,09,D,,,,,C,Y,N,D,1,0,0,0,21804.0,2,35.38170445,-119.1455399,4
2011,2011-03-12,1820,3,1,18,6,Y,A,Y,A,H,C,A,07,,09,D,,,,,C,Y,N,D,4,0,0,0,21801.0,2,35.26686498,-119.03328987,3
2011,2011-03-12,2155,3,1,21,6,N,A,Y,A,H,D,A,01,S,01,E,,,,,I,Y,M,D,1,0,0,0,23152.0,1,35.22276219,-118.91445328,3
2011,2011-02-26,1535,2,4,15,6,N,A,N,A,H,A,A,01,W,01,E,,,,,I,Y,N,D,1,0,0,0,23152.0,1,35.33222026,-119.0048171,2
2011,2011-03-14,820,3,1,8,1,N,A,Y,A,H,A,A,01,N,08,F,,,,,A,Y,N,D,1,0,0,0,22107.0,1,35.54191875,-119.08572213,4
2011,2011-03-14,750,3,1,7,1,N,A,Y,A,H,A,A,01,W,03,C,,,,,C,N,N,D,1,0,0,0,22350.0,2,35.35246913,-119.02594233,4
2011,2011-03-09,1830,3,1,18,3,N,A,N,A,H,C,A,08,S,10,G,Y,,,,B,N,N,D,1,1,0,0,21950.0,2,35.37407811,-118.96759565,2
2011,2011-03-12,2340,3,1,23,6,N,A,Y,A,H,D,A,01,S,08,E,,,,,I,Y,N,D,2,0,0,0,22107.0,1,35.50601118,-119.17267195,3
2011,2011-03-15,1135,3,1,11,2,Y,A,N,A,H,A,A,01,,09,D,,,,,C,Y,N,A,3,0,0,0,21802.0,2,35.47078,-119.27879,4
2011,2011-03-15,1445,3,1,14,2,N,A,N,A,H,A,A,01,W,08,D,,,,,C,Y,N,D,1,0,0,0,22107.0,2,35.38960157,-118.97542159,4
2011,2011-03-06,222,3,1,2,7,N,A,Y,A,H,D,A,01,W,21,H,,,,,C,Y,F,D,5,0,0,0,22106.0,2,35.3524616,-118.97270816,2
2011,2011-03-04,600,3,1,6,5,N,A,N,A,H,B,A,07,S,08,F,,,,,A,Y,N,D,1,0,0,0,22107.0,1,34.92304274,-118.14996922,3
2011,2011-04-01,955,4,1,9,5,N,A,Y,A,H,A,A,01,W,03,C,,,,,C,Y,N,D,1,0,0,0,22350.0,2,35.38335731,-119.06612562,4
2011,2011-04-06,1755,4,1,17,3,N,A,N,A,H,A,A,01,N,03,C,,,,,C,Y,N,A,1,0,0,0,22350.0,2,35.41345082,-119.16476235,3
2011,2011-03-11,727,3,1,7,5,Y,B,Y,A,H,A,D,22,,09,D,,,,,C,Y,N,D,1,0,0,0,21801.0,2,35.26191277,-118.91447235,4
2011,2011-03-19,538,3,1,5,6,N,A,N,A,H,C,A,01,W,09,B,,,,,C,N,N,A,2,0,0,0,21802.0,2,35.49989514,-119.29618928,4
2011,2011-03-31,427,3,1,4,4,Y,A,N,A,H,C,A,01,,01,E,,,,,I,N,N,A,3,0,0,0,23152.0,1,35.49966003,-119.20576994,4
2011,2011-03-26,440,3,1,4,6,N,A,N,A,H,D,A,01,W,03,E,,,,,I,N,N,D,3,0,0,0,22350.0,1,35.49957825,-119.15482246,2
2011,2011-03-25,1320,3,1,13,5,N,B,Y,A,H,A,A,07,S,08,E,,,,,I,Y,N,D,1,0,0,0,22107.0,1,34.99012319,-118.15919227,4
2011,2011-03-24,1425,3,1,14,4,N,A,Y,A,H,A,A,01,E,08,E,,,,,I,Y,N,D,1,0,0,0,22107.0,1,35.65189119,-117.73573822,4
2011,2011-04-20,1259,4,1,12,3,Y,B,N,A,C,A,D,22,,03,D,,,,,C,Y,N,D,1,0,0,0,22350.0,2,35.66706,-119.25882,3
2011,2011-03-31,1440,3,1,14,4,N,A,N,A,H,A,N,60,N,11,G,Y,,,,B,N,N,D,1,1,0,0,21954.0,2,35.36596914,-118.91866649,4
2011,2011-03-18,955,3,1,9,5,Y,A,N,A,H,A,L,04,,05,H,,Y,,,G,N,N,A,1,0,1,0,21650.0,2,35.25973,-118.90982,3
2011,2011-03-02,1855,3,1,18,3,N,-,N,-,-,-,-,- ,,09,-,,,,,-,N,N,-,1,0,0,0,21802.0,2,35.12567,-117.9946,4
2011,2011-03-14,608,3,1,6,1,Y,A,N,A,H,C,A,01,,08,E,,,,,I,Y,N,D,1,0,0,0,22107.0,1,35.12602058,-117.95434535,4
2011,2011-04-18,2007,4,1,20,1,N,A,N,A,H,C,D,72,N,02,H,,Y,,,G,N,N,D,1,0,1,0,21211.0,2,35.20378345,-118.83310758,2
2011,2011-04-05,1733,4,1,17,2,Y,A,N,A,H,A,A,08,,12,D,,,,,C,Y,N,A,1,0,0,0,21453.0,2,35.3743,-119.00951,4
2011,2011-03-29,1537,3,1,15,2,N,A,N,A,H,A,A,01,W,08,A,,,,,C,,N,D,1,0,0,0,22107.0,2,35.36529499,-119.00479483,4
2011,2011-04-16,1003,4,1,10,6,N,A,N,A,H,A,D,22,W,01,C,,,,,C,N,N,A,1,0,0,0,23152.0,2,35.41971249,-119.12792981,4
2011,2011-04-20,942,4,1,9,3,Y,A,N,A,H,A,I,11,,08,C,,,,,C,Y,N,D,2,0,0,0,22103.0,2,35.67983,-119.22314,3
2011,2011-02-26,1715,2,4,17,6,N,A,N,A,H,A,A,08,E,09,D,,,Y,,C,Y,N,D,1,0,0,1,21801.0,2,35.35393966,-119.01855047,4
2011,2011-03-14,1855,3,1,18,1,N,A,N,A,H,A,A,01,S,08,D,,,,,C,Y,N,A,1,0,0,0,22107.0,2,35.31751308,-119.04795237,4
2011,2011-03-10,1819,3,1,18,4,Y,A,N,A,H,C,A,01,,03,A,,,,,C,Y,N,A,2,0,0,0,22350.0,2,35.38054,-118.98494,3
2011,2011-03-08,1350,3,1,13,2,N,A,N,A,H,A,C,02,E,03,E,,,Y,,C,Y,N,D,2,0,0,2,22350.0,2,35.35418498,-119.04488098,3
2011,2011-04-01,2357,4,1,23,5,N,A,Y,A,H,C,A,01,N,01,E,,,,,I,Y,N,A,1,0,0,0,23152.0,1,35.39557499,-118.96416237,4
2011,2011-04-03,820,4,1,8,7,N,A,N,A,H,A,A,01,E,01,A,,,,,C,Y,N,D,1,0,0,0,23152.0,2,35.33942706,-119.0230936,3
2011,2011-04-03,2340,4,1,23,7,N,A,N,A,H,D,C,02,S,01,E,,,Y,,I,Y,N,D,1,0,0,1,23152.0,1,35.10936,-118.49053,4
2011,2011-04-12,212,4,1,2,2,N,A,N,A,H,C,J,48,W,08,E,,,,,I,Y,N,D,2,0,0,0,22107.0,1,35.266795,-119.01514732,3
2011,2011-04-02,1525,4,1,15,6,Y,B,N,A,H,A,-,- ,,18,E,,,,,I,N,N,D,1,0,0,0,,1,35.05294,-118.19267,4
2011,2011-03-23,1256,3,1,12,3,N,C,N,B,H,A,A,01,W,03,C,,,,,C,Y,N,A,1,0,0,0,22350.0,4,35.32528904,-119.10964612,4
2011,2011-03-14,752,3,1,7,1,N,A,N,A,H,A,A,01,E,03,C,,,,,C,Y,N,D,6,0,0,0,22350.0,3,35.35749675,-118.99785156,4
2011,2011-04-27,1210,4,1,12,3,N,A,Y,A,H,A,A,01,N,07,D,,,,Y,C,Y,N,D,1,0,0,0,21658.0,2,35.15104851,-119.09896904,4
2011,2011-04-17,1128,4,1,11,7,Y,A,N,A,H,A,C,02,,09,D,,,Y,,C,N,N,A,1,0,0,1,21804.0,2,35.30345013,-117.6791203,3
2011,2011-04-04,1940,4,1,19,1,N,A,Y,A,H,B,A,01,N,07,B,,,,,C,Y,F,D,2,0,0,0,21658.0,2,35.3441045,-119.03966827,3
2011,2011-04-05,1152,4,1,11,2,N,A,Y,A,H,A,A,01,N,07,B,,,,,C,Y,N,D,1,0,0,0,21658.0,2,35.45964904,-119.11126839,4
2011,2011-04-17,1655,4,1,16,7,Y,A,N,A,H,A,A,01,,01,D,,,,,C,Y,N,A,3,0,0,0,23152.0,3,35.42678,-119.01241,3
2011,2011-04-10,1900,4,1,19,7,Y,A,N,A,H,A,A,01,,01,A,,,,,C,Y,N,A,3,0,0,0,23152.0,3,35.35413003,-119.03890989,4
2011,2011-04-02,1325,4,1,13,6,N,B,N,A,H,A,-,- ,N,09,C,,,,,C,N,M,D,2,0,0,0,21802.0,3,35.38763878,-118.98576429,4
2011,2011-03-26,1720,3,1,17,6,N,B,N,A,H,A,N,60,,11,G,Y,,,,B,Y,N,D,1,1,0,0,21954.0,2,35.36119,-118.98403,2
2011,2011-03-18,1345,3,1,13,5,N,A,N,A,H,A,N,60,N,11,G,Y,,,,B,N,N,D,1,1,0,0,21966.0,2,35.39862291,-119.01881819,3
2011,2011-03-21,1814,3,1,18,1,N,C,N,B,H,A,A,01,E,03,C,,,,,C,N,N,D,2,0,0,0,22350.0,2,35.31774978,-119.03220191,4
2011,2011-03-30,1250,3,1,12,3,N,A,N,A,H,A,A,01,S,09,B,,,,,C,Y,N,D,2,0,0,0,21804.0,2,35.38569352,-119.04318238,4
2011,2011-03-15,1801,3,1,18,2,Y,A,N,A,H,A,A,08,,12,D,,,,,C,Y,N,A,1,0,0,0,21453.0,2,35.36839,-119.02134,4
2011,2011-03-23,1511,3,1,15,3,Y,C,N,B,H,A,A,07,,09,D,,,,,C,Y,N,A,1,0,0,0,21453.0,2,35.39803,-118.93001,4
2011,2011-03-28,1228,3,1,12,1,Y,B,N,A,H,A,A,01,,12,D,,,,,C,Y,N,A,2,0,0,0,21453.0,2,35.3539453,-118.98529708,4
2011,2011-03-23,1838,3,1,18,3,Y,C,N,B,H,A,-,- ,,12,D,,,,,C,Y,N,A,1,0,0,0,21453.0,2,35.36133,-119.03897,4
2011,2011-03-26,1433,3,1,14,6,N,A,N,A,H,A,A,07,S,09,D,,,,,C,Y,N,D,1,0,0,0,21804.0,2,35.412813,-119.05885238,4
2011,2011-03-27,1333,3,1,13,7,Y,A,N,A,H,A,A,01,,09,D,,,,,C,Y,N,A,1,0,0,0,21806.0,2,35.41224,-119.05884,2
2011,2011-03-24,2255,3,1,22,4,N,B,Y,A,H,C,A,01,N,01,E,,,,,I,Y,N,D,1,0,0,0,23152.0,1,35.26759804,-119.02327493,4
2011,2011-03-18,1430,3,1,14,5,N,A,N,A,H,A,A,07,S,08,F,,,,,I,Y,N,A,1,0,0,0,22107.0,1,35.65253873,-118.27963305,4
2011,2011-03-05,1540,3,1,15,6,N,A,N,A,H,A,A,01,S,08,E,,,,,I,Y,M,D,1,0,0,0,22107.0,1,35.36048461,-118.94088063,3
2011,2011-03-23,1518,3,1,15,3,N,B,Y,B,H,A,A,07,N,03,C,,,,,C,N,N,D,1,0,0,0,22350.0,2,35.33926632,-119.03946435,4
2011,2011-03-23,610,3,1,6,3,N,A,Y,A,H,B,J,48,N,08,E,,,,,I,N,N,D,6,0,0,0,22107.0,1,35.06114233,-118.96885777,4
2011,2011-03-25,1345,3,1,13,5,N,B,Y,A,H,A,A,01,W,03,C,,,,,C,N,N,D,2,0,0,0,22350.0,2,35.38321263,-119.05628401,4
2011,2011-04-13,955,4,1,9,3,N,B,N,A,H,A,A,01,N,09,D,,,,Y,C,Y,N,A,1,0,0,0,21804.0,2,35.01631794,-118.93598378,4
2011,2011-04-08,1430,4,1,14,5,N,A,Y,A,H,A,A,01,S,08,F,,,,,A,Y,N,D,1,0,0,0,22107.0,1,35.68954533,-118.46639603,2
2011,2011-04-14,1720,4,1,17,4,N,A,N,A,H,A,A,01,N,03,C,,,,,C,N,N,A,1,0,0,0,22350.0,2,35.3560184,-118.93199256,4
2011,2011-04-14,915,4,1,9,4,Y,A,Y,A,H,A,J,49,,06,B,,,,,C,N,N,A,1,0,0,0,21755.0,2,35.38319523,-119.05224311,4
2011,2011-04-17,645,4,1,6,7,N,A,Y,A,H,A,A,07,W,08,E,,,,,I,Y,N,D,1,0,0,0,22107.0,1,35.40175181,-119.04059603,3
2011,2011-02-19,722,2,4,7,6,N,A,N,A,H,A,A,07,N,03,C,,,,,C,N,M,D,1,0,0,0,22350.0,2,35.34107705,-119.12818498,4
2011,2011-03-12,1000,3,1,10,6,Y,A,N,A,H,A,-,- ,,- ,D,,,,,C,N,N,A,1,0,0,0,,2,35.77584,-119.25856,4
2011,2011-04-24,1544,4,1,15,7,N,A,Y,A,H,A,A,07,N,03,C,,,,,C,Y,N,D,2,0,0,0,22350.0,3,35.32555111,-119.03840207,4
2011,2011-04-17,1250,4,1,12,7,N,A,N,A,H,A,C,02,E,01,H,,,Y,,A,Y,N,D,1,0,0,1,23152.0,1,35.4264382,-118.93807346,3
2011,2011-04-28,1025,4,1,10,4,N,A,Y,A,H,A,A,01,E,08,E,,,,,I,Y,N,D,1,0,0,0,22107.0,1,35.39671788,-118.92874447,4
2011,2011-04-27,1535,4,1,15,3,N,A,N,A,H,A,A,01,E,07,C,,,,,C,Y,N,D,1,0,0,0,21658.0,2,35.37594499,-118.94061136,4
2011,2011-04-27,730,4,1,7,3,N,A,Y,A,H,A,C,02,S,03,F,,,Y,,A,Y,N,D,1,0,0,1,22350.0,1,35.31788888,-119.03615475,4
2011,2011-04-22,530,4,1,5,5,N,A,Y,A,H,C,N,60,S,11,G,Y,,,,B,N,F,D,1,1,0,0,21954.0,2,35.25530264,-118.91447235,3
2011,2011-04-16,1640,4,1,16,6,N,A,N,A,H,A,C,02,N,03,F,,,Y,,I,Y,N,D,1,0,0,1,22350.0,1,35.56212735,-118.95542726,3
2011,2011-04-22,1419,4,1,14,5,N,A,N,A,B,A,C,02,N,03,F,,,Y,,A,Y,N,D,2,0,0,2,22350.0,1,35.41121577,-119.01269477,3
2011,2011-04-19,540,4,1,5,2,N,A,N,A,H,B,A,01,N,03,C,,,,,C,Y,N,D,3,0,0,0,22350.0,2,35.78838542,-119.11620476,4
2011,2011-04-19,2022,4,1,20,2,N,A,N,A,H,D,N,60,E,11,G,Y,,,,B,N,N,D,1,1,0,0,21954.0,2,35.34772499,-119.05156882,4
2011,2011-04-22,1645,4,1,16,5,N,A,Y,A,H,A,A,08,S,08,F,,,,,A,Y,N,D,2,0,0,0,22107.0,1,35.11431417,-118.98566536,2
2011,2011-04-18,1655,4,1,16,1,Y,A,N,A,H,A,A,01,,12,D,,,,,C,Y,N,A,2,0,0,0,21453.0,3,35.41224,-119.05884,3
2011,2011-04-20,1740,4,1,17,3,Y,A,N,A,H,A,A,01,,09,D,,,,,C,Y,N,A,3,0,0,0,21802.0,2,35.37586,-118.94526,4
2011,2011-04-17,2330,4,1,23,7,N,A,N,A,H,D,A,07,S,15,E,,,,,I,Y,N,D,1,0,0,0,26453.0,1,35.56588738,-118.50407213,3
2011,2011-04-11,1455,4,1,14,1,N,A,Y,A,H,A,A,01,S,09,D,,,,,C,Y,N,D,2,0,0,0,21801.0,2,35.73406065,-119.05967101,3
2011,2011-04-27,2105,4,1,21,3,N,A,Y,A,H,C,A,01,E,03,C,,,,,C,Y,N,D,1,0,0,0,22350.0,2,35.38361498,-119.14448614,4
2011,2011-04-25,1357,4,1,13,1,Y,A,N,A,H,A,C,02,,03,F,,,Y,,A,Y,N,D,1,0,0,1,22350.0,1,35.42482,-119.01734,3
2011,2011-04-24,1440,4,1,14,7,Y,A,N,A,H,A,A,08,,12,D,,,,,C,Y,N,A,8,0,0,0,22450.0,2,35.50015,-119.36812,2
2011,2011-04-21,1515,4,1,15,4,N,A,Y,A,H,A,A,01,S,01,E,,,,,I,Y,N,D,2,0,0,0,23152.0,1,35.39039868,-119.25209645,2
2011,2011-04-29,2200,4,1,22,5,N,A,Y,A,H,D,A,07,S,07,C,,,,,C,N,N,D,1,0,0,0,21658.0,2,35.28125827,-119.02654168,4
2011,2011-04-26,1444,4,1,14,2,N,A,N,A,H,A,A,01,S,08,F,,,,,A,Y,N,D,1,0,0,0,22107.0,1,35.43192155,-119.37620552,3
2011,2011-04-29,2230,4,1,22,5,N,A,Y,A,H,D,A,07,S,08,F,,,,,A,Y,N,D,8,0,0,0,22107.0,1,35.23841356,-119.1938328,2
2011,2011-04-29,2255,4,1,22,5,N,A,Y,A,H,D,A,01,N,08,F,,,,,A,Y,N,D,1,0,0,0,22107.0,1,35.74720863,-119.75030162,4
2011,2011-03-20,1035,3,1,10,7,N,B,N,B,H,A,A,07,E,03,A,,,,,C,Y,N,D,6,0,0,0,22350.0,2,34.81805484,-118.89927964,2
2011,2011-04-04,1700,4,1,17,1,N,A,N,A,B,A,C,02,E,08,F,,,Y,,A,Y,N,D,1,0,0,1,22107.0,1,34.85134035,-119.11353978,2
2011,2011-04-25,1640,4,1,16,1,Y,A,Y,A,D,A,A,01,,09,D,,,,,C,Y,N,D,2,0,0,0,21802.0,2,35.54626499,-119.33157244,4
2011,2011-05-10,1130,5,1,11,2,Y,A,N,A,H,A,A,07,,12,D,,,,,C,Y,N,A,3,0,0,0,22450.0,2,35.55791,-119.40299,2
2011,2011-05-13,1440,5,1,14,5,N,A,Y,A,H,A,A,07,S,03,C,,,,,C,N,N,D,1,0,0,0,22350.0,2,35.65982036,-119.68537301,4
2011,2011-03-27,245,3,1,2,7,N,A,Y,A,H,D,A,01,W,08,E,,,,,I,Y,F,D,2,0,0,0,22107.0,1,35.35222499,-118.9872507,2
2011,2011-04-07,40,4,1,0,4,N,A,N,A,H,C,A,01,W,01,E,,,,,I,Y,N,D,1,0,0,0,23152.0,1,35.37235487,-118.97265854,4
2011,2011-04-07,1325,4,1,13,4,N,B,Y,B,H,A,A,01,N,07,H,,,,,A,Y,N,D,1,0,0,0,21658.0,2,35.34141988,-119.03944644,4
2011,2011-04-02,1345,4,1,13,6,N,A,Y,A,H,A,-,- ,N,18,E,,,,,J,N,N,D,1,0,0,0,,1,35.50283795,-119.16847773,3
2011,2011-04-10,1040,4,1,10,7,N,A,N,A,H,A,A,01,S,03,E,,,,,I,Y,N,D,2,0,0,0,22350.0,1,35.26651132,-118.842797,3
2011,2011-04-30,1910,4,1,19,6,N,A,Y,A,H,A,A,01,E,06,B,,,,,C,Y,N,D,1,0,0,0,21755.0,2,35.6019094,-119.23423275,4
2011,2011-05-04,735,5,1,7,3,Y,A,N,A,H,A,D,23,,09,D,,,,,C,Y,N,A,2,0,0,0,21802.0,2,35.44590005,-119.02648509,4
2011,2011-05-05,1645,5,1,16,4,N,A,N,A,H,A,A,07,S,21,C,,,,,C,N,N,A,1,0,0,0,22106.0,2,35.41623781,-119.03916958,4
2011,2011-04-30,915,4,1,9,6,N,A,Y,A,H,A,E,22,S,03,C,,,,,C,N,N,D,1,0,0,0,22350.0,2,35.63742582,-118.48204116,4
2011,2011-05-07,1825,5,1,18,6,N,A,N,A,H,A,D,22,E,03,C,,,,,C,Y,N,D,4,0,0,0,22350.0,2,35.41949499,-119.02672886,4
2011,2011-04-16,1245,4,1,12,6,N,A,Y,A,H,A,E,22,W,03,C,,,Y,,C,Y,N,D,1,0,0,1,22350.0,2,35.66649264,-118.47185982,3
2011,2011-04-08,1510,4,1,15,5,N,B,N,A,H,A,J,48,W,03,C,,,,,C,Y,N,A,5,0,0,0,22350.0,3,35.41224499,-119.05371296,3
2011,2011-05-04,827,5,1,8,3,N,A,N,A,H,A,H,13,N,08,B,,,,,C,Y,N,D,1,0,0,0,22100.0,2,35.00403109,-117.64980211,4
2011,2011-05-04,1100,5,1,11,3,Y,A,N,A,H,A,D,22,,12,D,,,,,C,Y,N,A,1,0,0,0,21453.0,2,35.31816,-119.06923,3
2011,2011-04-21,2055,4,1,20,4,N,A,N,A,H,C,A,01,W,03,C,,,,Y,C,Y,N,A,1,0,0,0,22350.0,2,35.30316498,-119.05679585,4
2011,2011-04-26,806,4,1,8,2,N,A,Y,A,H,A,D,22,E,03,C,,,,,C,N,N,D,1,0,0,0,22350.0,2,35.3827818,-119.04299049,4
2011,2011-04-26,1443,4,1,14,2,Y,A,N,A,H,A,D,22,,12,D,,,,,C,N,N,A,1,0,0,0,22450.0,2,35.30342006,-119.1280899,4