ACCIDENT_YEAR,COLLISION_DATE,COLLISION_TIME,MONTH,SEASON,24HOURS,DAY_OF_WEEK,INTERSECTION,WEATHER_1,STATE_HWY_IND,ROAD_SURFACE,ROAD_COND_1,LIGHTING,STWD_VEHTYPE_AT_FAULT,CHP_VEHTYPE_AT_FAULT,DIRECTION,PCF_VIOL_CATEGORY,TYPE_OF_COLLISION,PEDESTRIAN_ACCIDENT,BICYCLE_ACCIDENT,MOTORCYCLE_ACCIDENT,TRUCK_ACCIDENT,MVIW,TOW_AWAY,HIT_AND_RUN,CONTROL_DEVICE,NUMBER_INJURED,COUNT_PED_INJURED,COUNT_BICYCLIST_INJURED,COUNT_MC_INJURED,PCF_VIOLATION,PARTY_COUNT,POINT_Y,POINT_X,COLLISION_SEVERITY
2012,2012-01-29,120,1,4,1,7,N,A,Y,A,H,C,A,01,E,08,F,,,,,A,Y,N,D,1,0,0,0,22107.0,1,35.1254252,-118.41015164,4
2012,2012-01-30,530,1,4,5,1,N,A,Y,A,H,D,A,07,N,03,C,,,,,C,Y,N,D,3,0,0,0,22350.0,2,35.03837375,-118.97855567,3
2012,2012-01-05,622,1,4,6,4,N,A,Y,A,H,D,A,01,W,08,E,,,,,I,Y,N,D,1,0,0,0,22107.0,1,35.52013502,-118.67485233,3
2012,2012-01-03,850,1,4,8,2,N,A,Y,A,H,A,A,01,W,08,E,,,,,I,Y,N,D,1,0,0,0,22107.0,1,35.66568594,-118.03245776,3
2012,2012-02-22,248,2,4,2,3,N,A,N,A,H,C,D,22,S,01,E,,,,,I,Y,N,D,1,0,0,0,23152.0,2,35.37815863,-118.93200242,4
2012,2012-02-16,805,2,4,8,4,N,A,N,A,H,A,A,01,,09,D,,,,,C,Y,N,D,3,0,0,0,21800.0,3,35.308585,-118.99863254,4
2012,2012-02-24,1730,2,4,17,5,N,A,N,A,H,A,D,22,W,03,C,,,,,C,Y,N,D,1,0,0,0,22350.0,3,35.40860495,-119.03025705,4
2012,2012-02-10,2219,2,4,22,5,N,A,N,A,H,D,D,22,S,01,E,,,,,I,Y,N,D,1,0,0,0,23152.0,1,35.43442091,-119.15364146,3
2012,2012-02-21,1846,2,4,18,2,Y,A,N,A,H,D,A,01,,01,D,,,,,C,Y,N,A,3,0,0,0,23152.0,2,35.31769498,-118.98548243,3
2012,2012-02-20,1415,2,4,14,1,N,A,N,A,H,A,L,04,W,08,D,,Y,,,G,N,N,A,1,0,1,0,22107.0,2,35.05576733,-118.18563429,3
2012,2012-02-15,933,2,4,9,3,N,D,N,C,H,A,D,22,W,06,A,Y,,,,C,N,N,D,2,1,0,0,21751.0,4,35.10632636,-118.5251437,3
2012,2012-02-13,1826,2,4,18,1,N,D,N,B,H,D,D,22,N,01,E,,,,,E,Y,M,D,1,0,0,0,23152.0,2,35.12950426,-118.48619519,3
2012,2012-02-15,1005,2,4,10,3,N,C,Y,B,H,A,G,75,E,03,F,,,,Y,A,Y,N,A,1,0,0,0,22350.0,1,34.99579461,-118.15951313,2
2012,2012-02-13,1440,2,4,14,1,N,B,N,A,H,A,N,60,,11,G,Y,,,,B,N,N,D,1,1,0,0,21954.0,3,,,3
2012,2012-02-04,140,2,4,1,6,N,A,Y,A,H,D,A,07,N,01,E,,,,,I,Y,N,D,2,0,0,0,23152.0,1,35.30046498,-119.03182237,3
2012,2012-02-03,1455,2,4,14,5,N,A,N,A,H,A,A,01,E,17,B,,,,,D,N,N,D,1,0,0,0,22517.0,2,35.41818496,-119.02324428,4
2012,2012-02-03,2130,2,4,21,5,N,A,N,A,H,D,N,60,N,11,G,Y,,,,B,N,F,D,1,1,0,0,21954.0,2,35.30694701,-118.99865032,3
2012,2012-01-24,1725,1,4,17,2,N,A,Y,A,H,B,A,01,S,03,C,,,,,C,Y,N,D,1,0,0,0,22350.0,2,35.25196501,-119.0188913,4
2012,2012-01-23,1328,1,4,13,1,Y,B,N,B,H,A,A,01,,09,D,,,,,C,Y,N,A,1,0,0,0,21802.0,2,35.390245,-118.98824254,4
2012,2012-01-19,745,1,4,7,4,N,A,Y,A,H,A,A,01,S,03,C,,,,,C,Y,M,D,2,0,0,0,22350.0,6,35.37531795,-119.04429038,4
2012,2012-01-19,1555,1,4,15,4,N,B,N,A,G,A,N,60,S,11,G,Y,,,,B,N,F,D,1,1,0,0,21954.0,2,35.36074133,-118.95864907,3
2012,2012-01-23,1335,1,4,13,1,N,B,Y,B,H,A,A,01,W,03,C,,,,,C,Y,N,D,1,0,0,0,22350.0,2,35.38346847,-119.20137957,4
2012,2012-01-23,933,1,4,9,1,N,C,Y,B,H,A,A,01,S,03,C,,,,,C,Y,N,D,1,0,0,0,22350.0,2,35.78680394,-119.25037458,4
2012,2012-02-07,750,2,4,7,2,N,B,Y,B,H,A,A,01,W,03,C,,,,,C,Y,N,D,1,0,0,0,22350.0,2,35.35248096,-119.02791529,4
2012,2012-02-03,820,2,4,8,5,Y,A,N,A,H,A,A,01,,- ,D,,,,,C,Y,N,A,2,0,0,0,,2,35.42616497,-119.03015247,3
2012,2012-02-09,1533,2,4,15,4,N,A,Y,A,H,A,A,01,N,03,C,,,,,C,Y,N,D,1,0,0,0,22350.0,2,35.30188048,-119.03218323,4
2012,2012-02-02,1415,2,4,14,4,N,A,N,A,H,A,A,07,N,03,E,,,,,I,Y,N,D,2,0,0,0,22350.0,1,35.61030266,-118.91659623,3
2012,2012-02-14,1600,2,4,16,2,N,A,N,A,H,A,D,22,S,03,F,,,,,A,Y,N,D,1,0,0,0,22350.0,1,34.87390859,-118.22927225,3
2012,2012-02-27,1221,2,4,12,1,N,B,Y,B,H,A,A,01,S,03,C,,,,,C,Y,N,D,1,0,0,0,22350.0,2,35.59436737,-119.20939293,4
2012,2012-02-28,1325,2,4,13,2,Y,B,Y,A,H,A,D,22,,09,D,,,,,C,Y,N,D,1,0,0,0,21801.0,2,35.38326481,-119.07882878,4
2012,2012-02-21,912,2,4,9,2,Y,A,Y,A,H,A,A,07,,12,D,,,,,C,Y,N,A,2,0,0,0,21453.0,2,35.38348775,-119.16455321,3
2012,2012-02-23,2336,2,4,23,4,N,A,N,A,H,C,A,01,N,12,D,,,,,C,Y,N,A,1,0,0,0,21453.0,2,35.33830612,-119.06107949,4
2012,2012-01-17,1848,1,4,18,2,N,A,N,A,H,D,A,01,W,08,F,,,,,A,Y,N,D,2,0,0,0,22107.0,1,35.10936287,-118.48268263,3
2012,2012-01-23,1336,1,4,13,1,N,B,Y,B,H,A,A,01,E,08,E,,,,,I,Y,N,D,1,0,0,0,22107.0,1,35.10937784,-118.24333,3
2012,2012-01-22,956,1,4,9,7,N,B,Y,A,H,A,A,01,N,08,E,,,,,I,Y,N,A,1,0,0,0,22107.0,1,35.10099263,-118.14226228,4
2012,2012-01-12,840,1,4,8,4,Y,A,N,A,H,A,A,07,,12,D,,,,,C,Y,N,A,1,0,0,0,21453.0,2,35.34881501,-119.12752251,4
2012,2012-01-03,403,1,4,4,2,N,A,N,A,H,C,-,- ,E,- ,G,Y,,,,B,Y,N,A,1,1,0,0,,2,35.29596486,-119.04785569,2
2012,2012-01-08,1400,1,4,14,7,Y,A,N,A,H,A,C,02,,09,D,,,Y,,C,Y,N,D,1,0,0,1,21800.0,2,35.37051508,-117.63577222,2
2012,2012-01-09,1700,1,4,17,1,Y,A,N,A,H,A,A,07,,09,D,,,,,C,Y,N,A,1,0,0,0,21801.0,2,35.12792507,-118.48593241,4
2012,2012-01-11,2210,1,4,22,3,N,A,N,A,H,D,A,01,E,01,F,,,,,A,Y,N,D,2,0,0,0,23152.0,1,35.00980249,-117.63415831,3
2012,2012-01-14,1158,1,4,11,6,N,A,N,A,H,A,A,01,N,08,F,,,,,A,Y,N,D,1,0,0,0,22107.0,1,34.9090793,-118.15253291,4
2012,2012-01-18,720,1,4,7,3,N,A,N,A,H,A,A,01,S,08,F,,,,,A,Y,N,D,1,0,0,0,22107.0,1,34.88200953,-118.22502832,4
2012,2012-02-18,1840,2,4,18,6,N,B,N,A,H,D,A,01,N,08,E,,,,,I,Y,N,D,1,0,0,0,22107.0,1,35.76669934,-119.12954099,3
2012,2012-02-01,1335,2,4,13,3,N,A,Y,A,H,A,A,01,W,03,C,,,,,C,Y,N,D,2,0,0,0,22350.0,2,35.269075,-118.69098231,4
2012,2012-02-01,1425,2,4,14,3,N,A,N,A,H,A,A,01,N,21,C,,,,,C,N,N,D,1,0,0,0,22106.0,2,35.36909321,-118.93192888,4
2012,2012-02-01,625,2,4,6,3,N,A,Y,A,H,B,A,07,S,03,C,,,,,C,Y,N,D,6,0,0,0,22350.0,5,35.41809094,-119.0600545,4
2012,2012-01-22,2215,1,4,22,7,N,B,N,A,H,C,A,07,S,01,C,,,,,-,Y,N,D,1,0,0,0,23152.0,2,,,3
2012,2012-01-12,1950,1,4,19,4,Y,A,N,A,H,C,A,07,,03,C,,,,,C,Y,N,D,6,0,0,0,22350.0,2,35.35440495,-119.18096242,3
2012,2012-01-06,1413,1,4,14,5,N,A,N,A,H,A,A,07,W,03,C,,,,,C,Y,N,D,2,0,0,0,22350.0,2,35.41238495,-119.05935522,4
2012,2012-01-01,845,1,4,8,7,N,A,N,A,H,A,A,01,N,08,E,,,,,I,Y,N,D,1,0,0,0,22107.0,1,35.32638921,-119.00312243,3
2012,2012-01-01,1850,1,4,18,7,N,A,N,A,H,D,A,01,E,08,F,,,,,I,Y,N,D,1,0,0,0,22107.0,1,35.42760823,-118.96247432,4
2012,2012-01-05,1735,1,4,17,4,Y,A,N,A,H,D,J,48,,09,D,,,,,C,Y,N,A,2,0,0,0,21802.0,2,35.15087501,-118.85076247,3
2012,2012-01-19,1500,1,4,15,4,N,A,Y,A,H,A,A,07,W,08,E,,,,,I,N,N,D,1,0,0,0,22107.0,1,35.38466654,-118.99200876,4
2012,2012-01-19,1505,1,4,15,4,N,B,Y,A,H,A,A,01,N,08,E,,,,,I,Y,N,D,2,0,0,0,22107.0,1,35.72240505,-119.23774544,4
2012,2012-01-26,2353,1,4,23,4,Y,A,N,A,H,C,A,01,,01,D,,,,,C,Y,N,D,2,0,0,0,23152.0,2,35.26696504,-118.9202124,3
2012,2012-01-29,1910,1,4,19,7,N,A,N,A,H,D,A,07,S,03,F,,,,,A,Y,N,D,1,0,0,0,22350.0,1,35.08886113,-118.91633221,3
2012,2012-01-15,1720,1,4,17,7,Y,A,N,A,H,B,A,07,,03,C,,,,,C,Y,N,D,2,0,0,0,22350.0,2,34.82125495,-118.96973249,4
2012,2012-01-20,1628,1,4,16,5,N,A,N,A,H,A,A,01,W,01,C,,,,,C,Y,N,D,1,0,0,0,23152.0,2,35.37605379,-118.94091961,4
2012,2012-01-26,950,1,4,9,4,N,A,N,A,H,A,A,01,W,09,D,,,,,C,N,N,D,1,0,0,0,21800.0,2,35.3865616,-118.97575211,4
2012,2012-01-25,1940,1,4,19,3,N,A,N,A,H,D,N,60,S,11,G,Y,,,,B,N,N,D,1,1,0,0,21956.0,2,35.34886651,-118.87631075,3
2012,2012-01-30,1745,1,4,17,1,N,A,Y,A,H,D,A,01,N,03,C,,,,,C,Y,N,D,1,0,0,0,22350.0,3,35.30239191,-119.03232455,4
2012,2012-01-23,1155,1,4,11,1,N,C,Y,B,H,A,A,01,S,03,F,,,,,I,Y,N,D,1,0,0,0,22350.0,1,35.35254498,-119.04118238,4
2012,2012-01-11,550,1,4,5,3,Y,A,Y,A,H,D,A,01,,09,D,,,,,B,Y,N,A,4,0,0,0,21802.0,2,35.61580226,-119.74333811,3
2012,2012-01-12,535,1,4,5,4,Y,A,Y,A,H,D,A,01,,03,C,,,,,C,Y,N,D,1,0,0,0,22350.0,2,35.30667471,-119.62265152,4
2012,2012-01-10,1220,1,4,12,2,N,A,N,A,H,A,A,07,N,03,B,,,,,D,N,N,D,1,0,0,0,22350.0,2,35.78707655,-118.70470941,4
2012,2012-01-13,1645,1,4,16,5,N,A,Y,A,H,A,A,07,N,03,C,,,,,C,Y,N,D,1,0,0,0,22350.0,2,35.30054676,-119.03184399,4
2012,2012-01-12,1645,1,4,16,4,N,A,Y,A,H,D,A,08,E,01,E,,,,,I,Y,N,D,2,0,0,0,23152.0,1,35.47256617,-118.71614443,2
2012,2012-01-16,1740,1,4,17,1,N,A,N,A,H,C,A,07,S,09,D,,,,,C,Y,N,D,1,0,0,0,21804.0,2,35.4116654,-119.05877531,4
2012,2012-01-16,1900,1,4,19,1,N,A,N,A,H,D,A,01,N,08,E,,,,,I,Y,N,D,1,0,0,0,22107.0,1,35.36112826,-119.00307243,4
2012,2012-02-03,1535,2,4,15,5,N,A,Y,A,H,A,A,01,W,03,C,,,,,C,Y,N,D,2,0,0,0,22350.0,2,35.267461,-119.25982971,3
2012,2012-02-05,820,2,4,8,7,N,A,Y,A,H,A,A,01,N,08,F,,,,,A,Y,N,D,2,0,0,0,22107.0,1,35.75257609,-119.75425321,3
2012,2012-02-05,1620,2,4,16,7,N,A,Y,A,H,A,A,08,N,08,F,,,,,A,Y,N,D,5,0,0,0,22107.0,1,35.15556986,-119.10449054,3
2012,2012-01-23,1225,1,4,12,1,N,C,Y,B,H,A,A,07,E,08,E,,,,,I,Y,N,D,1,0,0,0,22107.0,1,35.24016443,-118.58467123,3
2011,2011-12-22,1318,12,4,13,4,Y,A,Y,A,H,A,A,07,,08,D,,,,,C,Y,N,A,1,0,0,0,22100.0,3,35.57968499,-119.33171245,4
2012,2012-01-20,1040,1,4,10,5,N,B,Y,A,H,A,A,01,N,08,F,,,,,A,Y,N,D,1,0,0,0,22107.0,1,35.26488568,-119.60940702,4
2012,2012-01-28,1230,1,4,12,6,N,A,Y,A,H,A,A,07,N,03,C,,,,,C,Y,F,D,1,0,0,0,22350.0,2,35.60471084,-119.21164689,3
2012,2012-01-23,1800,1,4,18,1,N,C,Y,B,H,D,-,99,W,07,B,,,,,C,Y,F,D,1,0,0,0,21658.0,2,35.35245894,-118.91794834,4
2012,2012-01-25,330,1,4,3,3,N,A,Y,A,H,D,A,01,S,08,C,,,,,C,Y,N,D,1,0,0,0,22107.0,2,34.96402431,-118.93798713,3
2012,2012-02-10,1511,2,4,15,5,N,A,N,A,H,A,D,22,S,03,C,,,,,C,Y,N,D,1,0,0,0,22350.0,2,35.12203961,-118.49258472,4
2012,2012-02-03,1430,2,4,14,5,Y,A,N,A,H,A,D,22,,01,D,,,,,C,Y,N,D,1,0,0,0,23152.0,2,34.861195,-118.16551231,4
2012,2012-01-28,510,1,4,5,6,N,A,N,A,H,D,A,01,S,08,E,,,,,I,Y,N,D,1,0,0,0,22107.0,1,35.35338309,-119.47283149,3
2012,2012-02-09,906,2,4,9,4,Y,A,N,A,H,A,A,01,,10,G,Y,,,,B,N,N,A,1,1,0,0,21950.0,2,35.20913502,-118.83095243,3
2012,2012-02-01,1530,2,4,15,3,N,A,Y,A,H,A,A,01,W,08,B,,,,,C,Y,N,D,2,0,0,0,22107.0,2,35.52876369,-118.65687653,3
2012,2012-02-04,2225,2,4,22,6,N,A,Y,A,H,C,A,01,E,03,E,,,,,I,Y,N,D,1,0,0,0,22350.0,1,35.35247931,-118.98257242,3
2012,2012-02-03,1840,2,4,18,5,N,A,Y,A,H,C,A,01,W,10,G,Y,,,,B,N,N,A,2,2,0,0,21950.0,4,35.39620499,-118.95407237,4
2012,2012-02-02,1820,2,4,18,4,N,A,Y,A,H,D,A,01,W,03,H,,,,,H,Y,N,D,1,0,0,0,22350.0,1,35.52556352,-118.66483379,4
2012,2012-02-22,740,2,4,7,3,N,A,N,A,H,A,A,01,W,08,D,,,,,C,N,N,D,1,0,0,0,22107.0,2,35.34586317,-118.86438311,4
2012,2012-02-14,1059,2,4,10,2,N,A,N,A,H,A,D,22,S,01,B,,,,,E,Y,N,D,2,0,0,0,23152.0,3,35.31038226,-119.00380611,3
2012,2012-01-13,850,1,4,8,5,N,A,N,A,H,A,A,,S,03,D,,,,,C,N,N,D,1,0,0,0,22350.0,2,35.75776607,-119.25404459,4
2012,2012-01-25,951,1,4,9,3,N,A,N,A,H,A,A,,,09,H,,,,,C,N,N,A,1,0,0,0,21802.0,2,35.77421501,-119.24686249,4
2012,2012-01-27,1945,1,4,19,5,N,A,N,A,H,C,N,,E,11,D,Y,,,,B,N,N,D,1,1,0,0,21954.0,2,35.76905434,-119.25386968,4
2012,2012-02-17,1420,2,4,14,5,N,A,Y,A,H,A,D,22,E,03,C,,,,,C,Y,N,A,4,0,0,0,22350.0,3,35.26687498,-119.03420671,4
2012,2012-02-08,1430,2,4,14,3,N,A,Y,A,H,A,-,- ,N,18,B,,,,,C,Y,N,D,1,0,0,0,,2,35.34403714,-119.03942238,4
2012,2012-02-18,1620,2,4,16,6,N,B,N,A,H,A,D,22,E,21,D,,,,,C,Y,N,D,1,0,0,0,22106.0,2,35.23063493,-119.0906908,4
2012,2012-02-10,558,2,4,5,5,N,A,N,A,H,B,D,22,N,08,A,,,,,E,N,N,D,1,0,0,0,22107.0,4,35.44368109,-119.02985773,4
2012,2012-02-18,1033,2,4,10,6,N,A,N,A,H,A,D,22,S,09,D,,,,,C,Y,N,D,2,0,0,0,21801.0,2,35.40188631,-119.04790661,3
2012,2012-02-22,1720,2,4,17,3,Y,A,Y,A,H,B,D,22,,12,D,,,,,C,Y,N,A,1,0,0,0,22450.0,2,35.71764225,-119.33044907,3
2012,2012-02-13,940,2,4,9,1,N,C,Y,B,H,A,A,07,E,03,F,,,,,A,Y,N,D,1,0,0,0,22350.0,1,35.52082181,-118.6739099,4
2012,2012-02-09,0,2,4,0,4,N,A,N,A,H,A,A,07,S,12,C,,,,,C,N,N,A,1,0,0,0,21453.0,2,35.50603751,-119.27834309,4
2012,2012-02-10,1845,2,4,18,5,N,A,N,A,H,D,A,01,N,08,E,,,,,I,Y,N,D,1,0,0,0,22107.0,1,35.60369019,-118.46084012,4
2012,2012-01-31,1644,1,4,16,2,N,A,N,A,H,A,C,06,,08,E,,,Y,,I,N,N,D,1,0,0,1,22107.0,1,35.49201003,-119.27443994,4
2012,2012-02-22,1710,2,4,17,3,Y,A,N,A,H,A,A,08,,09,D,,,,,C,Y,N,D,1,0,0,0,21803.0,3,35.13093506,-118.4558324,4
2012,2012-02-24,1755,2,4,17,5,N,A,N,A,H,A,-,- ,S,08,A,,,,,I,Y,N,D,2,0,0,0,22107.0,1,35.59773969,-119.34047376,3
2012,2012-02-17,1256,2,4,12,5,Y,A,Y,A,H,A,-,- ,,09,D,,,,,C,Y,N,A,1,0,0,0,21801.0,2,35.59551499,-119.32823245,4
2012,2012-02-06,1009,2,4,10,1,N,A,Y,A,H,A,-,- ,S,08,G,Y,,,,B,Y,N,D,1,1,0,0,22107.0,2,35.59530015,-119.32824007,2
2011,2011-12-14,2100,12,4,21,3,N,A,N,A,H,C,A,,E,09,D,,,,,C,N,N,D,2,0,0,0,21800.0,2,35.74682501,-119.24437631,4
2012,2012-02-01,555,2,4,5,3,N,A,N,A,H,D,A,01,N,05,A,,,,,C,Y,N,D,3,0,0,0,21650.0,2,35.76731499,-119.86784332,4
2012,2012-01-27,1245,1,4,12,5,N,-,Y,-,-,-,-,- ,W,01,-,,,,,-,N,N,-,1,0,0,0,23152.0,2,35.20860497,-118.96788632,4
2012,2012-01-15,1630,1,4,16,7,Y,A,N,A,H,A,A,01,,09,D,,,,,C,Y,N,D,1,0,0,0,21800.0,2,35.41545502,-119.03672245,4
2012,2012-01-28,1225,1,4,12,6,N,B,N,A,H,A,L,04,E,03,C,,Y,,,G,N,N,D,1,0,1,0,22350.0,2,35.4124425,-119.08284553,3
2012,2012-01-27,2315,1,4,23,5,N,A,N,A,H,C,-,99,S,10,G,Y,,,,B,N,N,A,1,1,0,0,21950.0,2,35.39756124,-118.98527243,4
2012,2012-01-25,750,1,4,7,3,Y,A,N,A,H,A,A,01,,12,D,,,,,C,Y,N,A,1,0,0,0,21453.0,2,35.36690506,-118.95016245,4
2012,2012-01-24,1005,1,4,10,2,N,B,N,A,H,A,L,04,S,08,B,,Y,,,G,N,N,D,1,0,1,0,22107.0,2,35.34377781,-118.98544955,3
2012,2012-01-25,1710,1,4,17,3,N,A,N,A,H,A,A,07,N,21,C,,,,,C,N,N,A,1,0,0,0,22106.0,2,35.3765339,-118.96759242,4
2012,2012-01-28,1920,1,4,19,6,Y,A,N,A,H,D,L,04,,12,D,,Y,,,G,N,N,D,1,0,1,0,22450.0,2,35.41358496,-119.03448245,4
2012,2012-02-16,1520,2,4,15,4,N,A,N,A,H,A,A,,W,09,H,,,,,C,Y,N,D,3,0,0,0,21801.0,2,35.77578091,-119.27691183,4
2012,2012-02-28,949,2,4,9,2,N,A,N,A,H,A,C,03,E,03,F,,,Y,,A,Y,N,D,1,0,0,1,22350.0,1,35.32331456,-118.71472753,4
2012,2012-02-14,1800,2,4,18,2,Y,B,N,A,H,D,A,01,,01,D,,,,,C,Y,N,A,1,0,0,0,23152.0,2,35.39798501,-119.15439259,4
2012,2012-02-21,2035,2,4,20,2,N,A,N,A,H,D,A,01,S,01,C,,,,,C,Y,M,D,2,0,0,0,23152.0,2,35.35027752,-118.98543303,3
2012,2012-02-15,945,2,4,9,3,N,B,Y,A,H,A,A,01,S,03,C,,,,,C,N,N,D,1,0,0,0,22350.0,2,35.36607186,-119.04077247,4
2012,2012-02-13,1425,2,4,14,1,N,B,Y,A,H,A,A,01,N,05,A,,,,,C,Y,N,D,2,0,0,0,21460.0,3,35.42552499,-119.06397239,3
2012,2012-01-14,715,1,4,7,6,Y,A,N,A,H,A,-,- ,,08,E,,,,,I,Y,N,D,1,0,0,0,22107.0,1,35.59551499,-119.3282325,4
2012,2012-01-28,1903,1,4,19,6,N,A,Y,A,H,C,A,01,S,03,E,,,,,I,Y,N,D,1,0,0,0,22350.0,1,35.55032023,-117.71306812,4
2012,2012-01-27,1415,1,4,14,5,N,A,Y,A,-,A,-,- ,E,04,C,,,,,C,N,N,A,1,0,0,0,21703.0,2,35.60155267,-119.33871144,4
2012,2012-02-02,1805,2,4,18,4,Y,A,Y,A,H,D,M,47,,07,B,,,,,C,Y,N,D,2,0,0,0,21658.0,2,35.10969818,-118.13548518,3
2012,2012-02-01,1325,2,4,13,3,N,A,N,A,H,A,A,01,E,08,F,,,,,A,Y,N,D,3,0,0,0,22107.0,1,35.10965806,-117.92720262,3
2012,2012-03-04,1340,3,1,13,7,N,A,Y,A,H,A,A,07,W,03,C,,,,,C,N,N,D,1,0,0,0,22350.0,2,35.38342782,-119.08522717,4
2012,2012-02-24,1245,2,4,12,5,N,A,Y,A,H,A,A,07,S,08,E,,,,Y,I,Y,N,D,1,0,0,0,22107.0,2,35.37706749,-119.65247581,4
2012,2012-02-27,1138,2,4,11,1,N,C,Y,B,H,A,D,22,N,08,F,,,,,A,Y,N,D,1,0,0,0,22107.0,1,35.62173497,-119.6574125,3
2012,2012-02-24,1505,2,4,15,5,N,A,Y,A,H,A,A,01,S,08,A,,,,,C,Y,N,D,2,0,0,0,22107.0,2,35.21844594,-119.56629958,3
2012,2012-02-28,1210,2,4,12,2,Y,A,N,A,H,A,D,22,,12,D,,,,,C,Y,N,A,1,0,0,0,22450.0,2,35.43520498,-119.02138249,4
2012,2012-03-03,802,3,1,8,6,Y,A,N,A,H,A,D,22,,12,D,,,,,C,Y,N,A,2,0,0,0,22450.0,2,35.36147498,-118.9408825,3
2012,2012-02-16,105,2,4,1,4,N,A,Y,A,H,D,-,- ,N,18,C,,,,Y,E,Y,N,D,1,0,0,0,,2,35.41576346,-119.4203095,3
2012,2012-02-27,800,2,4,8,1,N,A,Y,A,H,A,D,22,E,03,C,,,,,C,Y,N,D,2,0,0,0,22350.0,4,35.39257104,-119.02710282,4
2012,2012-03-03,1218,3,1,12,6,N,A,Y,A,H,A,D,22,E,03,C,,,,,C,Y,N,D,1,0,0,0,22350.0,4,35.38341265,-119.1186571,4
2012,2012-02-24,1045,2,4,10,5,N,A,Y,A,H,A,A,01,E,05,D,,,,,C,Y,N,D,1,0,0,0,21460.0,2,35.31356367,-119.62343262,3
2012,2012-02-23,350,2,4,3,4,N,A,N,A,H,D,D,22,W,08,F,,,,,A,Y,N,D,1,0,0,0,22107.0,1,35.20491587,-119.41231107,4
2012,2012-02-27,1158,2,4,11,1,N,C,Y,B,H,A,E,22,N,08,F,,,,,A,Y,N,D,2,0,0,0,22107.0,1,35.56037517,-119.19807678,3
2012,2012-02-22,1740,2,4,17,3,N,A,Y,A,H,C,A,01,N,03,C,,,,,C,Y,N,D,1,0,0,0,22350.0,2,35.34098874,-119.03945002,4
2012,2012-03-04,2055,3,1,20,7,N,A,N,A,H,D,E,22,W,08,D,,,Y,,C,Y,N,D,2,0,0,2,22107.0,2,35.42697495,-119.13021306,2
2012,2012-02-29,1105,2,4,11,3,Y,A,N,A,H,A,A,01,,12,D,,,,,C,Y,N,A,2,0,0,0,21453.0,3,35.419525,-119.03921245,4
2012,2012-02-27,1220,2,4,12,1,N,B,N,B,H,A,N,60,N,11,G,Y,,,Y,B,N,N,D,1,1,0,0,21954.0,2,35.41892867,-119.03009244,4
2012,2012-02-27,515,2,4,5,1,N,B,N,A,H,D,D,22,E,01,E,,,,,I,Y,N,D,1,0,0,0,23152.0,1,35.6329065,-118.75935989,3
2012,2012-03-05,1000,3,1,10,1,N,A,N,A,H,A,-,- ,W,00,B,,,,,C,N,N,D,2,0,0,0,,2,35.31774051,-119.00359454,4
2012,2012-02-23,520,2,4,5,4,N,A,Y,A,H,D,G,25,N,03,C,,,,Y,C,Y,N,D,1,0,0,0,22350.0,2,34.88546192,-118.90204215,4
2012,2012-02-21,1710,2,4,17,2,N,A,Y,A,H,B,-,- ,S,18,E,,,,,I,Y,N,D,2,0,0,0,,1,35.40098338,-119.04510364,3
2012,2012-02-17,1400,2,4,14,5,N,A,N,A,H,A,A,07,N,03,C,,,,,C,N,N,D,1,0,0,0,22350.0,2,35.3498603,-118.9319858,4
2012,2012-02-24,727,2,4,7,5,N,A,N,A,H,A,N,60,N,11,G,Y,,,,B,N,N,D,1,1,0,0,21954.0,2,35.44197849,-119.02985012,3
2012,2012-02-24,1805,2,4,18,5,N,A,N,A,H,C,A,01,S,03,C,,,,,C,N,N,D,2,0,0,0,22350.0,2,35.3824073,-119.11011245,4
2012,2012-02-16,336,2,4,3,4,N,A,N,A,H,D,A,01,S,01,D,,,,,C,Y,F,C,4,0,0,0,23152.0,2,35.35234022,-119.01191243,4
2012,2012-02-19,2247,2,4,22,7,N,A,N,A,H,C,A,07,W,01,E,,,,,I,Y,N,D,6,0,0,0,23153.0,3,35.36264667,-119.01217034,2
2012,2012-02-29,1830,2,4,18,3,N,A,N,A,H,C,L,04,E,09,H,,Y,,,G,N,N,D,1,0,1,0,21804.0,2,35.19992848,-118.83277167,4
2012,2012-02-28,1610,2,4,16,2,N,A,Y,A,H,A,D,22,N,08,F,,,,,A,Y,N,D,2,0,0,0,22107.0,1,34.88456407,-118.16609088,4
2011,2011-12-22,1755,12,4,17,4,N,A,N,A,E,C,C,02,E,03,H,,,Y,,A,N,N,A,1,0,0,1,22350.0,1,35.63716453,-117.69197924,2
2011,2011-12-28,1530,12,4,15,3,Y,A,Y,A,B,A,C,02,,03,H,,,Y,,I,N,N,A,1,0,0,1,22350.0,1,35.65166298,-117.68728639,3
2011,2011-12-07,1740,12,4,17,3,Y,A,N,A,H,C,A,01,,08,D,,,,,C,Y,N,D,2,0,0,0,22107.0,2,35.6407,-117.67877,3
2011,2011-12-22,1055,12,4,10,4,N,A,Y,A,H,A,A,01,W,08,C,,,Y,,C,N,N,A,1,0,0,1,22107.0,2,35.6516451,-117.68159169,3
2012,2012-03-10,1109,3,1,11,6,N,A,Y,A,D,A,D,22,E,03,C,,,,,C,N,N,D,1,0,0,0,22350.0,2,35.35254499,-118.99005368,4
2012,2012-03-08,1530,3,1,15,4,N,A,Y,A,H,A,D,22,N,21,C,,,,,C,N,N,A,2,0,0,0,22106.0,2,35.35447037,-118.91425236,4
2012,2012-03-02,1715,3,1,17,5,N,A,Y,A,H,A,-,- ,S,03,C,,,,,C,Y,F,D,2,0,0,0,22350.0,5,35.33834951,-119.03970238,4