ACCIDENT_YEAR,COLLISION_DATE,COLLISION_TIME,MONTH,SEASON,24HOURS,DAY_OF_WEEK,INTERSECTION,WEATHER_1,STATE_HWY_IND,ROAD_SURFACE,ROAD_COND_1,LIGHTING,STWD_VEHTYPE_AT_FAULT,CHP_VEHTYPE_AT_FAULT,DIRECTION,PCF_VIOL_CATEGORY,TYPE_OF_COLLISION,PEDESTRIAN_ACCIDENT,BICYCLE_ACCIDENT,MOTORCYCLE_ACCIDENT,TRUCK_ACCIDENT,MVIW,TOW_AWAY,HIT_AND_RUN,CONTROL_DEVICE,NUMBER_INJURED,COUNT_PED_INJURED,COUNT_BICYCLIST_INJURED,COUNT_MC_INJURED,PCF_VIOLATION,PARTY_COUNT,POINT_Y,POINT_X,COLLISION_SEVERITY
2011,2011-09-27,647,9,3,6,2,Y,A,N,A,H,A,A,01,,09,D,,,,,C,Y,N,D,2,0,0,0,21801.0,2,35.31775,-119.05179,3
2011,2011-09-28,1815,9,3,18,3,N,A,N,A,H,A,A,01,N,10,G,Y,,,,B,N,N,A,1,1,0,0,21950.0,2,35.36122871,-119.02139238,3
2011,2011-09-22,730,9,3,7,4,N,A,N,A,H,A,A,01,S,10,G,Y,,,,B,N,N,A,1,1,0,0,21950.0,2,35.30628126,-119.01199237,4
2011,2011-09-12,1937,9,3,19,1,N,A,N,A,H,B,N,60,W,11,G,Y,,,,B,Y,F,D,1,1,0,0,21954.0,2,35.38169126,-118.98023215,3
2011,2011-09-29,848,9,3,8,4,Y,A,N,A,H,A,A,01,,12,D,,,Y,,C,Y,N,A,1,0,0,1,21453.0,2,35.38127,-118.98805,3
2011,2011-09-01,1535,9,3,15,4,Y,A,N,A,H,A,L,04,,12,D,,Y,,,G,N,N,A,1,0,1,0,22450.0,2,35.3419,-119.05518,2
2011,2011-10-19,2010,10,3,20,3,N,B,N,A,H,C,A,07,S,03,F,,,,,A,Y,N,D,1,0,0,0,22350.0,1,35.38037437,-119.00210023,3
2011,2011-09-27,1124,9,3,11,2,Y,A,N,A,H,A,A,01,,12,D,,,,,C,Y,N,A,1,0,0,0,21453.0,2,35.32528,-119.10952,4
2011,2011-09-28,1245,9,3,12,3,Y,A,Y,A,H,A,A,07,,12,D,,,,,C,Y,N,A,2,0,0,0,21453.0,2,35.39669499,-118.92996963,3
2011,2011-09-27,706,9,3,7,2,Y,A,Y,A,H,A,L,04,,12,H,,Y,,,G,N,N,A,1,0,1,0,21453.0,2,35.35223499,-118.98957237,4
2011,2011-10-03,1542,10,3,15,1,N,A,N,A,H,A,A,07,N,08,A,,Y,,,G,N,F,D,1,0,1,0,22107.0,2,35.36495976,-118.99594495,3
2011,2011-10-20,1837,10,3,18,4,N,A,N,A,H,C,N,60,W,11,G,Y,,,,B,N,N,D,1,1,0,0,21954.0,2,35.29092686,-119.01303649,2
2011,2011-10-05,2030,10,3,20,3,Y,B,N,B,H,C,A,01,,- ,A,,,,,C,Y,N,A,1,0,0,0,,2,35.33819,-119.06103,4
2011,2011-10-21,1122,10,3,11,5,N,A,N,A,H,A,A,07,N,08,D,,,,,C,Y,N,D,2,0,0,0,22107.0,2,35.38539313,-118.92991111,4
2011,2011-10-10,750,10,3,7,1,N,A,N,A,H,A,A,01,W,08,E,,,,,I,Y,N,D,1,0,0,0,22107.0,3,35.35391514,-119.01693242,3
2011,2011-10-20,1732,10,3,17,4,N,A,N,A,H,A,A,01,W,03,C,,,,,C,Y,N,A,2,0,0,0,22350.0,2,35.29578498,-119.03314906,4
2011,2011-10-28,730,10,3,7,5,N,A,N,A,H,A,A,07,W,21,D,,,,,C,Y,M,D,1,0,0,0,22106.0,2,35.28696705,-119.01819617,3
2011,2011-10-19,2030,10,3,20,3,Y,A,N,A,H,C,A,01,,12,D,,,,,C,N,N,A,2,0,0,0,21453.0,2,35.35333,-119.11508,4
2011,2011-10-12,1526,10,3,15,3,Y,A,N,A,H,A,A,01,,09,D,,,,,C,Y,N,A,1,0,0,0,21801.0,2,35.32492,-119.00936,4
2011,2011-10-09,1319,10,3,13,7,N,A,N,A,H,A,A,01,E,09,D,,,Y,,C,Y,N,D,1,0,0,1,21804.0,2,35.33942498,-119.0183403,4
2011,2011-11-01,936,11,3,9,2,N,A,Y,A,H,A,L,04,W,12,D,,Y,,,G,N,N,A,1,0,1,0,21453.0,2,35.37811499,-119.00328237,3
2011,2011-10-03,758,10,3,7,1,N,A,N,A,H,A,N,60,E,11,G,Y,,,,B,N,N,D,1,1,0,0,21954.0,2,35.36074273,-119.01601984,4
2011,2011-11-01,1650,11,3,16,2,Y,A,N,A,H,B,A,01,,09,D,,,,,C,Y,N,A,1,0,0,0,21801.0,2,35.35382,-119.00161,4
2011,2011-10-28,1909,10,3,19,5,N,A,N,A,H,C,N,60,S,11,G,Y,,,,B,N,N,A,1,1,0,0,21954.0,2,35.37877063,-118.9923221,4
2011,2011-10-28,1155,10,3,11,5,N,A,N,A,H,A,A,01,S,21,G,Y,,,,B,N,N,D,1,1,0,0,22106.0,2,35.36460106,-119.04350975,4
2011,2011-11-03,1752,11,3,17,4,Y,A,N,A,H,B,A,01,,12,D,,,,,C,Y,N,A,1,0,0,0,21453.0,2,35.32528,-119.10952,4
2011,2011-10-14,1738,10,3,17,5,N,A,N,A,H,A,A,01,S,03,C,,,,,C,Y,N,A,2,0,0,0,22350.0,5,35.33165202,-119.05808621,4
2011,2011-11-02,2130,11,3,21,3,Y,A,N,A,H,C,A,07,,12,A,,,,,C,Y,N,A,2,0,0,0,22450.0,2,35.41521005,-119.11645993,4
2011,2011-10-12,1009,10,3,10,3,Y,A,N,A,H,A,A,01,,12,G,Y,,,,B,N,N,A,1,1,0,0,21453.0,2,35.37433,-119.01894,3
2011,2011-11-07,1615,11,3,16,1,N,A,N,A,H,A,C,02,W,03,F,,,Y,,A,Y,F,D,2,0,0,2,22350.0,1,35.40679233,-118.94461325,3
2011,2011-12-27,1630,12,4,16,2,N,A,N,A,H,A,N,60,N,11,G,Y,,,,B,N,N,D,1,1,0,0,21954.0,2,35.78469108,-119.23874245,3
2012,2012-03-23,618,3,1,6,5,N,A,Y,A,H,B,A,01,W,03,C,,,,,C,N,N,D,1,0,0,0,22350.0,3,35.39894896,-119.3998567,4
2012,2012-03-19,1850,3,1,18,1,N,A,Y,A,H,A,D,22,W,09,D,,,,,C,Y,F,D,2,0,0,0,21804.0,2,35.20687237,-119.40938682,4
2012,2012-04-04,1537,4,1,15,3,N,A,Y,A,H,A,A,07,S,03,C,,,,Y,C,Y,N,D,3,0,0,0,22350.0,3,35.38992424,-119.38476237,3
2012,2012-03-30,913,3,1,9,5,N,A,Y,A,H,A,F,55,N,08,E,,,,Y,I,Y,N,D,1,0,0,0,22107.0,1,35.39711093,-119.03308231,3
2012,2012-03-29,1220,3,1,12,4,N,A,Y,A,H,A,A,01,W,09,D,,,,,C,Y,N,D,1,0,0,0,21801.0,2,35.38341498,-119.08167256,4
2012,2012-03-30,1225,3,1,12,5,N,A,N,A,H,A,A,08,E,01,B,,,,,E,Y,M,D,1,0,0,0,23152.0,2,35.35435797,-118.91071598,3
2012,2012-03-31,2305,3,1,23,6,N,C,Y,B,H,C,D,22,E,08,E,,,,,I,Y,N,D,1,0,0,0,22107.0,1,35.35247931,-118.98257242,4
2012,2012-01-30,1212,1,4,12,1,N,A,N,A,H,A,D,,S,- ,C,,,,,C,Y,N,D,2,0,0,0,,2,35.78957469,-119.23765343,4
2012,2012-01-19,1148,1,4,11,4,Y,A,N,A,H,A,A,01,,09,D,,,,,C,Y,N,A,2,0,0,0,21802.0,2,35.38799163,-118.96755159,4
2012,2012-03-06,1904,3,1,19,2,N,C,N,B,H,C,A,01,W,09,D,,,,,C,Y,N,D,1,0,0,0,21801.0,2,35.33225495,-119.04811678,4
2011,2011-08-11,1954,8,2,19,4,Y,A,N,A,H,B,-,- ,,12,D,,,,,C,Y,N,A,2,0,0,0,21453.0,2,35.35886,-119.02341,4
2011,2011-08-13,1435,8,2,14,6,N,A,N,A,H,A,D,22,E,03,C,,,,,C,N,M,A,1,0,0,0,22350.0,2,35.33935651,-119.03821561,4
2011,2011-07-30,1608,7,2,16,6,N,A,N,A,H,A,A,01,E,09,D,,,,,C,Y,N,D,1,0,0,0,21804.0,2,35.14264994,-118.48226022,2
2011,2011-08-01,1452,8,2,14,1,Y,A,N,A,H,A,D,22,,12,D,,,,,C,Y,N,A,1,0,0,0,21453.0,3,35.39414004,-119.09213992,2
2011,2011-07-25,1056,7,2,10,1,N,A,N,A,H,A,A,01,E,03,C,,,,,C,Y,N,A,1,0,0,0,22350.0,2,35.29595484,-119.07433536,4
2011,2011-08-16,1913,8,2,19,2,Y,A,N,A,H,B,A,07,,12,D,,,,,C,Y,N,A,1,0,0,0,21453.0,3,35.31765,-119.10955,3
2011,2011-08-15,841,8,2,8,1,N,A,N,A,H,A,D,22,W,03,C,,,,,C,Y,N,D,1,0,0,0,22350.0,4,35.29578498,-119.0333298,4
2011,2011-08-07,1151,8,2,11,7,N,A,Y,A,H,A,D,22,E,03,C,,,,,C,Y,N,D,2,0,0,0,22350.0,2,35.38311579,-119.04697198,4
2012,2012-02-22,125,2,4,1,3,Y,A,N,A,H,C,L,04,,01,B,,Y,,,G,N,N,A,1,0,1,0,21200.0,2,35.37624498,-119.01646255,3
2012,2012-04-02,1535,4,1,15,1,N,A,N,A,H,A,D,22,N,08,F,,,,,A,Y,N,D,1,0,0,0,22107.0,1,35.29864461,-119.46539309,4
2012,2012-03-30,1550,3,1,15,5,N,A,Y,A,H,A,G,25,N,03,C,,,,Y,C,Y,N,D,1,0,0,0,22350.0,3,35.34435498,-119.03967238,4
2012,2012-03-25,1545,3,1,15,7,N,C,Y,B,H,A,G,25,S,03,E,,,,Y,I,Y,N,D,1,0,0,0,22350.0,2,35.38827499,-119.04471238,4
2012,2012-03-17,1355,3,1,13,6,N,A,Y,A,H,A,G,25,N,07,B,,,,Y,C,N,N,D,1,0,0,0,21658.0,2,35.3849388,-119.04469901,4
2012,2012-03-28,1735,3,1,17,3,N,A,Y,A,H,A,D,22,N,03,C,,,,,C,N,N,D,1,0,0,0,22350.0,2,35.30290443,-119.03245867,4
2012,2012-03-24,2130,3,1,21,6,N,A,N,A,H,D,D,22,E,03,C,,,,,C,N,M,D,1,0,0,0,22350.0,2,35.77575498,-119.28080781,4
2012,2012-04-06,1630,4,1,16,5,N,A,Y,A,H,A,D,22,N,08,E,,,,,I,Y,N,D,1,0,0,0,22107.0,1,35.37365499,-119.04426238,3
2012,2012-04-07,1240,4,1,12,6,N,A,N,A,H,A,A,01,S,08,B,,,,,E,Y,N,D,1,0,0,0,22107.0,1,35.42185178,-119.02567244,4
2012,2012-04-05,1105,4,1,11,4,N,B,Y,A,H,A,D,22,N,08,F,,,,,A,Y,N,D,1,0,0,0,22107.0,1,35.34905946,-119.03963979,4
2012,2012-04-05,1615,4,1,16,4,N,A,Y,A,H,A,D,22,N,03,C,,,,,C,Y,N,D,3,0,0,0,22350.0,3,35.32548691,-118.91434031,3
2011,2011-08-16,1528,8,2,15,2,Y,A,Y,A,H,A,D,22,,12,D,,,,,C,Y,N,A,2,0,0,0,21453.0,2,35.39954831,-118.87734271,4
2012,2012-02-09,1230,2,4,12,4,N,A,N,A,H,A,I,11,W,09,D,,,,,C,Y,N,D,1,0,0,0,21801.0,4,35.39045495,-119.00440502,4
2012,2012-03-28,1714,3,1,17,3,N,A,N,A,H,A,D,22,N,08,F,,,,,A,Y,N,D,1,0,0,0,22107.0,1,35.11803265,-118.32499808,3
2012,2012-03-28,2030,3,1,20,3,N,A,N,A,H,C,L,04,N,05,H,,Y,,,G,N,N,A,1,0,1,0,21650.0,2,34.86579417,-118.16338225,4
2012,2012-02-04,1233,2,4,12,6,N,A,N,A,H,A,A,07,E,08,B,,,,,C,N,N,D,1,0,0,0,22107.0,2,35.38011153,-118.98318716,2
2012,2012-04-02,1550,4,1,15,1,N,A,Y,A,H,A,-,- ,E,18,E,,,,,I,N,N,D,1,0,0,0,,1,35.09621313,-118.13835299,3
2012,2012-03-22,1645,3,1,16,4,Y,A,Y,A,H,A,A,01,,09,D,,,Y,,A,Y,N,D,1,0,0,1,21802.0,2,35.22087064,-119.38850889,3
2012,2012-03-30,1325,3,1,13,5,N,A,Y,A,H,A,C,02,W,03,F,,,Y,,A,Y,N,D,1,0,0,1,22350.0,1,35.33234603,-119.77481117,4
2012,2012-03-23,700,3,1,7,5,N,B,Y,A,H,A,A,07,E,08,E,,,,,I,Y,N,D,1,0,0,0,22107.0,1,35.26688876,-119.03677479,4
2012,2012-03-29,1455,3,1,14,4,N,B,Y,A,H,A,A,01,E,03,C,,,,,C,Y,N,D,2,0,0,0,22350.0,2,35.35231722,-119.01036149,4
2012,2012-03-24,455,3,1,4,6,N,A,Y,A,H,D,A,01,W,08,F,,,,,A,Y,N,D,5,0,0,0,22107.0,1,35.29867654,-118.76735779,2
2012,2012-03-17,220,3,1,2,6,N,A,N,A,H,C,A,01,W,08,E,,,,,I,Y,M,D,1,0,0,0,22107.0,1,35.37312382,-118.90271544,3
2012,2012-03-25,1325,3,1,13,7,N,B,Y,B,H,A,A,07,E,08,E,,,,,I,Y,N,D,1,0,0,0,22107.0,1,35.35247931,-118.98257242,3
2012,2012-03-25,1348,3,1,13,7,N,B,Y,B,H,A,A,01,E,03,C,,,,,C,Y,N,D,3,0,0,0,22350.0,2,35.3834965,-119.16088747,4
2012,2012-03-25,214,3,1,2,7,N,A,N,A,H,C,A,01,N,01,C,,,,,C,Y,N,A,2,0,0,0,23152.0,3,35.31803245,-119.00313242,4
2012,2012-03-10,1918,3,1,19,6,Y,A,Y,A,H,C,A,07,,08,A,,,,,C,Y,N,A,1,0,0,0,22107.0,2,35.38097131,-119.01050479,3
2012,2012-03-16,1758,3,1,17,5,N,A,N,A,H,A,D,22,S,08,D,,,,,C,N,N,D,1,0,0,0,22107.0,2,35.29709836,-119.03911511,4
2012,2012-03-16,1248,3,1,12,5,N,B,N,A,H,A,A,01,S,09,-,,,,,C,Y,N,A,3,0,0,0,21804.0,2,35.3435927,-119.06132021,3
2012,2012-03-16,1555,3,1,15,5,Y,B,N,A,H,A,D,22,,12,D,,,,,C,Y,N,A,1,0,0,0,21453.0,2,35.36835506,-119.00302249,4
2012,2012-03-17,1221,3,1,12,6,Y,B,N,A,H,A,A,01,,12,D,,,,,C,N,N,D,1,0,0,0,22450.0,2,35.29595499,-119.04411253,4
2012,2012-04-03,605,4,1,6,2,N,A,Y,A,H,B,G,25,N,07,C,,,,Y,C,Y,N,D,9,0,0,0,21658.0,2,35.74720863,-119.75030162,3
2012,2012-04-04,743,4,1,7,3,N,B,Y,A,H,A,D,22,S,08,E,,,,,I,Y,N,D,1,0,0,0,22107.0,1,35.09500832,-118.97956344,4
2012,2012-04-03,1305,4,1,13,2,N,A,Y,A,H,A,A,01,W,08,D,,,,,C,Y,N,D,3,0,0,0,22107.0,2,35.2086284,-118.93659773,3
2012,2012-04-08,1327,4,1,13,7,Y,A,N,A,H,A,D,22,,09,D,,,,,C,Y,N,D,1,0,0,0,21802.0,2,35.379285,-118.93200255,4
2011,2011-08-03,1356,8,2,13,3,N,A,N,A,H,A,A,01,W,03,C,,,,,C,Y,N,A,1,0,0,0,22350.0,2,35.33948995,-119.05100098,4
2012,2012-04-09,900,4,1,9,1,N,A,Y,A,H,A,A,01,E,01,D,,,,,E,Y,N,D,1,0,0,0,23152.0,4,35.26688735,-119.03659117,4
2012,2012-04-17,1050,4,1,10,2,N,A,Y,A,H,A,D,22,E,06,B,,,,,C,Y,N,D,5,0,0,0,21750.0,4,35.39243302,-118.97573315,3
2012,2012-04-13,1856,4,1,18,5,N,B,Y,B,H,A,-,- ,N,18,C,,,,,C,Y,N,D,1,0,0,0,,2,35.34435498,-119.03967238,4
2012,2012-03-22,922,3,1,9,4,N,A,N,A,H,A,-,99,S,03,C,,,,,C,N,F,A,1,0,0,0,22350.0,2,35.39355309,-118.97642243,4
2012,2012-03-14,2119,3,1,21,3,N,A,N,A,H,D,A,01,S,01,E,,,,,I,Y,N,A,1,0,0,0,23152.0,1,35.29574078,-119.09223675,3
2012,2012-03-30,1155,3,1,11,5,N,A,Y,A,H,A,A,01,E,01,C,,,,,C,Y,M,D,1,0,0,0,23152.0,2,35.35225499,-118.99606515,4
2012,2012-03-31,200,3,1,2,6,N,A,N,A,H,D,A,01,N,01,B,,,,,E,Y,M,D,1,0,0,0,23152.0,2,35.39094044,-119.12286361,3
2012,2012-03-30,1755,3,1,17,5,N,A,Y,A,H,A,A,01,E,03,C,,,,,C,Y,N,D,1,0,0,0,22350.0,2,35.35275771,-119.03752393,4
2012,2012-03-07,755,3,1,7,3,Y,A,N,A,H,A,-,99,,03,C,,,,,C,N,F,D,1,0,0,0,22350.0,2,35.37341497,-119.02242256,4
2012,2012-03-09,800,3,1,8,5,N,A,Y,A,H,A,A,01,W,08,F,,,,,A,Y,N,D,1,0,0,0,22107.0,1,35.13960152,-118.45371163,4
2012,2012-04-11,848,4,1,8,3,N,B,Y,B,H,A,D,23,E,03,E,,,,,I,Y,N,D,1,0,0,0,22350.0,1,35.46434318,-118.76027452,4
2012,2012-03-29,2225,3,1,22,4,N,A,N,A,H,C,N,60,W,11,G,Y,,,,B,N,N,A,1,1,0,0,21954.0,2,35.41952495,-119.03013596,4
2012,2012-04-11,600,4,1,6,3,N,B,Y,B,H,B,D,22,N,03,E,,,,,I,Y,N,D,1,0,0,0,22350.0,1,35.39431578,-119.02938674,3
2012,2012-04-07,1125,4,1,11,6,N,A,Y,A,H,A,D,22,W,03,C,,,,Y,C,Y,N,D,1,0,0,0,22350.0,2,35.38350498,-119.15809566,3
2012,2012-04-11,2000,4,1,20,3,N,B,Y,B,H,D,D,22,W,03,F,,,,,A,Y,N,D,1,0,0,0,22350.0,1,35.26717611,-118.67013567,4
2012,2012-04-07,1805,4,1,18,6,Y,A,N,A,H,A,A,08,,03,D,,,,,C,Y,N,D,2,0,0,0,22350.0,2,35.38755502,-118.98077248,3
2012,2012-04-06,2125,4,1,21,5,N,A,Y,A,H,D,D,22,E,01,B,,,,Y,C,Y,N,D,1,0,0,0,23152.0,2,35.60178177,-119.26986021,3
2011,2011-05-21,1156,5,1,11,6,N,A,N,A,H,A,A,07,S,03,E,,,,,I,Y,N,D,2,0,0,0,22350.0,1,35.40259976,-118.96765138,4
2011,2011-06-22,1305,6,2,13,3,N,A,N,A,H,A,-,- ,E,18,G,Y,,,,B,N,N,D,1,1,0,0,,2,35.41006456,-118.92867725,3
2012,2012-07-25,1430,7,2,14,3,N,A,N,A,H,A,J,48,E,21,D,,Y,,,G,N,N,D,1,0,1,0,22106.0,2,35.41363732,-119.02761626,3
2012,2012-07-27,2245,7,2,22,5,N,A,N,B,H,C,-,- ,W,18,H,,,Y,,J,N,N,A,1,0,0,1,,1,35.36570468,-119.05387832,4
2012,2012-09-15,1755,9,3,17,6,N,A,Y,A,H,A,J,48,N,08,E,,,,,I,,N,D,1,0,0,0,22107.0,1,34.90924689,-118.16419937,4
2012,2012-09-22,1703,9,3,17,6,N,A,Y,A,H,A,-,- ,S,18,E,,,,,I,Y,N,D,1,0,0,0,,1,35.49712826,-117.95057371,4
2012,2012-09-10,605,9,3,6,1,N,A,N,A,H,B,D,22,E,09,F,,,,,A,Y,F,A,1,0,0,0,21453.0,2,35.36273223,-119.07260813,3
2012,2012-02-29,1751,2,4,17,3,Y,B,N,A,H,A,L,04,,05,D,,Y,,,G,N,F,D,1,0,1,0,21650.0,2,35.38628507,-118.9946525,3
2012,2012-02-23,1003,2,4,10,4,N,A,N,A,H,A,A,01,E,03,C,,,,,C,Y,N,D,2,0,0,0,22350.0,2,35.35405495,-119.03348027,4
2012,2012-04-15,1400,4,1,14,7,N,A,Y,A,H,A,D,22,S,08,E,,,,,I,Y,N,D,1,0,0,0,22107.0,1,35.59970321,-119.84908395,4
2012,2012-03-18,240,3,1,2,7,N,D,N,C,H,D,A,07,S,01,F,,,,,A,Y,N,D,1,0,0,0,23152.0,1,35.1056299,-118.52563167,4
2012,2012-03-23,2320,3,1,23,5,N,A,N,A,H,D,C,02,N,01,E,,,Y,,I,Y,N,D,1,0,0,1,23152.0,1,35.14371061,-118.48305317,3
2012,2012-03-24,1320,3,1,13,6,N,A,N,A,H,A,A,01,E,03,E,,,,,I,Y,N,D,1,0,0,0,22350.0,1,35.37061594,-117.65620172,2
2012,2012-03-26,1726,3,1,17,1,N,A,N,A,H,A,N,60,E,11,H,Y,,,,B,N,N,D,1,1,0,0,21954.0,2,35.49442495,-119.28641674,2
2012,2012-03-17,2053,3,1,20,6,Y,C,N,B,H,C,A,01,,01,G,Y,,,,B,Y,N,A,1,1,0,0,23152.0,2,35.37624507,-119.01893256,4
2012,2012-03-11,134,3,1,1,7,N,A,N,A,H,C,A,01,W,08,E,,,,,I,Y,N,D,3,0,0,0,22107.0,2,35.33219495,-118.99250101,3
2012,2012-03-31,650,3,1,6,6,N,A,Y,A,H,A,A,01,N,08,F,,,,,A,Y,N,D,1,0,0,0,22107.0,1,34.88091574,-118.16677341,4
2012,2012-03-17,2312,3,1,23,6,N,A,N,A,H,C,A,01,W,01,H,,,,,A,Y,F,D,1,0,0,0,23152.0,1,35.35394846,-119.0274236,3
2012,2012-04-09,1230,4,1,12,1,N,A,Y,A,C,A,-,- ,E,18,E,,,Y,,I,Y,N,D,1,0,0,1,,2,35.35262153,-119.02802799,3
2012,2012-04-13,1900,4,1,19,5,N,B,Y,B,H,B,A,01,S,03,C,,,,,C,Y,N,D,1,0,0,0,22350.0,2,35.12021413,-118.98780885,4
2012,2012-04-15,2125,4,1,21,7,N,A,N,A,H,C,A,01,W,01,A,,,,,C,Y,N,D,1,0,0,0,23152.0,2,35.26696495,-118.91557942,3
2012,2012-03-29,1820,3,1,18,4,N,A,Y,A,H,A,D,22,N,01,E,,,,,I,Y,N,D,1,0,0,0,23152.0,1,35.66072043,-118.47464256,3
2012,2012-04-11,1525,4,1,15,3,N,B,Y,B,H,A,D,22,N,08,E,,,,,I,Y,N,D,1,0,0,0,22107.0,1,35.4636656,-119.11691281,3
2012,2012-04-14,615,4,1,6,6,N,B,Y,A,H,A,-,- ,E,18,F,,,,Y,A,Y,N,A,1,0,0,0,,1,35.03531912,-118.10376248,4
2012,2012-03-18,1447,3,1,14,7,Y,B,N,A,H,A,A,01,,12,D,,,,,C,Y,N,A,1,0,0,0,21453.0,2,35.37816499,-119.02355254,4
2012,2012-03-01,1145,3,1,11,4,Y,B,N,A,H,A,A,01,,09,D,,,,,C,Y,N,A,2,0,0,0,21802.0,2,35.36074505,-119.01654254,4
2012,2012-03-22,1601,3,1,16,4,Y,A,N,A,H,A,A,08,,03,C,,,,,C,Y,N,D,1,0,0,0,22350.0,2,35.39825496,-119.08335258,4
2012,2012-03-11,2126,3,1,21,7,Y,A,N,A,H,C,A,01,,12,D,,,,,C,Y,N,A,2,0,0,0,21453.0,2,35.35404504,-118.96762244,4
2012,2012-03-25,2345,3,1,23,7,Y,B,N,B,H,C,A,01,,09,D,,Y,,,G,N,N,A,1,0,1,0,21453.0,2,35.33371495,-119.09233246,3
2012,2012-04-09,1225,4,1,12,1,N,A,Y,A,H,A,D,22,N,03,C,,,,,C,Y,N,D,3,0,0,0,22350.0,2,35.39864445,-119.39684901,3
2012,2012-04-09,1727,4,1,17,1,N,A,Y,A,H,A,A,01,N,03,C,,,,,C,Y,N,A,2,0,0,0,22350.0,3,35.33207132,-119.30412797,4
2012,2012-03-04,2008,3,1,20,7,N,A,N,A,H,C,A,01,W,08,E,,,,,I,Y,N,D,1,0,0,0,22107.0,1,35.35426296,-119.05883403,4
2012,2012-04-05,2100,4,1,21,4,N,-,N,-,-,-,A,01,N,03,C,,,,,C,N,N,D,1,0,0,0,22350.0,2,35.33269051,-119.00312242,4
2012,2012-04-05,1225,4,1,12,4,N,A,N,A,H,A,A,07,S,03,C,,,,,C,Y,N,D,2,0,0,0,22350.0,2,35.34668635,-119.0434917,4
2012,2012-04-04,1455,4,1,14,3,N,B,N,A,H,A,A,07,E,08,E,,,,,I,Y,N,D,2,0,0,0,22107.0,1,35.37554699,-118.40023366,3
2012,2012-04-06,1640,4,1,16,5,N,A,Y,A,H,A,A,01,S,03,C,,,,,C,Y,N,D,2,0,0,0,22350.0,3,35.37770808,-119.0444273,4
2012,2012-04-03,755,4,1,7,2,N,A,Y,A,H,A,A,01,S,- ,E,,,,,I,Y,N,D,1,0,0,0,,1,35.47331322,-119.12980574,4
2012,2012-04-02,1824,4,1,18,1,N,A,N,A,H,A,C,02,E,01,E,,,Y,,I,Y,N,D,1,0,0,1,23152.0,1,35.35761162,-118.98497577,3
2012,2012-04-01,703,4,1,7,7,N,B,N,B,H,B,A,01,E,01,D,,,,,I,Y,N,D,1,0,0,0,23152.0,1,35.29595392,-118.96605149,3
2012,2012-04-01,330,4,1,3,7,N,B,Y,A,H,D,A,07,S,08,E,,,,,I,Y,N,D,2,0,0,0,22107.0,1,35.13820772,-119.08522909,3
2012,2012-04-04,2153,4,1,21,3,N,A,Y,A,H,D,A,01,N,03,C,,,,,C,N,N,D,2,0,0,0,22350.0,2,35.00586632,-119.40938984,4
2012,2012-02-16,1146,2,4,11,4,N,A,N,A,H,A,A,01,N,03,C,,,,,C,Y,N,D,1,0,0,0,22350.0,3,35.36456631,-119.09200771,4
2012,2012-04-02,1833,4,1,18,1,N,A,N,A,H,B,-,- ,N,03,C,,,,,C,Y,M,A,1,0,0,0,22350.0,2,35.34680927,-119.00310338,4
2012,2012-04-21,2339,4,1,23,6,N,A,N,A,H,C,A,01,E,01,E,,,,,I,Y,N,D,1,0,0,0,23152.0,1,35.31772495,-119.02007021,4
2012,2012-04-24,1645,4,1,16,2,N,B,Y,A,H,A,D,22,W,05,D,,,,,C,Y,N,D,1,0,0,0,21460.0,2,35.36916262,-119.46771976,4
2012,2012-04-01,1540,4,1,15,7,N,B,Y,A,H,A,A,08,N,03,C,,,,,C,N,N,D,1,0,0,0,22350.0,2,34.84803494,-118.8693123,4
2012,2012-04-20,1305,4,1,13,5,N,A,Y,A,H,A,F,27,N,08,E,,,,Y,I,Y,N,D,1,0,0,0,22107.0,1,35.51539707,-119.55147949,4
2012,2012-04-04,1730,4,1,17,3,N,A,N,A,H,A,A,07,E,08,F,,,,,A,Y,N,D,2,0,0,0,22107.0,1,34.83531087,-119.0395689,3
2012,2012-04-21,2200,4,1,22,6,N,A,N,A,H,C,D,22,W,01,E,,,,,I,Y,N,D,1,0,0,0,23152.0,1,35.49948101,-119.54423739,3
2012,2012-04-21,2145,4,1,21,6,N,A,Y,A,H,C,A,01,N,01,B,,,,,C,Y,N,D,1,0,0,0,23152.0,2,35.33255942,-119.03951899,3
2012,2012-04-23,1930,4,1,19,1,Y,A,N,A,H,B,D,22,,09,D,,,,,C,Y,N,D,1,0,0,0,21800.0,3,35.30584502,-119.00086246,4
2012,2012-04-23,900,4,1,9,1,N,A,Y,A,D,A,D,22,N,03,C,,,,Y,C,Y,N,D,1,0,0,0,22350.0,2,35.46346549,-119.11664824,3
2012,2012-04-24,1440,4,1,14,2,Y,A,N,A,H,A,D,22,,09,D,,,,,C,Y,N,A,2,0,0,0,21800.0,2,35.35030503,-118.98543248,4
2012,2012-04-08,1745,4,1,17,7,N,A,Y,A,H,A,A,01,N,01,C,,,,Y,C,Y,N,D,1,0,0,0,23152.0,2,35.57192952,-119.20144508,3
2012,2012-04-21,1125,4,1,11,6,N,A,Y,A,H,A,A,07,W,08,F,,,,,A,Y,N,D,3,0,0,0,22107.0,1,35.26741439,-119.27115818,3
2012,2012-03-01,1816,3,1,18,4,N,A,N,A,H,C,-,- ,W,21,C,,,,,C,N,N,D,1,0,0,0,22106.0,2,35.59383618,-119.33374286,4
2012,2012-03-16,1613,3,1,16,5,Y,A,Y,A,H,A,-,- ,,09,D,,,,,C,Y,N,A,1,0,0,0,21801.0,2,35.60150677,-119.33517872,3
2012,2012-03-24,142,3,1,1,6,Y,A,N,A,H,C,-,- ,,00,C,,,,,C,N,N,D,1,0,0,0,,2,35.58382003,-119.35660992,4