ACCIDENT_YEAR,COLLISION_DATE,COLLISION_TIME,MONTH,SEASON,24HOURS,DAY_OF_WEEK,INTERSECTION,WEATHER_1,STATE_HWY_IND,ROAD_SURFACE,ROAD_COND_1,LIGHTING,STWD_VEHTYPE_AT_FAULT,CHP_VEHTYPE_AT_FAULT,DIRECTION,PCF_VIOL_CATEGORY,TYPE_OF_COLLISION,PEDESTRIAN_ACCIDENT,BICYCLE_ACCIDENT,MOTORCYCLE_ACCIDENT,TRUCK_ACCIDENT,MVIW,TOW_AWAY,HIT_AND_RUN,CONTROL_DEVICE,NUMBER_INJURED,COUNT_PED_INJURED,COUNT_BICYCLIST_INJURED,COUNT_MC_INJURED,PCF_VIOLATION,PARTY_COUNT,POINT_Y,POINT_X,COLLISION_SEVERITY
2012,2012-07-09,1456,7,2,14,1,N,A,Y,A,H,A,G,25,W,08,E,,,,Y,I,Y,N,D,1,0,0,0,22107.0,1,35.25816423,-119.32576778,3
2012,2012-06-29,1145,6,2,11,5,N,A,Y,A,H,A,A,07,S,08,F,,,,,A,Y,N,D,1,0,0,0,22107.0,1,35.61366697,-119.6510185,3
2012,2012-06-27,1950,6,2,19,3,N,A,Y,A,H,B,A,07,S,08,E,,,,,I,Y,N,D,5,0,0,0,22107.0,1,35.28048243,-119.02634025,3
2012,2012-06-29,1445,6,2,14,5,N,A,Y,A,H,A,A,01,S,03,C,,,,,C,Y,N,D,1,0,0,0,22350.0,2,35.43382746,-119.07489133,4
2012,2012-06-29,655,6,2,6,5,N,A,N,A,H,A,A,07,W,03,C,,,,,C,Y,N,D,2,0,0,0,22350.0,2,35.41226364,-119.0570882,4
2012,2012-06-15,2115,6,2,21,5,Y,A,N,A,H,C,N,60,,11,G,Y,,,,B,N,F,D,1,1,0,0,21954.0,2,35.40861502,-119.01883254,3
2012,2012-06-26,2025,6,2,20,2,N,A,N,A,H,D,-,99,E,03,G,Y,,,,B,N,F,D,1,1,0,0,22350.0,2,35.41360495,-119.03217188,3
2012,2012-06-25,1435,6,2,14,1,N,A,Y,A,D,A,A,01,S,03,C,,,,,C,Y,N,D,1,0,0,0,22350.0,2,35.46833269,-119.12316779,3
2012,2012-07-05,310,7,2,3,4,N,A,Y,A,H,D,A,07,N,08,F,,,,,A,Y,N,D,1,0,0,0,22107.0,1,35.73260498,-119.73989253,2
2012,2012-07-03,1745,7,2,17,2,N,A,Y,A,H,A,A,07,W,03,C,,,,,C,Y,N,A,1,0,0,0,22350.0,3,35.3834792,-119.16682146,4
2012,2012-07-02,1720,7,2,17,1,N,A,N,A,H,A,L,04,S,05,D,,Y,,,G,N,N,D,1,0,1,0,21650.0,2,35.4156452,-119.0593069,4
2012,2012-07-02,2217,7,2,22,1,N,A,N,A,H,C,A,01,N,03,C,,,,,C,N,N,A,1,0,0,0,22350.0,2,35.36147727,-118.94985242,4
2012,2012-07-05,1930,7,2,19,4,N,A,N,A,H,A,A,07,N,08,E,,,,,I,N,N,D,1,0,0,0,22107.0,1,35.4819137,-118.82277713,4
2012,2012-06-07,1924,6,2,19,4,Y,A,N,A,H,A,I,19,,12,D,,,,,C,Y,N,A,4,0,0,0,21453.0,2,35.35397499,-119.02948254,3
2012,2012-06-27,1234,6,2,12,3,N,A,N,A,H,A,-,99,N,08,E,,,,,I,N,M,D,1,0,0,0,22107.0,2,35.32986458,-118.98555242,4
2012,2012-06-22,1711,6,2,17,5,Y,A,N,A,H,A,D,22,,09,D,,,,,C,Y,N,D,1,0,0,0,21801.0,2,35.39914499,-118.94996246,4
2012,2012-07-07,2227,7,2,22,6,N,A,N,A,H,C,N,60,E,11,G,Y,,,,B,N,N,D,1,1,0,0,21954.0,2,35.33942495,-119.01826333,3
2012,2012-07-05,1555,7,2,15,4,N,A,N,A,H,A,D,22,N,08,B,,,,,-,N,N,A,1,0,0,0,22107.0,2,35.31786763,-119.02135243,4
2012,2012-06-25,1355,6,2,13,1,N,A,N,A,H,A,N,60,N,11,G,Y,,,,B,N,N,D,1,1,0,0,21954.0,2,35.39312818,-119.00281243,2
2012,2012-06-15,1302,6,2,13,5,N,A,N,A,H,A,D,22,W,03,C,,,,,C,N,N,A,1,0,0,0,22350.0,2,35.36860723,-119.04043456,4
2012,2012-05-09,1030,5,1,10,3,Y,A,Y,A,H,A,D,22,,12,H,,Y,,,G,N,N,A,1,0,1,0,21453.0,2,35.62965561,-117.66957532,4
2012,2012-07-11,700,7,2,7,3,N,A,N,A,H,A,N,60,S,11,G,Y,,,,B,N,F,D,1,1,0,0,21954.0,2,35.37080692,-118.94982844,2
2012,2012-06-17,2257,6,2,22,7,N,A,N,A,H,C,-,- ,W,03,E,,,,,I,Y,N,D,1,0,0,0,22350.0,1,35.77574498,-119.29426925,4
2012,2012-06-23,33,6,2,0,6,N,A,N,A,H,D,-,- ,N,01,E,,,,,I,Y,N,A,1,0,0,0,23152.0,1,35.78313242,-119.22323181,4
2012,2012-06-25,1416,6,2,14,1,Y,A,N,A,H,A,-,- ,,08,A,,,,,C,Y,N,A,3,0,0,0,22107.0,2,35.77584506,-119.25857245,3
2012,2012-06-04,1330,6,2,13,1,N,A,N,A,H,A,L,04,N,05,H,,Y,,,G,N,N,D,1,0,1,0,21650.0,2,35.3710058,-118.9950538,4
2012,2012-06-15,2021,6,2,20,5,N,A,N,A,H,B,A,01,W,08,C,,,,,C,Y,N,D,2,0,0,0,22107.0,3,35.40914227,-118.9835949,3
2012,2012-06-07,2226,6,2,22,4,N,A,N,A,H,C,-,- ,S,18,E,,,Y,,H,Y,N,D,1,0,0,1,,1,35.32930625,-119.07451707,3
2012,2012-06-07,2015,6,2,20,4,N,A,N,A,H,A,L,04,N,05,D,,Y,,,G,N,F,D,1,0,1,0,21650.0,2,35.36508258,-119.01654243,3
2012,2012-06-12,521,6,2,5,2,N,A,N,A,H,B,A,08,N,09,D,,,,,C,Y,N,A,1,0,0,0,21802.0,2,35.31771964,-118.98548269,4
2012,2012-06-20,1510,6,2,15,3,N,A,Y,A,H,A,A,01,E,03,E,,,,,I,N,N,A,1,0,0,0,22350.0,1,35.32167498,-119.03739237,3
2012,2012-06-26,1010,6,2,10,2,N,A,N,A,H,-,-,- ,E,01,B,,,,,I,Y,M,D,1,0,0,0,23152.0,1,35.30086443,-119.07225829,3
2012,2012-06-30,1730,6,2,17,6,Y,A,N,A,H,A,B,01,,04,C,,,,,C,N,F,D,1,0,0,0,21703.0,2,35.20173498,-118.83762251,4
2012,2012-06-26,646,6,2,6,2,N,A,N,A,H,A,A,01,E,08,E,,,,,I,Y,N,D,1,0,0,0,22107.0,1,35.05008218,-118.35315012,3
2012,2012-07-02,2020,7,2,20,1,N,A,Y,A,H,D,A,07,N,08,F,,,,,A,Y,N,D,3,0,0,0,22107.0,1,35.24645053,-118.04197321,3
2012,2012-07-08,1740,7,2,17,7,N,A,Y,A,H,A,A,01,W,08,E,,,,,I,Y,N,D,1,0,0,0,22107.0,1,35.2116691,-118.54488364,3
2012,2012-07-01,630,7,2,6,7,N,A,N,A,H,A,A,01,S,01,F,,,,,A,Y,N,D,1,0,0,0,23152.0,1,34.91317364,-118.21566403,3
2012,2012-07-04,25,7,2,0,3,N,A,Y,A,H,D,A,01,W,06,B,,,,,C,Y,N,D,2,0,0,0,21750.0,2,35.22443696,-119.38316841,4
2012,2012-07-01,1715,7,2,17,7,N,A,Y,A,H,A,A,01,S,03,C,,,,,C,Y,N,D,4,0,0,0,22350.0,3,35.29178505,-119.25063497,4
2012,2012-07-07,2500,7,2,25,6,N,A,N,A,H,A,A,01,W,08,E,,,,,I,N,N,D,1,0,0,0,22107.0,1,35.19448495,-118.8291773,3
2012,2012-06-27,2000,6,2,20,3,N,A,Y,A,H,B,A,07,E,03,E,,,,,I,Y,N,D,1,0,0,0,22350.0,1,35.53057359,-118.65004953,4
2012,2012-06-25,1840,6,2,18,1,Y,A,Y,A,H,A,A,01,,12,D,,,,,C,N,F,A,2,0,0,0,21453.0,2,35.23145005,-118.91440234,3
2012,2012-07-10,725,7,2,7,2,N,A,Y,A,H,A,A,07,W,08,D,,,,,C,Y,N,D,2,0,0,0,22107.0,2,35.38350298,-119.15739687,4
2012,2012-07-05,1745,7,2,17,4,N,A,N,A,H,A,A,07,E,03,C,,,,,C,Y,N,A,1,0,0,0,22350.0,2,35.39748616,-118.99389488,3
2012,2012-07-10,810,7,2,8,2,N,A,Y,A,H,A,C,02,S,03,F,,,Y,,A,Y,N,D,1,0,0,1,22350.0,1,35.59098668,-119.20470029,3
2012,2012-07-06,1505,7,2,15,5,N,A,Y,A,H,A,A,01,S,03,C,,,,,C,N,N,D,1,0,0,0,22350.0,2,35.39736849,-119.04470774,4
2012,2012-07-07,500,7,2,5,6,N,A,Y,A,H,A,A,01,W,08,F,,,,,A,Y,N,D,1,0,0,0,22107.0,1,35.20888763,-118.86278368,4
2012,2012-07-03,2120,7,2,21,2,N,A,N,A,H,C,A,01,S,03,C,,,,,C,Y,N,D,2,0,0,0,22350.0,3,35.41440601,-119.03899986,4
2012,2012-07-02,1830,7,2,18,1,Y,A,N,-,H,A,A,08,,09,D,,,,,C,Y,N,A,1,0,0,0,21802.0,2,35.26728498,-118.84280244,4
2012,2012-06-27,912,6,2,9,3,N,A,N,A,H,C,A,01,N,03,E,,,,,I,Y,M,D,2,0,0,0,22350.0,1,35.38864409,-119.09241638,3
2012,2012-06-27,1224,6,2,12,3,N,A,N,-,A,A,A,01,E,08,G,Y,,,,B,N,F,D,1,1,0,0,22107.0,2,35.28129776,-119.02927816,3
2012,2012-06-22,1249,6,2,12,5,Y,A,N,A,H,A,A,01,,12,D,,,,,C,Y,N,A,1,0,0,0,22450.0,2,35.28135502,-119.04787257,3
2012,2012-06-22,1751,6,2,17,5,Y,A,N,A,H,A,L,04,,08,H,,Y,,,G,N,N,D,1,0,1,0,22107.0,2,35.34939498,-119.02125255,3
2012,2012-06-23,1652,6,2,16,6,N,A,N,A,H,A,A,01,E,08,H,,Y,,,G,N,N,D,1,0,1,0,22107.0,2,35.35428495,-119.06116506,3
2012,2012-06-26,2117,6,2,21,2,N,A,N,A,H,C,N,60,E,11,G,Y,,,,B,N,N,D,1,1,0,0,21954.0,2,35.33221937,-119.04259851,2
2012,2012-06-27,732,6,2,7,3,N,A,N,-,A,A,L,04,N,17,H,,Y,,,G,N,N,D,1,0,1,0,21208.0,2,35.35342142,-119.01897243,4
2012,2012-06-24,2050,6,2,20,7,N,A,Y,A,H,D,A,01,S,01,C,,,,,C,Y,F,D,2,0,0,0,23152.0,2,35.78306344,-119.25236497,3
2012,2012-06-21,1357,6,2,13,4,Y,A,N,A,H,A,A,07,,09,D,,,,,C,N,N,A,2,0,0,0,21802.0,2,35.38481506,-119.01889257,3
2012,2012-07-03,103,7,2,1,2,N,A,N,A,H,C,J,48,E,08,E,,,,,I,Y,N,A,1,0,0,0,22107.0,1,35.36789983,-119.04178083,4
2012,2012-07-03,1114,7,2,11,2,N,A,N,A,H,A,A,01,N,12,D,,,,,C,Y,N,A,2,0,0,0,21453.0,2,35.30494941,-119.0923193,4
2012,2012-07-03,1229,7,2,12,2,Y,A,N,A,H,A,A,01,,12,D,,,,,C,Y,N,A,1,0,0,0,21453.0,2,35.38609006,-119.10992992,4
2012,2012-07-05,1854,7,2,18,4,Y,A,N,A,H,A,A,01,,03,C,,,,,C,N,N,A,2,0,0,0,22350.0,2,35.33218505,-119.03780252,4
2012,2012-07-06,1037,7,2,10,5,N,A,N,A,H,A,A,08,E,03,C,,,,,C,N,N,A,1,0,0,0,22350.0,2,35.35382527,-119.0016122,4
2012,2012-07-09,2008,7,2,20,1,N,A,Y,A,H,A,A,01,W,08,D,,,,,C,Y,N,D,2,0,0,0,22107.0,2,35.38346196,-119.1851481,4
2012,2012-07-12,515,7,2,5,4,N,A,Y,A,D,B,A,07,S,03,C,,,,,C,Y,N,D,1,0,0,0,22350.0,2,35.43230681,-119.07371602,4
2012,2012-07-05,732,7,2,7,4,N,A,N,A,H,A,N,60,S,11,G,Y,,,,B,N,N,D,1,1,0,0,21954.0,2,35.37615033,-118.96760242,3
2012,2012-07-12,2250,7,2,22,4,N,A,N,A,H,D,-,99,S,03,C,,,,,C,N,M,D,1,0,0,0,22350.0,2,35.40853008,-119.03899137,4
2012,2012-07-12,745,7,2,7,4,N,B,N,A,H,A,A,01,W,03,C,,,,,C,N,N,A,1,0,0,0,22350.0,2,35.26695495,-118.93242365,4
2012,2012-07-08,1720,7,2,17,7,N,A,N,A,H,A,C,02,N,08,F,,,Y,,A,N,N,D,1,0,0,1,22107.0,1,,,4
2012,2012-07-02,520,7,2,5,1,Y,A,N,A,H,A,A,01,,09,D,,,,,C,Y,N,A,4,0,0,0,21802.0,2,35.22332502,-118.89612249,2
2012,2012-06-28,800,6,2,8,4,N,A,Y,A,H,A,A,01,N,08,E,,,,,I,Y,N,D,1,0,0,0,22107.0,1,35.70424617,-119.71907534,4
2012,2012-06-28,1445,6,2,14,4,N,A,N,A,H,A,A,07,S,21,C,,,,,C,N,N,A,2,0,0,0,22106.0,2,35.3465358,-119.03899332,4
2012,2012-06-29,1455,6,2,14,5,N,A,Y,A,H,A,A,01,N,03,C,,,,,C,N,N,D,1,0,0,0,22350.0,2,35.34388331,-119.03942238,4
2012,2012-06-30,2350,6,2,23,6,N,A,N,A,H,D,J,48,W,03,C,,,,,C,N,N,D,1,0,0,0,22350.0,2,35.36735609,-118.95016303,4
2012,2012-07-13,1300,7,2,13,5,N,A,N,A,H,A,A,01,S,03,C,,,,,C,Y,N,D,1,0,0,0,22350.0,4,35.38268171,-119.11011245,4
2012,2012-07-15,2115,7,2,21,7,N,A,N,A,H,C,D,22,N,03,C,,,,,C,N,F,D,1,0,0,0,22350.0,2,35.3111981,-119.00310835,4
2012,2012-07-13,455,7,2,4,5,N,A,Y,A,D,B,A,01,S,03,C,,,,,C,Y,N,D,1,0,0,0,22350.0,3,35.42107499,-119.06100239,4
2012,2012-07-14,1550,7,2,15,6,Y,A,N,A,H,A,A,07,,12,A,,,,,C,Y,N,A,4,0,0,0,21453.0,2,35.38314499,-118.94978253,4
2012,2012-07-16,505,7,2,5,1,Y,A,Y,A,H,B,D,22,,09,D,,,,,C,Y,N,A,4,0,0,0,21802.0,2,35.07647526,-118.97393762,4
2012,2012-07-08,1815,7,2,18,7,N,A,N,A,H,A,D,22,W,01,E,,,,,I,Y,N,D,1,0,0,0,23152.0,1,35.23803495,-118.86280634,3
2012,2012-07-05,1920,7,2,19,4,N,A,N,A,H,A,D,22,W,08,F,,,,,I,Y,M,D,1,0,0,0,22107.0,1,35.44561976,-118.92288381,4
2012,2012-07-12,516,7,2,5,4,N,A,Y,A,H,B,D,22,N,03,C,,,,,C,Y,N,D,1,0,0,0,22350.0,2,35.43039499,-119.07211239,3
2012,2012-07-10,500,7,2,5,2,N,A,N,A,H,B,D,22,N,05,A,,,,,C,Y,N,D,5,0,0,0,21460.0,2,35.29017643,-119.46468174,2
2012,2012-07-16,425,7,2,4,1,N,A,Y,A,H,C,D,22,N,08,E,,,,,I,Y,N,D,1,0,0,0,22107.0,1,35.36349959,-119.34848211,3
2012,2012-07-13,1730,7,2,17,5,N,A,Y,A,H,A,-,- ,S,07,B,,,,Y,C,Y,N,D,1,0,0,0,21658.0,2,35.55916559,-119.59834466,3
2012,2012-06-23,1720,6,2,17,6,N,A,N,A,H,A,A,07,E,01,A,,,,,C,Y,F,D,1,0,0,0,23152.0,2,34.82316001,-118.9591796,3
2012,2012-06-13,723,6,2,7,3,Y,A,N,A,H,A,A,01,,09,D,,,,,C,N,N,D,1,0,0,0,21802.0,2,35.18912003,-118.82771996,4
2012,2012-07-16,1340,7,2,13,1,N,A,Y,A,D,A,A,01,S,03,C,,,,,C,Y,N,D,1,0,0,0,22350.0,3,35.38751949,-119.38141098,3
2012,2012-07-15,1840,7,2,18,7,N,A,Y,A,D,A,A,01,N,03,C,,,,,C,Y,N,A,2,0,0,0,22350.0,2,35.35666789,-119.33885933,3
2012,2012-07-05,1600,7,2,16,4,N,A,Y,A,D,A,A,01,N,03,C,,,,,C,Y,N,D,1,0,0,0,22350.0,2,35.33494829,-119.30755413,3
2012,2012-07-19,550,7,2,5,4,N,B,Y,B,H,B,D,22,W,03,C,,,,,C,Y,N,D,2,0,0,0,22350.0,2,35.44136198,-119.45593591,3
2012,2012-07-18,535,7,2,5,3,N,A,N,A,H,A,D,22,E,03,C,,,,,C,N,N,D,1,0,0,0,22350.0,2,35.18005822,-119.52730575,4
2012,2012-06-01,821,6,2,8,5,Y,A,N,A,H,A,A,01,,08,B,,,,,C,Y,N,A,2,0,0,0,22100.0,2,35.38118504,-119.01645249,3
2012,2012-06-21,1324,6,2,13,4,N,A,N,A,H,A,A,01,E,03,C,,,,,C,Y,N,D,2,0,0,0,22350.0,3,35.31307584,-119.07211962,3
2012,2012-06-29,1646,6,2,16,5,N,A,N,A,H,A,A,07,N,03,C,,,,,C,N,N,A,2,0,0,0,22350.0,4,35.42712136,-119.09233117,4
2012,2012-07-06,1916,7,2,19,5,Y,A,N,A,H,B,A,08,,12,D,,,,Y,C,Y,N,A,1,0,0,0,21453.0,2,35.37943499,-118.98031252,3
2012,2012-06-22,759,6,2,7,5,N,A,N,A,H,A,A,01,N,08,G,,,,,E,Y,N,D,1,0,0,0,22107.0,2,35.38383026,-119.02964713,4
2012,2012-06-28,1240,6,2,12,4,N,A,N,A,H,A,A,01,W,03,C,,,,,C,N,N,D,1,0,0,0,22350.0,3,35.3810189,-119.03096477,4
2012,2012-07-10,724,7,2,7,2,Y,A,N,A,H,A,A,01,,09,D,,,,,C,N,N,A,2,0,0,0,21802.0,2,35.28164502,-119.09226255,4
2012,2012-07-17,252,7,2,2,2,N,A,N,A,H,C,-,- ,W,18,H,,,Y,,H,Y,N,D,1,0,0,1,,1,35.31819125,-119.07914421,3
2012,2012-07-18,1720,7,2,17,3,N,A,N,A,H,A,A,08,E,03,C,,,Y,,C,N,N,A,1,0,0,1,22350.0,2,35.31305352,-119.07426519,4
2012,2012-07-17,947,7,2,9,2,Y,A,N,A,H,A,A,01,,09,D,,,,,C,Y,N,A,1,0,0,0,21802.0,2,35.36854503,-119.02011249,4
2012,2012-07-14,2301,7,2,23,6,Y,A,N,A,H,C,A,07,,03,C,,,,,C,N,N,A,1,0,0,0,22350.0,2,35.38355005,-119.10102993,4
2012,2012-07-09,1043,7,2,10,1,Y,A,N,A,H,A,A,01,,12,D,,,,,C,Y,N,A,2,0,0,0,21457.0,2,35.33371495,-119.09233246,4
2012,2012-07-09,1242,7,2,12,1,N,A,N,A,H,A,A,07,N,09,D,,,,,C,N,N,D,1,0,0,0,21804.0,2,35.33984727,-119.05035426,4
2012,2012-07-10,600,7,2,6,2,N,A,N,A,H,A,N,60,W,11,G,Y,,,,B,N,F,D,1,1,0,0,21954.0,2,35.32947503,-118.98555247,2
2012,2012-07-01,1400,7,2,14,7,Y,A,N,A,H,A,A,01,,12,A,,,,,C,Y,N,A,3,0,0,0,21453.0,2,35.39776499,-118.94995253,4
2012,2012-07-01,1900,7,2,19,7,Y,A,N,A,H,A,A,07,,09,D,,,,,C,N,M,A,1,0,0,0,21804.0,2,35.36730504,-119.00427254,4
2012,2012-07-04,1257,7,2,12,3,Y,A,N,A,H,A,A,01,,09,D,,,,,C,Y,N,D,1,0,0,0,21804.0,2,35.31769498,-118.98548243,2
2012,2012-07-05,1709,7,2,17,4,N,A,N,A,H,A,A,08,N,08,B,,,,,E,Y,N,D,1,0,0,0,22107.0,2,35.32930604,-119.04790894,4
2012,2012-07-06,1358,7,2,13,5,N,A,N,A,H,A,D,72,E,09,D,,,,,C,N,N,A,2,0,0,0,21453.0,2,35.49978647,-119.17001496,4
2012,2012-07-12,1355,7,2,13,4,N,A,N,A,H,A,D,22,S,09,B,,,,,C,Y,N,D,1,0,0,0,21801.0,3,35.10970948,-118.3966924,3
2012,2012-07-10,1610,7,2,16,2,Y,A,N,A,H,A,A,07,,09,D,,,,,C,Y,N,D,3,0,0,0,21801.0,2,34.85311002,-118.18786994,3
2012,2012-07-07,2308,7,2,23,6,N,A,Y,A,H,C,A,07,E,01,B,,,,,C,Y,N,D,1,0,0,0,23152.0,2,35.64705441,-117.81089868,2
2012,2012-06-09,1230,6,2,12,6,Y,A,N,A,H,A,-,- ,,03,D,,,,,C,Y,N,D,1,0,0,0,22350.0,2,35.37412505,-118.94750248,4
2012,2012-06-27,1530,6,2,15,3,N,A,Y,A,H,A,A,01,N,09,A,,,,,C,Y,N,D,2,0,0,0,21804.0,2,35.34293257,-118.91427235,4
2012,2012-06-23,1542,6,2,15,6,N,A,N,A,H,A,A,07,E,21,C,,,,,C,N,N,A,1,0,0,0,22106.0,2,35.41222728,-119.05282869,4
2012,2012-06-21,1429,6,2,14,4,N,A,Y,A,H,A,-,99,S,03,C,,,,,C,Y,F,D,2,0,0,0,22350.0,2,35.30840089,-119.03370534,3
2012,2012-06-28,1000,6,2,10,4,N,A,N,A,H,A,A,01,W,08,E,,,,,I,Y,N,D,1,0,0,0,22107.0,1,35.23803495,-118.86407376,4
2012,2012-06-23,1430,6,2,14,6,Y,A,Y,A,H,A,A,01,,03,C,,,,,C,N,N,A,1,0,0,0,22350.0,2,35.36183268,-118.91427584,4
2012,2012-06-25,1400,6,2,14,1,N,A,N,A,H,A,A,01,N,01,E,,,,,I,N,N,D,1,0,0,0,23152.0,1,34.95105738,-118.24104288,3
2012,2012-07-03,1202,7,2,12,2,N,A,N,A,H,A,C,02,N,08,F,,,Y,,A,Y,N,D,2,0,0,2,22107.0,1,35.1447336,-118.31172899,3
2012,2012-07-10,1636,7,2,16,2,N,A,N,A,H,A,A,01,N,09,D,,,,,C,Y,N,D,1,0,0,0,21804.0,2,35.2965388,-119.02132242,4
2012,2012-06-22,1956,6,2,19,5,N,A,N,A,H,A,D,22,E,09,D,,,Y,,C,N,N,D,1,0,0,1,21804.0,2,35.33942766,-119.01786486,3
2012,2012-07-12,1010,7,2,10,4,N,B,Y,A,H,A,A,01,S,08,H,,,,,J,Y,N,D,1,0,0,0,22107.0,1,34.93038367,-118.92355788,3
2012,2012-06-30,1125,6,2,11,6,N,A,Y,A,H,A,A,07,,07,B,,,,,C,Y,N,A,1,0,0,0,21658.0,2,34.94046879,-118.9304594,4
2012,2012-06-12,1721,6,2,17,2,N,A,N,A,H,A,A,01,W,03,A,,,,,C,Y,N,A,2,0,0,0,22350.0,2,35.60066506,-117.68835947,4
2012,2012-05-29,1015,5,1,10,2,Y,A,N,A,H,A,A,01,,09,D,,,,,C,Y,N,A,1,0,0,0,21800.0,2,35.60797512,-117.67051227,4
2012,2012-05-07,755,5,1,7,1,Y,A,Y,A,H,A,A,01,,12,D,,,,,C,Y,N,A,1,0,0,0,21453.0,3,35.62249427,-117.66978246,4
2012,2012-05-21,1600,5,1,16,1,N,A,N,A,G,A,C,06,S,03,F,,,Y,,A,N,N,D,1,0,0,1,22350.0,1,35.6284386,-117.65184586,2
2012,2012-05-30,714,5,1,7,3,Y,A,N,A,H,A,A,01,,08,D,,,Y,,C,Y,N,D,1,0,0,1,22107.0,2,35.61705515,-117.67007225,3
2012,2012-05-24,1815,5,1,18,4,Y,A,N,A,H,A,A,01,,09,D,,,,,C,N,F,D,1,0,0,0,21801.0,2,35.39762506,-118.96563247,3
2012,2012-06-29,831,6,2,8,5,N,A,N,A,H,A,A,01,E,08,H,,,,,A,N,N,D,1,0,0,0,22107.0,2,35.37338967,-119.01822213,4
2012,2012-06-30,2320,6,2,23,6,Y,A,N,D,H,C,A,01,,17,H,,,,,A,N,N,D,1,0,0,0,23112.0,2,35.31772503,-119.0213525,4
2012,2012-06-17,1302,6,2,13,7,N,A,N,A,H,A,A,07,E,03,C,,,,,C,Y,N,D,1,0,0,0,22350.0,4,35.36866628,-119.03825255,4
2012,2012-06-25,1056,6,2,10,1,N,A,N,A,H,A,-,- ,N,18,C,,,,,E,Y,N,D,1,0,0,0,,3,35.32543866,-119.0434775,3
2012,2012-07-04,2143,7,2,21,3,N,A,N,A,H,C,A,01,N,01,C,,,,,C,Y,N,A,5,0,0,0,23152.0,4,35.32573207,-119.10954507,4
2012,2012-07-13,1222,7,2,12,5,N,A,N,A,H,A,A,07,S,01,E,,,,,I,Y,N,D,1,0,0,0,23152.0,1,35.33426842,-119.05432801,4
2012,2012-04-18,1600,4,1,16,3,N,A,N,A,H,A,A,01,N,09,D,,,,,C,Y,N,D,1,0,0,0,21801.0,2,35.64542497,-117.67880223,3
2012,2012-04-27,1232,4,1,12,5,N,A,N,A,H,A,A,01,E,09,D,,,,,C,N,N,D,2,0,0,0,21804.0,2,35.63706507,-117.67790622,4
2012,2012-06-26,1630,6,2,16,2,N,A,N,A,H,A,A,07,E,08,E,,,,,I,Y,N,D,1,0,0,0,22107.0,1,35.76062954,-119.56955423,4
2012,2012-07-10,1814,7,2,18,2,N,A,Y,A,H,A,-,- ,E,08,E,,,,,I,N,N,D,1,0,0,0,22107.0,1,35.60151188,-119.38128195,3
2012,2012-07-07,400,7,2,4,6,N,A,N,A,H,C,-,- ,N,00,F,,,,,A,Y,N,D,3,0,0,0,,1,35.59617325,-119.32820507,3
2012,2012-07-03,1632,7,2,16,2,N,A,Y,A,H,A,-,- ,E,- ,C,,,,,C,Y,N,A,1,0,0,0,,2,35.60149929,-119.35273486,4
2012,2012-07-08,26,7,2,0,7,N,A,N,A,H,D,A,07,N,08,E,,,,,I,Y,N,D,1,0,0,0,22107.0,1,35.13230579,-119.46226128,3
2012,2012-07-06,1130,7,2,11,5,N,A,Y,A,D,A,A,07,N,03,C,,,,,C,Y,N,D,1,0,0,0,22350.0,3,35.3061251,-119.26843955,4
2012,2012-07-10,110,7,2,1,2,N,A,Y,A,H,E,A,07,S,08,F,,,,,A,Y,N,D,1,0,0,0,22107.0,1,35.76134082,-119.76102435,3
2012,2012-07-07,1913,7,2,19,6,N,A,N,A,H,A,A,01,N,01,B,,,,,E,Y,N,D,1,0,0,0,23153.0,2,35.20729255,-118.83091366,3
2012,2012-06-19,2045,6,2,20,2,Y,A,N,A,H,C,L,04,,- ,D,,Y,,,G,N,N,D,1,0,1,0,,2,35.58256002,-119.34444996,3
2012,2012-07-22,1245,7,2,12,7,N,A,Y,A,D,A,A,01,S,03,C,,,,,C,Y,N,D,2,0,0,0,22350.0,2,35.38011266,-119.37111156,4
2012,2012-07-18,1300,7,2,13,3,N,A,Y,A,H,A,A,07,S,03,C,,,,,C,Y,N,D,3,0,0,0,22350.0,3,35.35524529,-119.33630447,3
2012,2012-07-14,735,7,2,7,6,N,A,Y,A,H,A,A,01,S,08,E,,,,,I,Y,N,D,2,0,0,0,22107.0,1,35.40613075,-119.04792733,4
2012,2012-07-07,925,7,2,9,6,N,A,N,A,H,A,C,02,S,03,E,,,Y,,I,N,N,A,1,0,0,1,22350.0,1,35.43510892,-119.02138148,3
2012,2012-07-10,2000,7,2,20,2,N,A,N,A,H,B,L,04,W,09,H,,Y,,,G,N,N,D,1,0,1,0,21804.0,2,35.25462632,-118.90664996,3
2012,2012-07-05,1944,7,2,19,4,Y,A,N,A,H,A,A,01,,09,E,,,,,I,Y,M,A,1,0,0,0,21801.0,2,35.67456499,-119.20474235,3
2012,2012-07-18,1445,7,2,14,3,Y,A,N,A,H,A,D,22,,09,D,,,,,C,Y,N,A,1,0,0,0,21802.0,3,35.25256506,-118.87837244,4
2012,2012-07-12,1550,7,2,15,4,N,A,Y,A,H,A,A,01,E,01,C,,,,,C,Y,N,D,1,0,0,0,23152.0,3,35.39657499,-118.94167236,4
2012,2012-07-14,1449,7,2,14,6,Y,A,N,A,H,A,A,08,,09,D,,,,,C,Y,N,A,5,0,0,0,21802.0,2,35.55791496,-119.40300243,3
2012,2012-07-08,1820,7,2,18,7,N,A,N,A,H,A,A,01,E,01,D,,,,,C,Y,N,D,1,0,0,0,23152.0,2,35.29596577,-118.9624504,4
2012,2012-07-22,715,7,2,7,7,N,A,N,A,H,A,D,22,S,01,B,,,,,E,Y,N,D,1,0,0,0,23152.0,4,35.34611874,-118.99419242,4