ACCIDENT_YEAR,COLLISION_DATE,COLLISION_TIME,MONTH,SEASON,24HOURS,DAY_OF_WEEK,INTERSECTION,WEATHER_1,STATE_HWY_IND,ROAD_SURFACE,ROAD_COND_1,LIGHTING,STWD_VEHTYPE_AT_FAULT,CHP_VEHTYPE_AT_FAULT,DIRECTION,PCF_VIOL_CATEGORY,TYPE_OF_COLLISION,PEDESTRIAN_ACCIDENT,BICYCLE_ACCIDENT,MOTORCYCLE_ACCIDENT,TRUCK_ACCIDENT,MVIW,TOW_AWAY,HIT_AND_RUN,CONTROL_DEVICE,NUMBER_INJURED,COUNT_PED_INJURED,COUNT_BICYCLIST_INJURED,COUNT_MC_INJURED,PCF_VIOLATION,PARTY_COUNT,POINT_Y,POINT_X,COLLISION_SEVERITY
2012,2012-12-21,1745,12,4,17,5,N,A,N,A,H,D,A,01,E,09,D,,,,,C,Y,N,A,3,0,0,0,21802.0,2,35.10936484,-118.49051562,3
2012,2012-12-28,500,12,4,5,5,N,A,N,A,H,C,A,01,W,01,E,,,,,I,Y,N,D,1,0,0,0,23152.0,1,35.05727025,-118.1794703,3
2012,2012-12-27,1750,12,4,17,4,N,B,Y,B,H,D,A,01,W,08,B,,,,,C,Y,N,D,3,0,0,0,22107.0,2,35.16726702,-118.4736067,3
2012,2012-12-27,515,12,4,5,4,N,D,Y,C,H,D,A,01,E,08,E,,,,,I,Y,N,D,3,0,0,0,22107.0,1,35.1178614,-118.38817637,4
2012,2012-12-30,1003,12,4,10,7,N,B,Y,A,H,A,A,01,N,08,E,,,,,I,Y,N,D,1,0,0,0,22107.0,1,34.94127349,-119.46415014,4
2012,2012-12-20,1330,12,4,13,4,N,A,Y,A,H,A,A,07,N,08,E,,,,,J,Y,N,D,1,0,0,0,22107.0,1,34.8255334,-118.17014366,4
2012,2012-12-11,1306,12,4,13,2,N,A,N,A,H,A,A,07,W,03,C,,,,,C,Y,N,A,1,0,0,0,22350.0,2,35.41514985,-119.11670923,4
2012,2012-12-12,1021,12,4,10,3,Y,A,N,A,H,A,A,07,,12,D,,,,,C,Y,N,A,2,0,0,0,21453.0,2,35.36392497,-119.05721257,3
2012,2012-12-02,1505,12,4,15,7,N,B,Y,B,H,A,A,01,E,03,F,,,,,A,Y,N,D,1,0,0,0,22350.0,1,35.46093096,-118.76854735,3
2012,2012-12-03,1718,12,4,17,1,N,A,N,A,H,C,A,07,W,03,C,,,,,C,N,N,A,1,0,0,0,22350.0,2,35.31876171,-119.00316487,4
2012,2012-12-03,10,12,4,0,1,N,B,Y,A,H,D,A,01,W,08,F,,,,,A,Y,N,D,1,0,0,0,22107.0,1,35.20936586,-118.75052464,3
2012,2012-12-02,1753,12,4,17,7,Y,C,N,B,H,E,A,01,,12,D,,,,,C,N,N,A,1,0,0,0,22450.0,2,35.30315495,-119.0478825,4
2012,2012-12-02,900,12,4,9,7,N,B,N,A,H,A,A,01,N,08,C,,,,,E,N,N,D,1,0,0,0,22107.0,2,35.3631308,-118.97644242,4
2012,2012-11-22,1337,11,3,13,4,N,A,Y,A,H,A,A,07,E,06,F,,,,,A,Y,N,D,4,0,0,0,21751.0,1,35.60158507,-119.30887369,2
2012,2012-09-11,800,9,3,8,2,N,A,N,A,H,A,A,01,S,10,G,Y,,,,B,N,F,D,1,1,0,0,21950.0,2,35.28773918,-119.01188493,3
2012,2012-09-07,1827,9,3,18,5,Y,A,N,A,H,B,A,01,,12,D,,,,,C,Y,N,A,1,0,0,0,21453.0,2,35.35436499,-119.08288248,3
2012,2012-09-28,1032,9,3,10,5,Y,A,N,A,H,A,-,- ,,12,D,,,,,C,Y,F,A,2,0,0,0,22450.0,2,35.37907501,-119.0152925,4
2012,2012-09-21,1601,9,3,16,5,Y,A,N,A,D,A,A,01,,09,D,,,,,C,Y,N,A,1,0,0,0,21453.0,2,35.36891505,-119.14542251,3
2012,2012-09-22,943,9,3,9,6,N,A,N,A,H,A,-,- ,W,18,E,,,,,I,Y,N,D,1,0,0,0,,1,35.40139333,-119.07555699,3
2013,2013-02-08,1345,2,4,13,5,N,B,Y,B,H,A,A,01,W,08,E,,,,,I,Y,N,D,2,0,0,0,22107.0,1,35.4787173,-118.7319813,4
2013,2013-02-08,1700,2,4,17,5,N,B,Y,B,H,A,A,01,E,03,B,,,,,C,Y,N,D,2,0,0,0,22350.0,2,35.2089178,-118.8566206,4
2013,2013-02-10,1450,2,4,14,7,N,A,N,A,H,A,A,07,S,21,H,,,,,A,N,N,D,2,0,0,0,22106.0,2,35.4055166,-119.07591105,3
2013,2013-02-08,1048,2,4,10,5,N,C,Y,C,G,A,A,01,E,08,B,,,,,C,Y,N,D,1,0,0,0,22107.0,2,35.3175463,-118.7896438,4
2012,2012-11-07,1235,11,3,12,3,N,A,Y,A,D,A,A,01,S,03,C,,,,,C,Y,M,D,1,0,0,0,22350.0,2,35.4391731,-119.08167149,3
2012,2012-11-07,1515,11,3,15,3,Y,A,N,A,H,A,A,01,,09,D,,,Y,,C,Y,N,A,1,0,0,1,21800.0,2,35.38891504,-118.97691245,4
2012,2012-11-03,1330,11,3,13,6,N,A,N,A,H,A,A,01,S,01,C,,,,,C,Y,N,A,1,0,0,0,23152.0,2,35.42707987,-119.03910462,4
2012,2012-11-07,455,11,3,4,3,N,A,N,A,H,D,A,01,E,08,E,,,,,I,Y,N,D,1,0,0,0,22107.0,1,35.41973255,-119.19736499,3
2012,2012-11-07,1225,11,3,12,3,N,A,N,A,H,A,A,01,W,06,G,Y,,,,B,N,N,D,1,1,0,0,21951.0,2,35.37715118,-118.97106812,4
2012,2012-11-06,1515,11,3,15,2,N,A,N,A,H,A,A,01,S,03,C,,,,,C,N,N,D,1,0,0,0,22350.0,2,35.36504777,-118.93195242,4
2012,2012-11-03,1700,11,3,17,6,N,A,N,A,H,A,A,01,S,10,G,Y,,,,B,N,N,A,1,1,0,0,21950.0,2,35.37526575,-118.96760242,4
2012,2012-11-02,1150,11,3,11,5,N,B,N,A,H,A,A,01,W,21,C,,,,,C,N,N,A,2,0,0,0,22106.0,2,35.37619814,-118.96652763,4
2013,2013-02-17,205,2,4,2,7,N,A,Y,A,H,C,A,01,W,01,E,,,,,I,Y,N,D,2,0,0,0,23152.0,1,35.2090925,-118.8379733,3
2013,2013-03-11,1645,3,1,16,1,N,A,Y,A,H,A,A,01,W,03,F,,,,,A,Y,N,D,1,0,0,0,22350.0,1,35.352555,-119.0085824,4
2012,2012-10-27,1240,10,3,12,6,N,A,N,A,H,A,A,01,E,08,C,,,,,E,Y,N,D,1,0,0,0,22107.0,3,35.34488062,-119.02304396,4
2012,2012-10-27,1135,10,3,11,6,N,A,N,A,H,A,A,01,E,03,C,,,,,C,N,N,A,1,0,0,0,22350.0,2,35.37596795,-118.95348242,4
2012,2012-10-15,1540,10,3,15,1,Y,A,N,A,H,A,L,04,,09,D,,Y,,,G,N,N,A,1,0,1,0,21802.0,2,35.40677496,-119.02546253,3
2012,2012-10-06,700,10,3,7,6,N,A,Y,A,H,A,A,01,W,08,F,,,,,A,Y,N,D,1,0,0,0,22107.0,1,35.6481584,-118.41965658,3
2012,2012-10-14,2355,10,3,23,7,N,A,N,A,H,D,A,01,S,01,E,,,,,I,Y,N,D,1,0,0,0,23152.0,1,35.41799015,-119.02128029,3
2012,2012-10-01,1830,10,3,18,1,N,A,N,A,H,A,A,01,N,01,F,,,,,A,Y,N,D,1,0,0,0,23152.0,1,35.5901239,-118.49514127,3
2012,2012-10-13,2110,10,3,21,6,Y,A,Y,A,H,D,C,02,,01,F,,,Y,,A,Y,N,D,1,0,0,1,23152.0,1,35.38346497,-119.25217242,2
2012,2012-10-29,745,10,3,7,1,N,A,N,A,H,A,A,01,N,08,E,,,,,I,Y,N,D,2,0,0,0,22107.0,1,35.22883988,-118.84242822,4
2012,2012-11-30,1555,11,3,15,5,N,A,Y,A,H,A,A,01,S,10,H,,Y,,,G,N,N,D,1,0,1,0,21950.0,2,35.20914331,-118.82999403,2
2012,2012-10-30,2140,10,3,21,2,Y,A,Y,A,H,D,A,01,,09,D,,,,,C,Y,N,A,2,0,0,0,21802.0,2,35.38347197,-119.19963452,3
2012,2012-10-13,2115,10,3,21,6,N,A,Y,A,H,C,-,- ,S,08,F,,,,,I,Y,N,D,1,0,0,0,22107.0,1,35.39408499,-119.04458238,3
2012,2012-12-26,844,12,4,8,3,Y,B,Y,B,H,A,A,01,,12,D,,,,,C,Y,N,A,1,0,0,0,21453.0,2,35.38326733,-119.04792092,4
2012,2012-12-04,1149,12,4,11,2,N,A,N,A,H,A,A,01,W,03,C,,,,,C,N,N,D,1,0,0,0,22350.0,2,35.33482036,-119.07253609,4
2012,2012-12-04,1417,12,4,14,2,N,A,N,A,H,A,A,08,N,12,G,Y,,,,B,N,N,A,1,1,0,0,21453.0,2,35.30324061,-119.05677218,4
2012,2012-12-03,1547,12,4,15,1,N,B,Y,A,H,A,A,01,W,03,C,,,,,C,Y,N,A,3,0,0,0,22350.0,3,35.38152515,-119.04009487,4
2012,2012-12-08,711,12,4,7,6,N,A,N,A,H,A,A,01,E,08,D,,,,,C,Y,N,A,3,0,0,0,21460.0,2,35.31023228,-119.03791588,3
2012,2012-12-20,2042,12,4,20,4,N,A,N,A,H,C,-,- ,W,18,E,,,,,I,Y,N,D,1,0,0,0,,1,35.31778461,-119.05298331,4
2012,2012-11-03,1136,11,3,11,6,N,A,N,A,H,A,A,01,W,03,C,,,,,C,N,N,D,1,0,0,0,22350.0,2,35.41226948,-119.06681758,4
2012,2012-11-05,1215,11,3,12,1,Y,A,N,A,H,A,A,01,,09,D,,,,,C,Y,N,A,1,0,0,0,21802.0,2,35.150675,-118.87804251,4
2012,2012-11-02,1500,11,3,15,5,N,B,Y,A,H,A,-,99,S,07,B,,,,,C,Y,F,D,1,0,0,0,21658.0,2,35.20531695,-119.0096795,4
2012,2012-10-30,554,10,3,5,2,N,A,N,A,H,D,A,01,E,08,A,,,,,C,N,N,D,1,0,0,0,22107.0,2,35.35559145,-119.08829481,4
2012,2012-10-30,1405,10,3,14,2,N,A,N,A,H,A,A,01,W,08,E,,,,,I,Y,N,D,1,0,0,0,22107.0,1,35.3014691,-119.12820518,4
2012,2012-10-29,1702,10,3,17,1,Y,A,N,A,H,A,A,01,,09,D,,,,,C,Y,N,D,1,0,0,0,21801.0,2,35.35885505,-119.02140245,4
2012,2012-10-02,1944,10,3,19,2,N,A,N,A,H,C,N,60,N,11,G,Y,,,,B,N,F,D,1,1,0,0,21954.0,2,35.39122727,-119.00281243,3
2012,2012-10-08,1422,10,3,14,1,N,A,N,A,H,A,-,- ,W,03,C,,,,,C,N,M,A,1,0,0,0,22350.0,2,35.33948495,-119.05072987,4
2012,2012-10-04,1234,10,3,12,4,N,A,N,A,H,A,N,60,N,11,G,Y,,,,B,N,F,D,1,1,0,0,21954.0,2,35.33687214,-118.98993128,4
2012,2012-10-05,1353,10,3,13,5,N,A,N,A,C,A,C,02,N,03,E,,,Y,,J,Y,N,D,1,0,0,1,22350.0,1,35.36917558,-119.09242244,3
2013,2013-01-11,750,1,4,7,5,Y,B,N,A,H,A,L,04,,12,D,,Y,,,G,N,N,A,1,0,1,0,21453.0,2,35.375895,-118.9563825,4
2013,2013-01-01,255,1,4,2,2,N,A,Y,A,H,D,A,01,N,08,E,,,,,I,Y,N,D,1,0,0,0,22107.0,1,34.9206762,-118.9236577,4
2013,2013-01-14,740,1,4,7,1,Y,A,Y,A,H,A,A,01,,09,D,,,,,C,Y,N,A,1,0,0,0,21802.0,2,35.3673357,-118.9142673,4
2013,2013-01-11,1740,1,4,17,5,N,A,N,A,H,C,A,07,E,13,G,Y,,,,B,N,N,D,1,1,0,0,22515.0,2,35.342045,-118.9906863,2
2013,2013-01-12,945,1,4,9,6,N,B,N,A,H,A,A,01,E,03,C,,,,,C,Y,N,D,1,0,0,0,22350.0,2,35.408615,-119.0231413,4
2013,2013-01-03,1710,1,4,17,4,N,B,N,A,H,C,C,02,N,03,D,,,Y,,C,Y,N,A,1,0,0,1,22350.0,2,35.3957214,-118.9852526,4
2013,2013-01-13,1430,1,4,14,7,N,A,Y,A,H,A,C,02,S,08,E,,,Y,,I,Y,N,D,1,0,0,1,22107.0,1,35.368315,-119.0417624,3
2013,2013-01-09,1130,1,4,11,3,N,B,N,A,H,A,C,02,E,08,F,,,Y,,A,Y,N,D,1,0,0,1,22107.0,1,35.3048792,-118.4797536,2
2013,2013-01-10,1505,1,4,15,4,Y,B,N,B,H,A,A,08,,09,D,,,,,C,Y,N,A,1,0,0,0,21802.0,2,35.237875,-118.8961825,3
2013,2013-01-18,950,1,4,9,5,N,A,Y,A,H,A,-,99,W,17,H,,,,,C,Y,N,D,1,0,0,0,23114.0,2,35.2671811,-119.1434154,4
2013,2013-01-23,805,1,4,8,3,N,B,Y,A,H,A,A,01,N,03,C,,,,,C,N,N,D,2,0,0,0,22350.0,3,35.4707608,-119.0747024,4
2013,2013-01-21,1615,1,4,16,1,N,A,N,A,H,A,-,- ,N,00,C,,,Y,,C,Y,N,D,1,0,0,1,,2,35.375895,-118.8454328,3
2013,2013-01-08,615,1,4,6,2,N,A,N,A,H,B,A,01,N,08,F,,,,,A,Y,N,D,1,0,0,0,22107.0,1,35.7645083,-118.4228022,4
2013,2013-01-16,1920,1,4,19,3,N,A,Y,A,H,D,A,01,W,08,E,,,,,I,Y,N,D,1,0,0,0,22107.0,1,35.601948,-119.2169521,3
2013,2013-01-18,1200,1,4,12,5,N,A,N,A,H,A,M,46,N,08,E,,,,,I,Y,N,D,1,0,0,0,22107.0,1,35.5630311,-119.1511125,2
2013,2013-02-05,1350,2,4,13,2,N,B,N,A,H,A,A,01,N,08,E,,,,,I,Y,N,D,1,0,0,0,22107.0,1,35.6273182,-118.8354139,4
2013,2013-02-03,728,2,4,7,7,N,E,Y,A,H,A,-,- ,S,00,H,,,,,A,N,N,D,1,0,0,0,,1,35.6439845,-119.219616,4
2013,2013-02-06,2310,2,4,23,3,N,A,Y,A,H,D,A,01,W,08,F,,,,,A,Y,N,D,1,0,0,0,22107.0,1,35.4773491,-118.7518631,3
2013,2013-02-06,1253,2,4,12,3,Y,A,N,A,H,A,A,07,,17,D,,,Y,,C,Y,N,A,1,0,0,1,21451.0,2,35.412445,-119.0834925,3
2013,2013-02-06,1805,2,4,18,3,Y,A,N,A,H,D,A,07,,09,D,,,,,C,Y,N,A,2,0,0,0,21801.0,2,35.44112006,-119.03886991,4
2013,2013-01-03,2130,1,4,21,4,N,A,N,A,H,C,A,07,W,01,B,,,,,C,Y,N,A,2,0,0,0,23152.0,2,35.3733999,-119.0203771,3
2013,2013-01-10,1718,1,4,17,4,N,B,Y,A,H,B,L,04,N,05,D,,Y,,,G,N,F,A,1,0,1,0,21650.0,2,35.3732919,-119.0028682,3
2013,2013-01-16,735,1,4,7,3,N,A,Y,A,H,A,A,01,S,03,C,,,,,C,Y,N,D,1,0,0,0,22350.0,5,35.3259482,-119.038261,4
2013,2013-01-02,1815,1,4,18,3,Y,A,N,A,H,C,A,01,,09,D,,,,,C,Y,N,-,2,0,0,0,21802.0,2,35.375855,-118.9630725,4
2013,2013-01-11,610,1,4,6,5,Y,B,Y,A,H,D,A,08,,12,D,,,,,C,Y,N,A,2,0,0,0,22450.0,2,35.208805,-118.8781023,3
2013,2013-01-19,600,1,4,6,6,N,A,N,A,H,B,C,02,S,03,E,,,Y,,I,Y,N,D,1,0,0,1,22350.0,1,35.4950502,-119.1598539,3
2013,2013-01-06,1810,1,4,18,7,Y,B,N,B,H,C,A,01,,12,D,,,,,C,Y,N,A,2,0,0,0,21453.0,3,35.356305,-119.0613126,4
2013,2013-01-04,943,1,4,9,5,Y,A,Y,A,H,A,A,07,,09,D,,,,,C,Y,N,A,2,0,0,0,21802.0,2,35.3810051,-119.0176125,4
2013,2013-01-30,1929,1,4,19,3,Y,A,N,A,H,E,A,01,,09,D,,,,,C,Y,N,B,1,0,0,0,21800.0,2,35.412405,-119.0622425,4
2013,2013-01-28,450,1,4,4,1,Y,A,N,A,H,C,A,01,,12,D,,,,,C,Y,N,A,1,0,0,0,21453.0,2,35.420405,-119.0587225,4
2013,2013-01-12,1740,1,4,17,6,N,A,N,A,H,C,L,04,N,21,H,,Y,,,G,N,N,D,1,0,1,0,22106.0,2,35.2091524,-118.8332124,3
2013,2013-01-31,2050,1,4,20,4,N,A,N,A,H,D,N,60,E,11,G,Y,,,,B,N,N,D,1,1,0,0,21954.0,2,35.2668749,-118.9713633,2
2013,2013-01-23,510,1,4,5,3,Y,A,N,A,H,D,A,01,,12,E,,,,,I,Y,N,A,1,0,0,0,22450.0,1,35.092785,-118.8465125,4
2013,2013-01-01,1852,1,4,18,2,Y,A,Y,A,H,C,A,01,,12,D,,,,,C,N,N,A,1,0,0,0,21453.0,2,35.208995,-118.8421723,4
2013,2013-01-21,1336,1,4,13,1,N,A,N,A,H,A,A,08,E,17,H,,,,,A,N,N,D,1,0,0,0,27360.0,1,35.2089452,-118.8419971,3
2013,2013-01-24,1740,1,4,17,4,Y,C,Y,B,H,D,N,60,,11,G,Y,,,,B,N,N,D,1,1,0,0,21954.0,2,35.7613355,-119.2364891,2
2013,2013-01-25,1635,1,4,16,5,N,B,N,B,H,A,-,- ,N,09,B,,,,,C,N,N,D,2,0,0,0,21801.0,2,35.7735972,-119.2439912,4
2013,2013-01-31,833,1,4,8,4,Y,A,N,A,H,A,-,- ,,12,D,,,,,C,N,N,A,1,0,0,0,21453.0,2,35.324935,-119.0389925,3
2013,2013-03-09,140,3,1,1,6,N,C,Y,B,H,D,A,07,W,01,E,,,,,I,Y,N,D,1,0,0,0,23152.0,1,35.2668447,-119.0301716,3
2013,2013-01-25,1445,1,4,14,5,N,B,Y,B,H,A,A,01,S,03,C,,,,,C,Y,N,D,1,0,0,0,22350.0,2,35.3626997,-119.0398328,4
2013,2013-01-28,1235,1,4,12,1,N,A,N,A,H,A,A,01,E,08,F,,,,,A,Y,N,D,1,0,0,0,22107.0,1,35.6742071,-119.3197874,3
2013,2013-01-26,1500,1,4,15,6,N,B,N,A,H,A,N,60,E,11,D,Y,,,,B,N,N,D,1,1,0,0,21954.0,2,35.3511822,-118.9885405,4
2013,2013-01-30,745,1,4,7,3,N,A,N,C,H,A,A,07,E,03,A,,,,,C,Y,N,A,1,0,0,0,22350.0,2,34.8519109,-119.1306756,4
2013,2013-01-27,1642,1,4,16,7,N,B,Y,A,H,A,A,01,N,08,C,,,,,C,Y,N,D,2,0,0,0,22107.0,2,35.1401576,-119.0873966,4
2013,2013-01-28,1242,1,4,12,1,N,A,Y,A,H,A,A,01,N,08,F,,,,,A,Y,N,D,1,0,0,0,22107.0,1,35.4183556,-119.4244495,4
2013,2013-01-18,1234,1,4,12,5,N,A,Y,A,H,A,A,01,N,07,C,,,,,C,Y,N,D,2,0,0,0,21658.0,2,35.5315758,-119.5686646,3
2013,2013-01-23,1115,1,4,11,3,Y,B,N,A,H,A,A,07,,12,-,,,,,C,Y,N,A,1,0,0,0,21453.0,2,35.412415,-119.0746625,4
2013,2013-01-18,1715,1,4,17,5,N,A,Y,A,H,D,A,08,N,03,C,,,,,D,Y,N,D,3,0,0,0,22350.0,2,35.345413,-119.0396503,4
2013,2013-01-13,1702,1,4,17,7,N,A,N,A,H,C,A,01,E,09,D,,,,,C,Y,N,D,5,0,0,0,21801.0,2,35.354365,-119.0828825,4
2013,2013-02-16,2330,2,4,23,6,N,A,N,A,H,D,A,07,E,01,E,,,,,I,Y,F,D,2,0,0,0,23152.0,1,35.776177,-119.1225335,2
2013,2013-02-10,1330,2,4,13,7,N,A,N,A,H,A,-,- ,S,03,C,,,,,C,N,N,B,1,0,0,0,22350.0,2,35.7735037,-119.2526647,4
2013,2013-02-13,1552,2,4,15,3,Y,A,N,A,H,A,-,- ,,09,D,,,,,C,Y,N,A,2,0,0,0,21804.0,2,35.7698151,-119.2490324,4
2013,2013-01-03,751,1,4,7,4,N,A,Y,A,H,A,A,01,S,08,F,,,,,A,Y,N,D,4,0,0,0,22107.0,1,35.4292018,-119.0708253,3
2013,2013-01-03,1125,1,4,11,4,N,A,Y,A,H,A,A,01,S,03,C,,,,,C,Y,N,A,1,0,0,0,22350.0,2,35.4991481,-119.1625629,4
2013,2013-01-02,1930,1,4,19,3,N,A,N,A,H,D,A,01,E,01,F,,,,,I,Y,N,D,2,0,0,0,23152.0,1,35.3036818,-118.4651602,2
2013,2013-01-04,1335,1,4,13,5,Y,A,N,A,H,A,A,01,,05,B,,,,,C,Y,N,A,1,0,0,0,21752.0,2,35.296405,-118.8429325,4
2013,2013-01-04,615,1,4,6,5,N,B,N,A,H,B,A,07,E,03,C,,,,,C,Y,N,D,1,0,0,0,22350.0,2,35.2670677,-118.8875007,4
2013,2013-01-06,1035,1,4,10,7,N,B,Y,B,G,A,A,07,W,03,E,,,,,I,Y,N,D,2,0,0,0,22350.0,1,35.4346248,-118.8050909,3
2013,2013-01-06,2340,1,4,23,7,N,A,N,A,H,D,A,01,S,01,F,,,,,A,Y,N,D,1,0,0,0,23152.0,1,35.56575938,-117.77801335,2
2013,2013-01-07,658,1,4,6,1,N,A,N,C,H,A,A,01,W,03,E,,,,,I,Y,N,D,1,0,0,0,22350.0,1,35.1094384,-118.507457,4
2013,2013-03-19,1740,3,1,17,2,Y,B,N,A,H,A,L,04,,01,H,,Y,,,G,N,N,A,1,0,1,0,21200.0,2,35.1358449,-119.4604925,3
2013,2013-03-20,610,3,1,6,3,N,B,Y,A,H,B,A,07,S,08,E,,,,,I,Y,N,D,1,0,0,0,22107.0,1,35.7889277,-119.7816683,3
2013,2013-03-06,1833,3,1,18,3,N,B,N,B,H,C,A,07,S,08,C,,,,,E,Y,N,D,1,0,0,0,22107.0,2,35.3021861,-119.0120099,4
2013,2013-03-04,1424,3,1,14,1,N,A,N,A,H,A,L,04,S,05,D,,Y,,,G,N,N,D,1,0,1,0,21202.0,2,35.3532997,-119.0434764,4
2013,2013-03-05,857,3,1,8,2,Y,A,N,A,H,A,A,01,,01,D,,,,,C,Y,N,A,2,0,0,0,23152.0,2,35.3867251,-119.0192924,4
2013,2013-03-09,1653,3,1,16,6,N,A,N,A,H,A,A,07,W,01,D,,,,,C,Y,N,D,2,0,0,0,23152.0,2,35.3249232,-119.0096202,4
2013,2013-03-06,1344,3,1,13,3,N,B,N,A,B,A,L,04,W,05,D,,Y,,,G,N,N,D,1,0,1,0,21650.0,2,35.3781129,-118.9892745,3
2013,2013-03-03,1350,3,1,13,7,N,A,N,A,H,A,C,02,S,08,F,,,Y,,A,Y,N,A,1,0,0,1,22107.0,1,34.85199105,-119.16478872,3
2013,2013-03-02,1115,3,1,11,6,N,A,Y,A,H,A,A,08,N,03,C,,,,,C,Y,N,D,4,0,0,0,22350.0,4,35.3490595,-119.0396398,3
2013,2013-03-02,1340,3,1,13,6,N,A,Y,A,H,A,A,01,W,08,E,,,,,I,Y,N,D,1,0,0,0,22107.0,1,35.2500977,-118.6017443,3
2013,2013-03-02,1040,3,1,10,6,Y,A,N,A,H,A,A,08,,09,D,,,,,C,Y,N,D,2,0,0,0,21800.0,2,35.3484751,-118.9897825,4
2013,2013-03-08,1740,3,1,17,5,Y,B,N,B,H,A,A,01,,12,G,Y,,,,B,N,N,A,1,1,0,0,21453.0,2,35.3796751,-119.1099726,3
2013,2013-03-11,1155,3,1,11,1,N,A,Y,A,H,A,A,01,N,08,E,,,,,I,Y,N,D,1,0,0,0,22107.0,1,35.3628448,-119.0398613,4
2013,2013-03-11,1415,3,1,14,1,N,A,N,A,H,A,A,01,S,21,C,,,,,C,N,N,A,1,0,0,0,22106.0,2,35.3702134,-118.9319224,4
2013,2013-03-09,1630,3,1,16,6,Y,B,N,A,H,A,A,01,,09,D,,,,,C,N,N,A,1,0,0,0,21801.0,2,35.415475,-119.0301825,4
2013,2013-03-09,13,3,1,0,6,N,B,Y,B,H,D,A,01,W,08,E,,,,,I,Y,N,D,1,0,0,0,22107.0,1,35.292661,-118.7528957,4
2013,2013-03-11,740,3,1,7,1,N,A,N,A,H,A,A,01,W,03,C,,,,,C,Y,N,D,1,0,0,0,22350.0,2,35.49107955,-119.28034544,4
2013,2013-01-19,100,1,4,1,6,N,A,N,A,H,C,-,- ,E,22,A,,,,,I,Y,N,D,2,0,0,0,,1,35.7903842,-119.2413622,3
2013,2013-02-18,1617,2,4,16,1,N,A,Y,A,H,A,A,07,N,08,F,,,,,A,Y,N,D,1,0,0,0,22107.0,1,35.156148,-118.0993925,2
2013,2013-02-24,1530,2,4,15,7,Y,A,Y,A,H,A,A,01,,09,D,,,,,C,Y,F,A,2,0,0,0,21804.0,2,35.205815,-119.1591124,4
2013,2013-03-07,1156,3,1,11,4,N,B,Y,A,H,A,A,07,W,08,F,,,,,A,Y,N,D,1,0,0,0,22107.0,1,35.3222348,-119.7411082,3
2013,2013-03-01,1435,3,1,14,5,N,A,N,A,H,A,L,04,W,08,D,,Y,,,G,N,N,D,1,0,1,0,22107.0,2,35.3872195,-119.0194607,3
2013,2013-03-01,1227,3,1,12,5,N,A,N,A,H,A,A,01,S,03,C,,,,,C,Y,N,D,2,0,0,0,22350.0,3,,,4
2013,2013-03-04,1037,3,1,10,1,N,A,N,A,H,A,A,07,W,01,A,,,,,C,Y,N,D,3,0,0,0,23152.0,2,35.1315966,-118.5692687,4
2013,2013-03-17,2009,3,1,20,7,N,A,Y,A,C,C,A,01,N,17,D,,,,,C,N,N,A,1,0,0,0,21451.0,2,35.5060916,-119.2783664,4
2013,2013-03-14,1450,3,1,14,4,N,A,N,A,H,A,A,01,E,03,C,,,,,C,Y,N,D,2,0,0,0,22350.0,2,35.05766546,-118.17886591,3
2013,2013-03-15,1405,3,1,14,5,N,A,Y,A,H,A,A,01,W,03,C,,,,,C,Y,N,D,2,0,0,0,22350.0,3,35.124305,-118.4771822,4
2013,2013-03-15,750,3,1,7,5,Y,A,N,A,H,A,A,01,,09,D,,,,,D,Y,N,A,3,0,0,0,21802.0,2,35.192695,-118.8285625,3
2013,2013-03-11,1755,3,1,17,1,Y,A,N,A,H,A,N,60,,- ,G,Y,,,,B,N,N,D,1,1,0,0,,2,35.390255,-118.9865525,3
2013,2013-03-06,1600,3,1,16,3,N,B,Y,A,H,A,-,- ,E,18,F,,,Y,,A,Y,N,D,1,0,0,1,,1,35.3518065,-118.9095283,3
2013,2013-03-08,450,3,1,4,5,N,C,N,B,H,D,A,01,S,03,E,,,,,J,Y,N,A,1,0,0,0,22350.0,1,,,4
2013,2013-03-04,1213,3,1,12,1,N,A,N,A,H,A,A,01,E,08,E,,,,,I,Y,N,D,1,0,0,0,22107.0,1,35.49980072,-119.18980211,3
2013,2013-03-17,1345,3,1,13,7,N,A,N,A,H,A,C,02,E,- ,F,,,Y,,A,N,N,D,1,0,0,1,,1,34.8182004,-119.0037209,3
2013,2013-03-11,2055,3,1,20,1,N,A,N,A,H,A,A,01,N,03,-,,,,,C,Y,N,D,1,0,0,0,22350.0,2,35.4052834,-119.0394798,4
2013,2013-03-04,43,3,1,0,1,N,A,N,A,H,C,A,01,E,01,A,,,,,C,Y,N,D,2,0,0,0,23152.0,2,35.390235,-118.9930746,4
2013,2013-03-08,146,3,1,1,5,N,C,N,B,H,C,A,01,E,12,G,Y,,,,B,N,F,A,1,1,0,0,21453.0,2,35.3810361,-119.0385363,4
2013,2013-03-01,1956,3,1,19,5,N,A,N,A,H,C,A,01,E,08,B,,,Y,,C,N,N,D,1,0,0,1,22107.0,2,35.40192242,-119.06409144,4
2013,2013-01-31,922,1,4,9,4,N,A,N,A,H,A,C,02,W,03,F,,,Y,,A,N,N,A,1,0,0,1,22350.0,1,35.39798554,-119.10696387,4
2013,2013-01-28,2102,1,4,21,1,N,B,N,A,H,C,-,- ,N,03,C,,,,,C,Y,F,D,1,0,0,0,22350.0,2,35.3333503,-119.021349,4
2013,2013-01-30,1625,1,4,16,3,Y,A,N,A,H,A,-,- ,,10,G,Y,,,,B,N,F,A,1,1,0,0,21950.0,2,35.368675,-119.0389224,3
2013,2013-01-25,1516,1,4,15,5,Y,B,N,B,H,A,A,01,,01,E,,,,,I,Y,N,D,3,0,0,0,23152.0,3,35.365125,-119.0445525,4
2013,2013-01-18,1945,1,4,19,5,Y,A,N,A,H,C,A,07,,09,D,,,,,C,N,N,D,2,0,0,0,21800.0,2,35.1318649,-119.4574724,4