ACCIDENT_YEAR,COLLISION_DATE,COLLISION_TIME,MONTH,SEASON,24HOURS,DAY_OF_WEEK,INTERSECTION,WEATHER_1,STATE_HWY_IND,ROAD_SURFACE,ROAD_COND_1,LIGHTING,STWD_VEHTYPE_AT_FAULT,CHP_VEHTYPE_AT_FAULT,DIRECTION,PCF_VIOL_CATEGORY,TYPE_OF_COLLISION,PEDESTRIAN_ACCIDENT,BICYCLE_ACCIDENT,MOTORCYCLE_ACCIDENT,TRUCK_ACCIDENT,MVIW,TOW_AWAY,HIT_AND_RUN,CONTROL_DEVICE,NUMBER_INJURED,COUNT_PED_INJURED,COUNT_BICYCLIST_INJURED,COUNT_MC_INJURED,PCF_VIOLATION,PARTY_COUNT,POINT_Y,POINT_X,COLLISION_SEVERITY
2013,2013-01-18,355,1,4,3,5,N,A,Y,A,H,D,A,01,N,03,C,,,,,C,Y,N,D,2,0,0,0,22350.0,2,35.3695641,-119.3564299,4
2013,2013-02-04,1649,2,4,16,1,N,A,N,A,H,A,L,04,N,12,D,,Y,,,G,N,N,A,1,0,1,0,21453.0,2,35.3250532,-119.056719,4
2013,2013-01-28,800,1,4,8,1,Y,A,Y,A,H,A,-,- ,,09,D,,,,,C,Y,N,A,1,0,0,0,21802.0,2,35.761375,-119.2232124,4
2013,2013-02-15,1245,2,4,12,5,N,A,N,A,H,A,N,60,E,- ,G,Y,,,,B,N,N,D,1,1,0,0,,2,35.14450447,-119.46071327,3
2013,2013-02-16,1059,2,4,10,6,N,A,N,A,H,A,C,02,N,06,C,,,Y,,E,N,N,A,1,0,0,1,21755.0,2,35.1405546,-119.4543062,4
2013,2013-02-23,925,2,4,9,6,N,A,Y,A,H,A,-,- ,S,18,H,,,Y,,H,N,N,A,1,0,0,1,,1,35.1449123,-119.4649953,4
2013,2013-02-24,310,2,4,3,7,N,A,Y,A,H,D,A,01,S,08,F,,,,,A,Y,N,D,1,0,0,0,22107.0,1,35.2470543,-118.675019,4
2013,2013-02-26,1710,2,4,17,2,N,A,Y,A,H,A,A,01,S,03,C,,,,,C,N,N,D,1,0,0,0,22350.0,2,35.4014571,-119.0399928,4
2013,2013-02-27,1428,2,4,14,3,N,A,N,A,H,A,A,01,S,09,D,,,,,C,Y,N,D,3,0,0,0,21804.0,2,35.41163334,-119.05878246,4
2013,2013-02-28,735,2,4,7,4,N,A,Y,A,H,A,A,07,N,07,B,,,,,C,N,N,D,1,0,0,0,21658.0,2,35.1862941,-119.0066763,4
2013,2013-02-23,405,2,4,4,6,N,A,Y,A,H,D,A,01,W,01,E,,,,,I,Y,N,D,1,0,0,0,23152.0,1,35.2088838,-118.8638401,4
2013,2013-02-02,430,2,4,4,6,N,A,N,A,H,C,A,01,E,01,E,,,,,I,Y,N,D,1,0,0,0,23152.0,1,35.4352078,-119.0210103,2
2013,2013-02-14,1615,2,4,16,4,N,A,N,A,H,A,A,01,E,01,C,,,,,C,Y,N,D,2,0,0,0,23152.0,2,35.2669646,-118.915449,3
2013,2013-02-28,920,2,4,9,4,N,A,Y,A,H,A,A,07,W,08,E,,,,,I,Y,N,D,1,0,0,0,22107.0,1,35.2671898,-119.1345932,4
2013,2013-02-28,1341,2,4,13,4,Y,A,N,A,H,A,A,07,,12,D,,,,,C,Y,N,A,1,0,0,0,21453.0,2,35.442215,-119.4571025,4
2013,2013-02-07,825,2,4,8,4,N,A,Y,A,H,A,D,22,N,03,-,,,,,C,Y,N,D,4,0,0,0,22350.0,3,35.3794378,-119.0447012,4
2013,2013-01-13,1547,1,4,15,7,N,A,N,A,H,A,C,02,E,08,F,,,Y,,A,N,N,D,1,0,0,1,22107.0,1,35.3906849,-119.1249248,2
2013,2013-01-13,2020,1,4,20,7,Y,A,Y,A,H,E,A,07,,17,B,,,,,C,N,N,A,1,0,0,0,21451.0,2,35.383035,-119.0447424,4
2013,2013-01-28,725,1,4,7,1,N,B,Y,A,H,A,A,01,E,03,C,,,,,C,Y,N,D,1,0,0,0,22350.0,3,35.4017713,-119.0409091,4
2013,2013-01-27,210,1,4,2,7,N,A,N,A,H,D,A,01,W,01,F,,,,,A,Y,N,D,1,0,0,0,23152.0,1,35.03507852,-118.11339676,2
2013,2013-01-29,1835,1,4,18,2,N,A,N,A,H,D,A,01,W,12,H,,Y,,,G,N,F,A,1,0,1,0,21453.0,2,35.3467546,-119.0435259,3
2013,2013-01-21,1733,1,4,17,1,N,A,Y,A,H,B,N,60,E,11,G,Y,,,,B,N,N,D,1,1,0,0,21954.0,2,35.6561935,-118.4846964,2
2013,2013-02-19,1417,2,4,14,2,Y,B,N,A,H,A,A,01,,09,D,,,,,C,Y,N,A,1,0,0,0,21802.0,2,35.514375,-119.2882225,4
2013,2013-01-16,2010,1,4,20,3,N,A,Y,A,H,D,A,07,N,01,E,,,,,I,Y,N,D,1,0,0,0,23152.0,1,35.3670465,-118.9142719,4
2013,2013-01-17,955,1,4,9,4,N,A,Y,A,H,A,A,07,W,03,C,,,,,C,Y,N,D,1,0,0,0,22350.0,2,35.383209,-119.0678833,4
2013,2013-01-07,1745,1,4,17,1,N,A,Y,A,H,C,A,01,S,03,C,,,,,C,Y,N,D,1,0,0,0,22350.0,3,35.380229,-119.0447124,4
2013,2013-02-10,1630,2,4,16,7,N,A,N,A,H,A,A,01,W,01,F,,,,,A,Y,N,D,2,0,0,0,23152.0,1,35.0416818,-118.2342383,4
2013,2013-01-31,1402,1,4,14,4,Y,A,N,A,H,A,-,- ,,09,D,,,,,C,Y,N,D,4,0,0,0,21800.0,2,35.377235,-119.0328525,3
2013,2013-01-29,1752,1,4,17,2,N,A,N,A,H,C,A,08,W,03,C,,,,,C,Y,N,A,1,0,0,0,22350.0,2,35.3538849,-119.0085691,4
2013,2013-01-23,840,1,4,8,3,N,A,Y,A,H,A,A,01,W,08,F,,,,,A,Y,N,D,2,0,0,0,22107.0,1,35.1285409,-118.411981,3
2013,2013-01-28,1254,1,4,12,1,N,A,Y,A,H,A,A,01,W,01,D,,,,,C,N,N,D,2,0,0,0,23152.0,2,35.1457696,-119.4677478,3
2013,2013-01-14,623,1,4,6,1,N,A,Y,A,H,C,A,01,E,09,E,,,Y,,I,N,N,D,1,0,0,1,21804.0,2,35.1450648,-119.46548,3
2013,2013-01-19,1616,1,4,16,6,N,A,Y,A,H,A,A,07,S,03,C,,,,,C,N,N,D,1,0,0,0,22350.0,2,35.0773743,-119.4016352,4
2013,2013-01-06,935,1,4,9,7,N,B,Y,B,G,A,-,- ,W,18,F,,,,,A,Y,N,D,1,0,0,0,,1,35.479047,-118.7337457,4
2013,2013-01-16,907,1,4,9,3,N,A,N,A,H,A,C,02,S,03,E,,,Y,,I,Y,N,A,1,0,0,1,22350.0,1,35.3617831,-119.0920625,3
2013,2013-01-09,1254,1,4,12,3,N,A,N,A,H,A,A,01,S,08,D,,,,,C,Y,N,D,2,0,0,0,22107.0,2,35.4011614,-119.0923924,4
2013,2013-01-31,1732,1,4,17,4,N,A,N,A,H,B,C,02,W,03,H,,,Y,,A,N,N,A,1,0,0,1,22350.0,1,35.3182431,-119.0904527,3
2013,2013-01-28,739,1,4,7,1,Y,B,N,A,H,A,A,07,,09,D,,Y,,,G,N,N,A,1,0,1,0,21802.0,2,35.42315006,-119.12777994,4
2013,2013-01-28,1121,1,4,11,1,Y,A,N,A,H,A,L,04,,05,D,,Y,,,G,N,N,A,1,0,1,0,21650.0,2,35.3560551,-119.0389525,4
2013,2013-01-01,1624,1,4,16,2,Y,A,N,A,H,B,-,- ,,08,A,,,,,C,Y,N,A,3,0,0,0,22107.0,2,35.7696051,-119.2503825,2
2013,2013-01-15,810,1,4,8,2,Y,A,N,A,H,A,-,- ,,09,D,,,,,C,N,N,A,1,0,0,0,21802.0,2,35.768335,-119.2585824,4
2013,2013-01-28,1422,1,4,14,1,N,B,N,A,H,A,A,01,S,09,D,,,,,C,Y,N,D,2,0,0,0,21804.0,2,35.3543608,-119.0214193,4
2013,2013-01-07,1700,1,4,17,1,Y,A,N,A,H,B,-,- ,,09,B,,,,,C,Y,F,A,2,0,0,0,21801.0,2,35.7758451,-119.2585724,3
2013,2013-01-29,729,1,4,7,2,N,B,Y,A,H,A,A,01,E,03,C,,,,,C,Y,N,D,1,0,0,0,22350.0,3,35.3831673,-119.0443618,4
2013,2013-01-07,1620,1,4,16,1,Y,A,N,A,H,A,-,- ,,12,H,,Y,,,G,N,N,A,1,0,1,0,22450.0,2,35.772375,-119.2496224,4
2013,2013-01-30,1159,1,4,11,3,Y,A,N,A,H,A,N,60,,11,G,Y,,,,B,N,N,A,1,1,0,0,21456.0,2,35.380065,-119.0189126,4
2013,2013-01-31,1418,1,4,14,4,Y,A,N,A,H,A,A,07,,12,D,,,,,C,N,N,A,3,0,0,0,21453.0,2,35.3103651,-119.0119225,4
2013,2013-01-17,1928,1,4,19,4,N,A,N,A,H,C,-,- ,E,09,D,,,,,C,Y,N,D,1,0,0,0,21802.0,2,35.775835,-119.2480718,4
2013,2013-01-18,1115,1,4,11,5,N,A,N,A,H,A,-,- ,W,03,C,,,,,C,N,N,A,1,0,0,0,22350.0,2,35.7702856,-119.2460186,4
2013,2013-02-05,740,2,4,7,2,N,A,Y,A,H,A,A,01,S,09,A,,,,,C,Y,N,D,1,0,0,0,21801.0,2,35.009235,-117.8774221,4
2013,2013-02-05,1644,2,4,16,2,N,A,N,A,H,B,N,60,N,11,G,Y,,,,B,N,F,A,1,1,0,0,21950.0,2,35.3732159,-118.9825244,4
2013,2013-02-08,2100,2,4,21,5,N,B,Y,B,H,D,A,01,E,03,C,,,,,C,Y,N,D,3,0,0,0,22350.0,2,35.1818826,-118.4947917,4
2013,2013-02-14,1602,2,4,16,4,N,A,N,A,H,A,N,60,E,11,G,Y,,,,B,Y,N,D,1,1,0,0,21954.0,2,35.29527761,-118.99759412,3
2013,2013-02-07,1440,2,4,14,4,Y,B,N,A,H,A,A,01,,09,D,,,,,C,Y,N,A,2,0,0,0,21801.0,3,35.325295,-119.1237226,3
2013,2013-02-13,1120,2,4,11,3,Y,A,N,A,H,A,A,01,,09,D,,,,,C,Y,N,A,3,0,0,0,21802.0,2,35.379105,-119.0212426,3
2013,2013-02-09,1134,2,4,11,6,N,A,N,A,H,A,A,01,N,09,D,,,,,C,Y,N,D,1,0,0,0,21804.0,2,35.3844901,-119.1101086,4
2013,2013-02-12,1920,2,4,19,2,N,A,Y,A,H,B,A,01,N,03,C,,,,,C,N,M,D,2,0,0,0,22350.0,2,35.3571687,-119.0030834,4
2013,2013-02-10,1108,2,4,11,7,Y,A,N,A,H,A,A,01,,09,B,,Y,,,G,N,N,A,1,0,1,0,21803.0,2,35.387105,-119.0192725,4
2013,2013-02-14,129,2,4,1,4,Y,A,N,A,H,D,A,01,,12,D,,,,,C,Y,F,D,1,0,0,0,22450.0,2,35.3104051,-118.9854724,4
2013,2013-01-20,2115,1,4,21,7,N,A,N,A,H,D,A,01,S,03,F,,,,,A,Y,N,D,1,0,0,0,22350.0,1,35.56447354,-117.77722299,2
2013,2013-02-25,1310,2,4,13,1,Y,A,N,A,H,A,A,01,,03,C,,,,,C,Y,N,D,1,0,0,0,22350.0,2,35.419515,-119.0345424,4
2013,2013-02-26,835,2,4,8,2,N,A,Y,A,H,A,A,07,W,03,C,,,,,C,Y,N,D,4,0,0,0,22350.0,3,35.3526137,-119.0130599,3
2013,2013-02-15,1838,2,4,18,5,Y,A,N,A,H,C,A,01,,10,G,Y,,,,B,N,N,A,1,1,0,0,21950.0,2,35.412265,-119.0416826,3
2013,2013-02-25,1830,2,4,18,1,N,A,N,A,H,D,A,07,N,01,E,,,,,I,Y,N,D,3,0,0,0,23152.0,1,35.4421313,-119.1997327,3
2013,2013-02-22,2253,2,4,22,5,N,A,N,A,H,C,-,- ,N,18,H,,,Y,,H,Y,N,D,1,0,0,1,,1,35.3690433,-118.9676277,3
2013,2013-02-02,815,2,4,8,6,N,A,N,A,H,A,A,07,W,08,E,,,,,I,Y,N,D,1,0,0,0,22107.0,1,35.12654781,-118.50894839,4
2013,2013-01-27,1548,1,4,15,7,N,A,Y,A,H,A,A,01,N,08,F,,,,,A,Y,N,D,4,0,0,0,22107.0,1,35.0642015,-119.0045758,2
2013,2013-02-07,730,2,4,7,4,N,A,N,A,H,A,-,99,E,09,D,,,,,C,N,M,D,1,0,0,0,21804.0,2,35.3269708,-119.0243535,4
2013,2013-02-02,1019,2,4,10,6,N,A,Y,A,H,A,N,60,S,11,G,Y,,,,B,N,N,A,1,1,0,0,21954.0,2,35.508372,-119.280948,4
2013,2013-02-09,100,2,4,1,6,-,D,N,C,H,C,A,01,,03,E,,,,,I,Y,N,A,1,0,0,0,22350.0,1,,,3
2013,2013-02-14,950,2,4,9,4,N,A,N,A,H,A,A,01,W,12,D,,,,,C,N,N,A,1,0,0,0,22450.0,2,35.3907049,-119.1191259,4
2013,2013-02-13,1540,2,4,15,3,Y,A,N,A,H,A,A,07,,09,D,,,,,C,Y,M,A,1,0,0,0,21802.0,2,35.325175,-118.9319825,4
2013,2013-02-14,1512,2,4,15,4,N,A,Y,A,H,A,A,01,S,03,C,,,,,C,Y,N,D,3,0,0,0,22350.0,2,35.2996783,-118.9143918,4
2013,2013-02-01,955,2,4,9,5,Y,A,N,A,H,A,-,- ,,09,A,,,,,C,Y,N,A,1,0,0,0,21801.0,2,35.775845,-119.2432225,4
2013,2013-02-01,843,2,4,8,5,Y,A,N,A,H,A,-,- ,,09,D,,,,,C,Y,N,A,3,0,0,0,21802.0,2,35.772175,-119.2509124,2
2013,2013-02-02,1730,2,4,17,6,N,A,Y,A,H,B,A,01,N,08,E,,,,,I,Y,N,D,1,0,0,0,22107.0,2,34.9427267,-118.9314078,4
2013,2013-02-07,1420,2,4,14,4,N,B,N,C,H,A,A,07,N,08,F,,,,,A,Y,N,D,1,0,0,0,22107.0,1,34.8480998,-119.0908769,4
2013,2013-02-19,1735,2,4,17,2,N,B,Y,B,H,B,A,01,S,03,D,,,,,C,Y,N,D,1,0,0,0,22350.0,2,35.308538,-119.033947,4
2013,2013-02-16,132,2,4,1,6,N,A,N,A,H,D,A,01,N,01,E,,,,,I,Y,N,D,1,0,0,0,23152.0,1,35.3984409,-119.0744668,3
2013,2013-02-22,1815,2,4,18,5,N,A,N,A,H,C,A,07,S,01,E,,,,,I,Y,N,D,1,0,0,0,23152.0,1,35.25336149,-118.92212033,4
2013,2013-02-22,800,2,4,8,5,Y,A,N,A,H,A,A,01,,09,D,,,,,C,Y,N,D,1,0,0,0,21804.0,2,35.402265,-119.0479125,4
2013,2013-03-01,1545,3,1,15,5,N,A,Y,A,H,A,A,07,W,- ,H,,,,,A,Y,N,D,1,0,0,0,,1,35.768415,-119.2506225,3
2013,2013-03-01,1115,3,1,11,5,N,A,N,A,H,A,A,01,S,06,B,,,,,C,Y,F,D,1,0,0,0,21750.0,2,35.135856,-118.8506739,3
2013,2013-03-04,1330,3,1,13,1,N,A,N,A,H,A,A,01,W,03,C,,,,,C,N,N,D,3,0,0,0,22350.0,2,35.3759379,-118.9367812,4
2013,2013-03-06,1455,3,1,14,3,Y,B,Y,A,H,A,A,01,,05,B,,,,,C,Y,N,D,2,0,0,0,21752.0,2,35.6866533,-119.3306707,3
2013,2013-02-27,310,2,4,3,3,N,A,N,A,H,C,A,01,W,08,B,,,,,E,Y,N,D,1,0,0,0,22107.0,2,35.3322214,-119.0048875,3
2013,2013-02-21,1226,2,4,12,4,N,A,N,A,H,A,A,01,W,12,E,,,,,I,N,N,A,1,0,0,0,22451.0,1,35.3543108,-119.2370421,4
2013,2013-02-26,1640,2,4,16,2,N,A,N,A,H,B,N,60,W,11,G,Y,,,,B,N,F,D,1,1,0,0,21954.0,2,35.372255,-118.9565799,3
2013,2013-02-23,1358,2,4,13,6,Y,A,N,A,H,A,A,01,,03,D,,,,,C,Y,N,A,1,0,0,0,22350.0,2,35.332225,-119.0434725,4
2013,2013-02-18,1,2,4,0,1,Y,A,N,A,H,C,A,01,,01,D,,,,,C,N,F,A,1,0,0,0,23152.0,2,35.303275,-119.0745725,4
2013,2013-02-01,1450,2,4,14,5,N,A,N,A,H,A,A,01,E,09,D,,,,,C,Y,N,D,2,0,0,0,21801.0,2,35.37047,-118.9651198,3
2013,2013-02-13,1647,2,4,16,3,N,A,N,A,H,A,A,01,N,03,C,,,,,C,N,N,A,1,0,0,0,22350.0,2,35.3255986,-119.0213459,4
2013,2013-02-15,826,2,4,8,5,N,A,N,A,H,A,A,01,W,03,C,,,,,C,N,N,D,2,0,0,0,22350.0,2,35.3395644,-119.0446008,3
2013,2013-02-19,1706,2,4,17,2,N,B,N,A,H,B,A,01,E,09,A,,,,,C,Y,N,D,4,0,0,0,21801.0,3,35.3321947,-118.988014,4
2013,2013-01-10,2114,1,4,21,4,N,A,N,A,H,C,-,- ,E,09,D,,,,,C,Y,N,A,1,0,0,0,21801.0,2,35.7757956,-119.2313348,3
2013,2013-02-26,2200,2,4,22,2,N,A,Y,A,H,D,A,01,S,08,C,,,,,C,Y,F,D,1,0,0,0,22107.0,2,35.4933679,-119.1562103,4
2013,2013-02-14,1233,2,4,12,4,N,A,N,A,H,A,-,- ,E,21,G,Y,,,,B,N,N,D,1,1,0,0,22106.0,2,35.5942129,-119.334877,4
2013,2013-02-22,845,2,4,8,5,Y,A,N,A,H,A,-,- ,,12,D,,,,,C,Y,N,A,1,0,0,0,21453.0,2,35.339505,-119.0389926,4
2013,2013-02-23,952,2,4,9,6,N,A,N,A,H,A,A,01,N,03,E,,,,,I,Y,N,A,1,0,0,0,22350.0,1,35.391398,-118.9285382,4
2013,2013-02-14,1244,2,4,12,4,N,A,N,A,H,A,A,01,E,03,C,,,,,C,N,N,D,3,0,0,0,22350.0,3,35.3810252,-119.0360881,4
2013,2013-02-24,1450,2,4,14,7,Y,A,N,A,H,A,L,04,,12,D,,Y,,,G,N,N,A,1,0,1,0,21453.0,2,35.398035,-118.9300225,4
2013,2013-02-25,1756,2,4,17,1,Y,A,N,A,H,A,A,01,,12,D,,,,,C,N,N,A,1,0,0,0,21453.0,2,35.324995,-119.0479025,4
2013,2013-02-23,825,2,4,8,6,N,B,N,A,H,A,A,07,N,08,G,Y,,,,B,N,F,D,1,1,0,0,22107.0,2,35.4109267,-119.1190191,3
2013,2013-02-02,1729,2,4,17,6,Y,B,N,B,H,B,A,01,,17,E,,,,,I,Y,N,D,1,0,0,0,21662.0,1,35.173865,-118.6080824,4
2013,2013-03-13,1420,3,1,14,3,N,A,Y,A,H,A,A,01,S,08,E,,,,,I,Y,N,D,2,0,0,0,22107.0,1,35.5966308,-119.8452959,4
2013,2013-02-16,2040,2,4,20,6,N,A,N,A,H,D,A,07,S,08,F,,,,,A,Y,N,D,1,0,0,0,22107.0,1,34.874605,-118.2292424,3
2013,2013-02-19,1530,2,4,15,2,N,A,N,A,H,A,A,01,E,03,C,,,,,C,Y,N,A,2,0,0,0,22350.0,2,34.864535,-118.1548,3
2013,2013-02-13,1600,2,4,16,3,N,A,N,A,H,A,C,02,S,01,E,,,Y,,I,Y,N,D,1,0,0,1,23152.0,1,35.68448039,-118.4243238,3
2013,2013-02-15,2115,2,4,21,5,Y,A,Y,A,H,C,A,01,,01,E,,,,,I,Y,N,A,1,0,0,0,23152.0,1,35.2669794,-119.0574642,3
2013,2013-02-03,307,2,4,3,7,N,A,Y,A,H,D,A,01,N,08,E,,,,,J,Y,N,D,1,0,0,0,22107.0,1,35.3059026,-119.0330292,4
2013,2013-02-15,1449,2,4,14,5,Y,A,N,A,H,A,A,07,,12,D,,,,,C,Y,N,A,2,0,0,0,21453.0,2,35.28139003,-119.05667994,3
2013,2013-02-09,2103,2,4,21,6,N,A,N,A,H,C,A,01,E,08,C,,,,,C,Y,N,D,2,0,0,0,22107.0,2,35.3179759,-119.0553159,3
2013,2013-02-08,1602,2,4,16,5,N,B,N,A,H,A,N,60,N,11,G,Y,,,,B,N,N,A,1,1,0,0,21950.0,2,35.27417555,-119.03728098,4
2013,2013-02-12,926,2,4,9,2,Y,A,N,A,H,A,A,01,,12,A,,,,,C,Y,N,A,1,0,0,0,21453.0,2,35.35338819,-119.11475658,4
2013,2013-02-09,953,2,4,9,6,Y,A,N,A,H,A,A,01,,12,D,,,,,C,Y,N,A,3,0,0,0,21453.0,2,35.360725,-119.0213924,2
2013,2013-02-08,1659,2,4,16,5,Y,B,N,B,H,B,A,01,,12,D,,,,,C,Y,N,A,1,0,0,0,21453.0,2,35.324935,-119.0389925,4
2013,2013-02-06,1605,2,4,16,3,Y,A,N,A,H,A,A,01,,09,D,,,,,C,Y,N,A,1,0,0,0,21802.0,2,35.557915,-119.4030024,4
2013,2013-02-13,2000,2,4,20,3,N,A,Y,A,H,D,A,01,N,- ,F,,,,,A,Y,N,D,1,0,0,0,,1,35.2228713,-119.5707403,3
2013,2013-02-02,305,2,4,3,6,N,A,Y,A,H,D,A,01,S,08,F,,,,,A,Y,N,D,1,0,0,0,22107.0,1,35.6939845,-119.7113864,3
2013,2013-02-23,1135,2,4,11,6,N,B,Y,A,H,A,A,01,S,08,E,,,,,I,Y,N,D,1,0,0,0,22107.0,1,35.5449564,-119.583,3
2013,2013-02-23,2225,2,4,22,6,N,A,Y,A,H,D,A,07,N,08,F,,,,,A,Y,N,D,3,0,0,0,22107.0,1,35.2100022,-119.163577,2
2013,2013-02-16,2233,2,4,22,6,N,A,N,A,H,D,A,01,S,08,F,,,,,A,Y,N,D,1,0,0,0,22107.0,1,35.7315484,-119.5801803,3
2013,2013-02-18,1345,2,4,13,1,N,A,N,A,H,A,C,02,N,08,E,,,Y,,J,N,N,D,1,0,0,1,22107.0,1,35.13225497,-119.46474373,4
2013,2013-02-12,620,2,4,6,2,N,A,Y,A,H,B,A,01,S,08,E,,,,,I,Y,N,D,1,0,0,0,22107.0,1,35.0021462,-119.4088881,3
2013,2013-02-22,1559,2,4,15,5,N,A,N,A,H,A,A,01,S,01,A,Y,,,,E,N,N,D,3,2,0,0,23153.0,4,35.3958931,-119.0143345,4
2013,2013-02-27,1420,2,4,14,3,N,A,N,A,H,A,A,01,W,08,D,,,,,C,Y,N,D,2,0,0,0,21460.0,2,35.3103749,-119.0152614,4
2013,2013-02-21,932,2,4,9,4,Y,A,N,A,H,A,A,01,,09,D,,,,,C,Y,N,D,2,0,0,0,21801.0,3,35.367645,-119.0389025,2
2013,2013-02-21,747,2,4,7,4,N,A,Y,A,H,A,A,01,S,03,C,,,,,C,Y,N,D,1,0,0,0,22350.0,2,35.3529781,-119.0029324,4
2013,2013-02-23,1658,2,4,16,6,Y,A,Y,A,H,A,A,01,,09,D,,,,,C,Y,N,A,2,0,0,0,21803.0,2,35.387876,-119.0203728,4
2013,2013-02-26,1232,2,4,12,2,N,A,N,A,H,A,A,07,E,03,C,,,,,C,N,N,A,1,0,0,0,22350.0,2,35.381005,-119.0208238,4
2013,2013-02-25,1145,2,4,11,1,Y,A,N,A,H,A,A,07,,12,D,,,,,C,N,N,A,1,0,0,0,21453.0,2,35.3812751,-118.9880626,4
2013,2013-02-17,1836,2,4,18,7,Y,A,N,A,H,B,A,01,,09,D,,,,,C,N,N,A,3,0,0,0,21802.0,2,35.394215,-118.9292625,3
2013,2013-02-22,736,2,4,7,5,Y,A,N,A,H,A,A,07,,09,D,,,,,C,Y,N,A,1,0,0,0,21802.0,2,35.366365,-119.0471825,4
2013,2013-02-26,1030,2,4,10,2,N,A,N,A,H,A,A,01,S,09,D,,,,,C,Y,N,D,2,0,0,0,21801.0,2,35.3624417,-119.0213749,3
2013,2013-02-28,1818,2,4,18,4,N,A,N,A,H,C,A,07,E,03,C,,,,,C,N,N,D,2,0,0,0,22350.0,2,35.2960504,-119.0735958,4
2013,2013-02-12,751,2,4,7,2,Y,A,N,A,H,A,A,08,,17,A,,,,,C,Y,N,A,1,0,0,0,21451.0,2,35.360745,-119.0189425,4
2013,2013-02-20,1717,2,4,17,3,N,A,N,A,H,B,N,60,N,11,G,Y,,,,B,N,N,A,1,1,0,0,21456.0,2,35.3685642,-119.0213524,2
2013,2013-02-14,805,2,4,8,4,N,A,N,A,H,A,A,01,E,03,C,,,,,C,Y,N,D,1,0,0,0,22350.0,2,35.3612709,-118.9263568,4
2013,2013-02-08,1445,2,4,14,5,Y,B,N,A,H,A,A,07,,09,D,,,,,C,Y,N,A,3,0,0,0,21802.0,2,35.499565,-119.1087725,3
2013,2013-02-01,1840,2,4,18,5,Y,A,N,A,H,C,A,01,,10,G,Y,,,,B,N,N,D,1,1,0,0,21950.0,2,35.4270951,-119.0245925,3
2013,2013-02-07,1115,2,4,11,4,N,A,N,A,H,A,A,01,E,01,A,,,,,E,Y,N,D,1,0,0,0,23152.0,3,35.389871,-118.9744761,4
2013,2013-02-08,1035,2,4,10,5,N,B,Y,B,H,A,A,01,W,01,E,,,,,I,Y,M,D,1,0,0,0,23152.0,1,35.3525142,-118.9750558,4
2013,2013-02-03,915,2,4,9,7,N,A,Y,A,H,A,A,01,S,03,C,,,,,C,Y,N,D,1,0,0,0,22350.0,3,35.3822095,-119.04474,4
2013,2013-02-05,725,2,4,7,2,N,A,Y,A,D,A,A,01,N,08,E,,,,,I,Y,N,A,1,0,0,0,22107.0,1,35.4359923,-119.0777116,4
2013,2013-02-03,800,2,4,8,7,N,E,N,A,H,A,A,01,S,03,C,,,,,C,Y,N,D,1,0,0,0,22350.0,2,35.3102762,-119.0031043,4
2013,2013-03-17,1200,3,1,12,7,Y,A,N,A,H,A,A,08,,12,D,,,,,D,Y,N,A,1,0,0,0,21453.0,2,35.415865,-119.0212525,4
2013,2013-03-16,1740,3,1,17,6,N,A,N,A,H,A,L,04,E,12,D,,Y,,,G,N,N,D,1,0,1,0,21453.0,2,35.3467746,-119.0480089,3
2013,2013-03-02,2055,3,1,20,6,N,A,N,A,H,D,A,07,N,01,C,,,,,E,Y,N,D,1,0,0,0,23152.0,2,35.2582479,-118.9188205,3
2013,2013-03-14,755,3,1,7,4,Y,A,N,A,H,A,-,- ,,10,G,Y,,,,B,N,N,A,1,1,0,0,21950.0,2,35.590615,-119.3449625,4
2013,2013-03-15,1410,3,1,14,5,Y,A,N,A,H,A,A,01,,12,D,,,,,C,Y,N,A,4,0,0,0,21453.0,2,35.368575,-118.9764326,3
2013,2013-03-02,2200,3,1,22,6,N,A,Y,A,H,D,A,01,W,01,E,,,,,I,Y,N,D,2,0,0,0,23152.0,1,35.4790738,-118.7330664,3
2013,2013-03-10,1320,3,1,13,7,Y,A,N,A,H,A,A,01,,03,C,,,,,C,N,N,D,2,0,0,0,22350.0,2,35.2378049,-118.9188624,4
2013,2013-03-07,1250,3,1,12,4,N,B,Y,A,H,A,A,01,S,06,C,,,,,C,Y,F,D,2,0,0,0,21750.0,2,35.3012638,-118.9143824,3
2013,2013-03-10,1530,3,1,15,7,Y,A,N,A,H,A,A,01,,08,D,,Y,,,G,N,N,D,1,0,1,0,22107.0,2,35.395705,-118.9852525,3
2013,2013-02-08,745,2,4,7,5,N,C,Y,B,H,A,A,01,W,03,F,,,,,A,Y,N,D,1,0,0,0,22350.0,1,35.526625,-118.6647523,4
2013,2013-02-21,805,2,4,8,4,N,A,N,A,H,A,A,07,E,21,C,,,,,C,N,N,A,1,0,0,0,22106.0,2,35.4271122,-119.0389489,4
2013,2013-02-16,1245,2,4,12,6,N,A,Y,A,H,A,-,- ,N,18,C,,,,,C,Y,N,D,5,0,0,0,,2,35.7617333,-119.2490601,4
2013,2013-02-18,2030,2,4,20,1,Y,A,N,A,H,D,A,07,,10,G,Y,,,,B,N,F,A,1,1,0,0,21950.0,2,35.368965,-118.9097525,3
2013,2013-02-22,648,2,4,6,5,N,A,N,A,H,A,C,02,W,03,E,,,Y,,I,Y,N,D,1,0,0,1,22350.0,1,35.3835564,-119.1476809,2
2013,2013-02-18,1145,2,4,11,1,N,A,Y,A,H,A,A,01,W,08,E,,,,,I,Y,N,D,1,0,0,0,22107.0,1,35.6844579,-118.4689578,4
2013,2013-02-10,1535,2,4,15,7,N,A,N,A,H,A,C,02,E,03,E,,,Y,,I,Y,N,D,1,0,0,1,22350.0,1,,,3
2013,2013-02-15,1025,2,4,10,5,N,A,N,A,H,A,A,01,E,08,D,,,Y,,C,N,N,D,1,0,0,0,22107.0,2,35.404935,-119.0338567,3
2013,2013-02-15,840,2,4,8,5,N,A,Y,A,H,A,A,01,E,03,C,,,,,C,N,N,D,2,0,0,0,22350.0,5,35.352745,-119.0362436,4
2013,2013-02-20,905,2,4,9,3,N,B,N,A,H,A,A,01,W,08,E,,,,,I,N,N,D,1,0,0,0,22107.0,1,35.3899759,-118.9742056,4