ACCIDENT_YEAR,COLLISION_DATE,COLLISION_TIME,MONTH,SEASON,24HOURS,DAY_OF_WEEK,INTERSECTION,WEATHER_1,STATE_HWY_IND,ROAD_SURFACE,ROAD_COND_1,LIGHTING,STWD_VEHTYPE_AT_FAULT,CHP_VEHTYPE_AT_FAULT,DIRECTION,PCF_VIOL_CATEGORY,TYPE_OF_COLLISION,PEDESTRIAN_ACCIDENT,BICYCLE_ACCIDENT,MOTORCYCLE_ACCIDENT,TRUCK_ACCIDENT,MVIW,TOW_AWAY,HIT_AND_RUN,CONTROL_DEVICE,NUMBER_INJURED,COUNT_PED_INJURED,COUNT_BICYCLIST_INJURED,COUNT_MC_INJURED,PCF_VIOLATION,PARTY_COUNT,POINT_Y,POINT_X,COLLISION_SEVERITY
2013,2013-04-22,1405,4,1,14,1,N,A,Y,A,H,A,A,01,W,08,E,,,,,I,Y,N,D,1,0,0,0,22107.0,1,35.352105,-118.9374524,3
2013,2013-04-21,1320,4,1,13,7,N,A,N,A,H,A,A,01,S,03,C,,,,,C,Y,N,D,3,0,0,0,22350.0,2,35.3089264,-119.0031112,4
2013,2013-04-23,857,4,1,8,2,N,A,Y,A,H,A,A,07,N,08,E,,,,,J,Y,N,D,1,0,0,0,22107.0,1,35.6886692,-119.0667716,2
2013,2013-04-16,1730,4,1,17,2,Y,A,Y,A,H,A,A,01,,09,D,,,,,C,Y,N,A,3,0,0,0,21802.0,2,35.760739,-119.3443748,3
2013,2013-04-17,1428,4,1,14,3,N,A,N,A,H,A,M,96,W,08,E,,,,,I,N,N,D,3,0,0,0,22107.0,1,35.38271867,-119.16575789,2
2013,2013-04-24,1900,4,1,19,3,N,A,Y,A,H,A,D,22,E,03,E,,,,,I,Y,N,D,1,0,0,0,22350.0,1,35.3134289,-119.6233686,4
2013,2013-03-20,1400,3,1,14,3,N,B,N,A,H,A,-,- ,N,- ,D,,,,,C,Y,N,A,3,0,0,0,,2,35.7742718,-119.2468744,4
2013,2013-01-17,1357,1,4,13,4,N,A,N,A,H,A,A,08,N,03,C,,,,,C,N,N,A,1,0,0,0,22350.0,2,35.3035307,-119.0923148,4
2013,2013-05-08,1412,5,1,14,3,Y,B,N,A,H,A,L,04,,09,H,,Y,,,G,N,N,D,1,0,1,0,21800.0,2,35.152965,-119.4614223,3
2013,2013-05-02,1549,5,1,15,4,Y,A,N,A,H,A,A,01,,09,D,,,,,C,Y,N,A,1,0,0,0,21802.0,2,35.378175,-119.0258926,3
2013,2013-05-03,827,5,1,8,5,N,A,N,A,H,A,A,08,S,09,D,,,,,C,Y,N,D,2,0,0,0,21801.0,2,35.4087414,-118.9328289,4
2013,2013-05-01,1300,5,1,13,3,Y,A,N,A,H,A,-,- ,,12,G,Y,,,,B,N,F,A,1,1,0,0,22450.0,2,35.319625,-119.0513824,3
2013,2013-05-02,1528,5,1,15,4,N,A,N,A,H,A,A,07,N,03,C,,,,,C,N,N,A,1,0,0,0,22350.0,3,35.4127984,-119.1100524,4
2013,2013-05-04,2210,5,1,22,6,N,A,N,A,H,C,A,07,E,09,C,,,Y,,C,Y,N,A,1,0,0,1,21804.0,2,35.499745,-119.1652369,4
2013,2013-05-04,620,5,1,6,6,N,A,Y,A,H,B,A,01,S,08,E,,,,,I,Y,N,D,2,0,0,0,22107.0,1,35.5235922,-119.5608691,2
2013,2013-05-06,740,5,1,7,1,Y,A,Y,A,H,A,-,- ,,21,D,,,,,-,Y,N,D,2,0,0,0,22106.0,2,35.579685,-119.3317124,4
2013,2013-05-05,1415,5,1,14,7,N,A,Y,A,H,A,A,01,E,08,E,,,,,I,Y,N,D,1,0,0,0,22107.0,1,35.3338149,-119.7804125,3
2013,2013-05-06,1000,5,1,10,1,N,A,Y,A,H,A,A,01,W,08,E,,,,,I,Y,N,D,1,0,0,0,22107.0,1,35.0590868,-119.0733054,4
2013,2013-05-07,1730,5,1,17,2,N,A,N,A,H,A,-,- ,S,18,F,,,Y,,A,N,N,D,1,0,0,1,,1,35.15547144,-119.46204185,3
2013,2013-04-08,1650,4,1,16,1,N,A,N,A,H,A,A,01,E,09,D,,,,,C,Y,N,D,2,0,0,0,21801.0,2,35.4998049,-119.2724582,4
2013,2013-04-24,1530,4,1,15,3,Y,B,N,A,H,A,A,07,,09,D,,,,,C,Y,N,D,1,0,0,0,21802.0,2,35.1254651,-118.4859724,3
2013,2013-04-26,530,4,1,5,5,N,A,Y,A,H,D,A,01,E,08,E,,,,,I,Y,N,D,1,0,0,0,22107.0,1,35.1404127,-118.4633684,3
2013,2013-04-27,1200,4,1,12,6,N,A,Y,A,H,A,A,01,E,08,E,,,,,I,Y,N,D,1,0,0,0,22107.0,1,35.0264818,-118.0665905,4
2013,2013-04-28,2006,4,1,20,7,N,A,N,A,H,D,N,60,S,11,G,Y,,,,B,N,N,D,1,1,0,0,21954.0,2,35.4000211,-118.9676421,3
2013,2013-04-11,1940,4,1,19,4,N,A,N,A,H,C,A,07,N,01,B,,,,,C,N,M,A,2,0,0,0,23152.0,3,35.3844836,-119.0029741,4
2013,2013-04-27,1131,4,1,11,6,N,A,N,A,H,A,N,60,W,11,A,Y,,,,B,N,N,D,1,1,0,0,21956.0,2,35.368355,-119.0031296,3
2013,2013-04-20,1652,4,1,16,6,Y,A,N,A,H,A,A,01,,12,D,,,,,C,N,N,A,1,0,0,0,21453.0,2,35.3543048,-119.06401008,4
2013,2013-04-20,709,4,1,7,6,Y,A,N,A,H,A,A,01,,08,A,,,,,I,Y,N,A,1,0,0,0,22107.0,1,35.295935,-119.0120025,4
2013,2013-03-29,1738,3,1,17,5,Y,A,Y,A,H,A,-,- ,,- ,C,,,,,C,Y,N,A,2,0,0,0,,2,35.601545,-119.3425973,4
2013,2013-03-22,1017,3,1,10,5,Y,A,Y,A,H,A,-,- ,,09,D,,,,,C,Y,F,A,1,0,0,0,21802.0,2,35.5986577,-119.3281724,4
2013,2013-03-30,2310,3,1,23,6,N,A,N,A,H,C,-,- ,N,00,B,,,,,C,Y,F,D,1,0,0,0,20001.0,2,35.599645,-119.3382124,4
2013,2013-04-20,1220,4,1,12,6,Y,A,Y,A,H,A,C,02,,03,F,,,Y,,A,N,N,D,1,0,0,1,22350.0,1,35.012395,-117.9169522,3
2013,2013-04-07,1220,4,1,12,7,Y,A,N,A,H,A,-,- ,,12,A,,,,,C,Y,N,A,2,0,0,0,21453.0,2,35.208995,-118.8421724,4
2013,2013-04-27,555,4,1,5,6,N,A,N,A,H,B,A,01,N,01,E,,,,,I,Y,N,D,1,0,0,0,23152.0,1,35.5114714,-119.2960411,3
2013,2013-04-22,1845,4,1,18,1,Y,A,N,A,H,A,A,01,,08,A,,,,,C,N,N,D,2,0,0,0,22107.0,2,35.383055,-118.9664525,4
2013,2013-04-30,840,4,1,8,2,Y,A,N,A,H,A,A,01,,09,A,,,,,C,N,N,D,2,0,0,0,21801.0,2,35.346765,-119.0461626,4
2013,2013-04-30,1710,4,1,17,2,N,A,Y,A,H,A,A,07,W,03,C,,,,,D,Y,N,D,1,0,0,0,22350.0,3,35.3525539,-118.9854614,4
2013,2013-04-29,1510,4,1,15,1,Y,A,N,A,H,A,A,01,,11,D,,,,,C,Y,N,D,1,0,0,0,21456.0,2,35.398805,-119.1477826,4
2013,2013-04-17,1340,4,1,13,3,N,A,Y,A,H,A,A,07,W,08,B,,,,,C,Y,N,D,1,0,0,0,22107.0,2,35.644566,-118.4866229,3
2013,2013-04-28,223,4,1,2,7,N,A,Y,A,H,D,A,01,W,01,F,,,,,A,Y,N,D,5,0,0,0,23152.0,1,35.139605,-118.4552123,2
2013,2013-04-26,1524,4,1,15,5,N,A,Y,A,H,A,A,01,S,04,C,,,,,C,Y,N,D,1,0,0,0,21703.0,2,35.6565862,-119.2219638,4
2013,2013-04-28,145,4,1,1,7,N,A,Y,A,H,D,D,22,S,08,E,,,,,I,Y,N,D,2,0,0,0,22107.0,1,34.8257025,-118.8732907,3
2013,2013-05-03,1503,5,1,15,5,N,A,N,A,H,A,D,22,W,03,C,,,,,C,Y,N,D,2,0,0,0,22350.0,2,34.8212526,-118.9697822,3
2013,2013-04-18,1230,4,1,12,4,N,A,N,-,H,A,A,01,N,09,D,,,,,C,N,N,D,1,0,0,0,21804.0,2,35.6052184,-118.4860088,4
2013,2013-05-07,1135,5,1,11,2,N,A,Y,A,H,A,E,22,S,07,B,,,,,C,Y,N,D,2,0,0,0,21658.0,2,35.3897613,-119.0447231,4
2013,2013-05-06,730,5,1,7,1,Y,A,N,A,H,A,D,22,,09,B,,,,,C,Y,F,A,2,0,0,0,21802.0,2,35.2527151,-118.8247225,3
2013,2013-05-01,1555,5,1,15,3,Y,A,N,A,H,A,N,60,,11,G,Y,,,,B,N,N,A,1,1,0,0,21453.0,2,35.419525,-119.0301024,3
2013,2013-05-06,1350,5,1,13,1,N,A,Y,A,H,A,A,07,E,08,C,,,,,C,Y,N,A,4,0,0,0,22107.0,2,35.3833949,-119.0742118,3
2013,2013-04-30,1315,4,1,13,2,N,A,N,A,H,A,L,04,E,08,E,,Y,,,I,N,N,D,1,0,1,0,22107.0,1,35.379975,-118.9730989,3
2013,2013-03-12,1725,3,1,17,2,Y,A,N,A,H,A,A,01,,08,D,,,,,C,Y,N,D,2,0,0,0,22107.0,2,35.1259151,-117.9744623,4
2013,2013-03-15,2240,3,1,22,5,-,A,N,A,H,C,A,01,,01,E,,,,,I,Y,N,D,1,0,0,0,23152.0,1,35.11941713,-117.97080874,4
2013,2013-04-28,1648,4,1,16,7,Y,A,N,A,D,A,C,02,,00,H,,,Y,,A,Y,N,D,1,0,0,1,2800.0,1,35.1332051,-117.9639323,4
2013,2013-04-26,1305,4,1,13,5,N,A,Y,A,H,A,C,02,E,08,F,,,Y,,A,Y,N,D,1,0,0,1,22107.0,1,35.6154395,-119.8067146,3
2013,2013-04-25,1830,4,1,18,4,Y,A,N,A,H,A,A,01,,17,D,,Y,,,G,N,N,A,1,0,1,0,21451.0,2,35.378255,-118.9756925,3
2013,2013-04-05,2500,4,1,25,5,N,A,N,A,H,D,A,01,N,08,F,,,,,A,Y,N,D,1,0,0,0,22107.0,1,35.1542338,-118.9146224,2
2013,2013-04-21,103,4,1,1,7,N,A,N,A,H,C,A,01,E,08,E,,,,,I,Y,M,D,1,0,0,0,22107.0,1,35.42691368,-119.07081664,2
2013,2013-04-18,1800,4,1,18,4,N,A,N,A,H,A,L,04,S,09,H,,Y,,,G,N,N,D,1,0,1,0,21804.0,2,35.1401107,-119.4611549,4
2013,2013-04-26,1204,4,1,12,5,N,A,N,A,H,A,A,01,S,03,C,,,,,C,Y,N,D,1,0,0,0,22350.0,2,35.399974,-119.0372484,3
2013,2013-04-22,1040,4,1,10,1,N,A,Y,A,C,A,A,01,E,03,C,,,,,C,Y,N,D,2,0,0,0,22350.0,2,35.264542,-119.3145177,4
2013,2013-04-28,520,4,1,5,7,N,A,N,A,H,B,A,01,E,08,A,,,,,E,Y,N,D,1,0,0,0,22107.0,2,35.2740449,-119.014829,4
2013,2013-04-25,2135,4,1,21,4,N,A,Y,A,H,D,A,07,N,08,F,,,,,J,Y,N,D,1,0,0,0,22107.0,1,34.9725415,-119.4370265,3
2013,2013-04-28,1005,4,1,10,7,N,A,N,A,H,A,A,01,N,07,B,,,Y,,C,N,N,D,1,0,0,1,21658.0,2,35.3404665,-119.0031024,3
2013,2013-04-26,1640,4,1,16,5,Y,A,N,A,H,A,A,07,,09,D,,,,,C,Y,N,D,2,0,0,0,21801.0,2,35.3425651,-118.9854525,4
2013,2013-04-19,2220,4,1,22,5,N,A,N,A,H,C,N,60,S,11,G,Y,,,,B,N,N,D,1,1,0,0,21954.0,2,35.4338161,-119.0390416,4
2013,2013-04-20,920,4,1,9,6,N,A,Y,A,H,A,A,07,N,03,C,,,,,C,N,M,D,1,0,0,0,22350.0,3,35.3438833,-119.0394224,4
2013,2013-04-26,2024,4,1,20,5,N,A,N,A,H,D,J,48,E,09,D,,,,Y,C,Y,N,A,1,0,0,0,21802.0,2,35.053571,-118.1945573,2
2013,2013-05-08,1500,5,1,15,3,N,B,Y,A,D,A,A,01,S,03,C,,,,,D,Y,N,A,2,0,0,0,22350.0,2,35.6679379,-119.2246595,3
2013,2013-04-20,1454,4,1,14,6,Y,A,N,A,H,A,A,01,,09,B,,,,,C,Y,N,A,1,0,0,0,21806.0,4,35.378385,-118.9806824,3
2013,2013-04-21,2050,4,1,20,7,N,A,N,A,H,C,A,01,E,01,C,,,,,E,Y,N,D,1,0,0,0,23152.0,3,35.3686114,-119.0309218,3
2013,2013-04-14,1924,4,1,19,7,N,A,N,A,H,A,L,04,N,09,D,,Y,,,C,N,N,D,1,0,1,0,21804.0,2,35.3064486,-119.0119924,3
2013,2013-04-15,1910,4,1,19,1,Y,A,N,A,H,A,-,- ,,12,D,,,,,C,Y,N,A,1,0,0,0,22450.0,2,35.364555,-119.0118925,4
2013,2013-04-27,1616,4,1,16,6,Y,A,N,A,H,A,A,01,,09,D,,,,,C,Y,F,A,3,0,0,0,21802.0,2,35.343035,-119.0213326,4
2013,2013-04-14,2305,4,1,23,7,N,A,N,A,H,C,A,01,E,08,A,,,,,E,Y,N,D,1,0,0,0,22107.0,2,35.3794515,-118.9947774,3
2013,2013-04-22,1540,4,1,15,1,N,A,N,A,H,A,A,01,E,09,D,,,,,C,Y,N,D,2,0,0,0,21804.0,2,35.397765,-118.9495838,3
2013,2013-04-17,751,4,1,7,3,Y,A,N,A,H,A,A,01,,09,D,,,,,C,Y,N,D,1,0,0,0,21801.0,2,35.373935,-119.0425524,4
2013,2013-04-15,1215,4,1,12,1,N,B,N,A,H,A,A,01,W,08,D,,,,,C,N,N,D,2,0,0,0,22107.0,2,35.353903,-118.9911068,4
2013,2013-04-11,1508,4,1,15,4,N,A,N,A,H,A,N,60,W,11,G,Y,,,,B,Y,N,A,1,1,0,0,21950.0,3,35.3177255,-119.0213859,3
2013,2013-04-22,1439,4,1,14,1,N,A,N,A,H,A,C,02,W,22,A,,,Y,,C,N,N,D,2,0,0,2,,2,35.3054549,-119.0139492,3
2013,2013-04-30,1557,4,1,15,2,N,A,N,A,H,A,-,- ,E,09,B,,,,,C,N,N,D,2,0,0,0,21804.0,2,35.2668939,-119.03745,3
2013,2013-04-09,1454,4,1,14,2,N,A,N,A,H,A,A,01,E,03,C,,,,,C,N,N,D,1,0,0,0,22350.0,2,35.3976853,-118.951903,4
2013,2013-04-25,1405,4,1,14,4,N,A,N,A,H,A,A,01,N,03,C,,,,,C,Y,N,D,1,0,0,0,22350.0,2,35.3064486,-119.0119924,4
2013,2013-04-27,58,4,1,0,6,N,A,N,A,H,C,-,- ,N,18,E,,,,,I,Y,N,D,1,0,0,0,,1,35.3309319,-119.1115792,4
2013,2013-04-27,2343,4,1,23,6,N,A,N,A,H,C,A,01,E,01,C,,,,,C,N,N,A,3,0,0,0,23152.0,2,35.38346655,-119.08940613,4
2013,2013-04-24,2006,4,1,20,3,N,A,N,A,H,D,A,01,N,08,E,,,,,I,Y,N,D,1,0,0,0,22107.0,1,35.3892384,-119.0105624,4
2013,2013-04-23,1637,4,1,16,2,Y,A,N,A,H,A,A,01,,09,D,,,,,C,Y,N,D,2,0,0,0,21801.0,2,35.353885,-119.0064925,4
2013,2013-04-24,1640,4,1,16,3,N,A,N,A,H,A,M,94,N,03,E,,,,,I,N,N,D,1,0,0,0,22350.0,1,35.3917176,-119.0129195,3
2013,2013-04-18,756,4,1,7,4,N,A,N,A,H,A,N,60,S,11,G,Y,,,,B,N,F,D,1,1,0,0,21954.0,2,35.3664176,-118.9909424,3
2013,2013-04-22,1716,4,1,17,1,N,A,N,A,H,A,C,02,N,03,B,,,Y,,C,Y,N,D,1,0,0,1,22350.0,2,35.3235824,-119.0108122,3
2013,2013-04-25,2023,4,1,20,4,N,A,N,A,H,D,A,01,N,01,C,,,,,E,Y,N,D,3,0,0,0,23152.0,2,35.378221,-118.9186608,3
2013,2013-04-22,1445,4,1,14,1,Y,A,Y,A,H,A,A,01,,06,A,,,,,C,Y,N,A,2,0,0,0,21755.0,2,35.481025,-119.0751172,4
2013,2013-04-26,1635,4,1,16,5,N,A,Y,A,H,A,L,04,W,05,A,,Y,,,G,N,N,A,2,0,2,0,21650.0,3,35.383215,-119.0597996,3
2013,2013-03-26,543,3,1,5,2,N,A,N,A,H,D,A,07,W,08,F,,,,,A,N,N,D,1,0,0,0,22107.0,1,35.1370193,-119.4260021,2
2013,2013-04-25,955,4,1,9,4,N,A,Y,A,H,A,C,02,E,08,E,,,Y,,I,Y,N,D,1,0,0,1,22107.0,1,35.5304412,-118.6503193,4
2013,2013-04-09,1900,4,1,19,2,N,A,N,A,H,D,C,02,N,08,E,,,Y,,I,N,N,D,1,0,0,1,22107.0,1,35.28828,-119.3390559,2
2013,2013-04-13,1320,4,1,13,6,N,A,Y,A,H,A,A,01,S,03,C,,,,,C,Y,N,D,4,0,0,0,22350.0,2,35.5465897,-117.9282753,3
2013,2013-04-07,930,4,1,9,7,N,A,N,A,H,A,A,07,E,03,F,,,,,A,Y,N,D,3,0,0,0,22350.0,1,35.4038729,-117.7890951,3
2013,2013-04-06,1520,4,1,15,6,Y,A,N,A,H,A,A,07,,09,A,,,,,C,Y,N,D,1,0,0,0,21801.0,3,35.495315,-119.2850725,4
2013,2013-04-11,1535,4,1,15,4,Y,A,N,A,H,A,A,01,,09,D,,,,,C,Y,N,A,2,0,0,0,21801.0,2,35.150875,-118.8507625,4
2013,2013-04-05,329,4,1,3,5,N,A,N,A,H,C,A,07,E,08,A,,,,,I,N,F,D,1,0,0,0,22107.0,1,35.2090122,-118.8301168,4
2013,2013-04-09,1735,4,1,17,2,N,A,N,A,H,A,N,60,E,11,G,Y,,,,B,N,N,D,1,1,0,0,21954.0,2,35.37217536,-118.9654845,3
2013,2013-04-09,2050,4,1,20,2,N,A,Y,A,H,D,C,02,W,08,E,,,Y,,I,Y,N,D,2,0,0,2,22107.0,1,35.479043,-118.733817,2
2013,2013-04-13,1340,4,1,13,6,N,A,N,A,H,A,A,01,W,01,E,,,,,I,Y,N,D,1,0,0,0,23152.0,1,35.427955,-118.9743724,3
2013,2013-04-09,1840,4,1,18,2,N,A,N,A,H,A,A,01,W,03,C,,Y,,,G,N,N,D,1,0,1,0,22350.0,2,35.3667199,-118.9725016,3
2013,2013-04-12,955,4,1,9,5,N,A,N,A,H,A,A,01,S,21,D,,,,,C,N,N,D,1,0,0,0,22106.0,2,35.415048,-119.0525948,4
2013,2013-04-11,1620,4,1,16,4,N,A,N,A,H,A,A,01,W,08,E,,,,,I,Y,N,D,1,0,0,0,22107.0,1,35.7758448,-119.1919472,4
2013,2013-04-11,1735,4,1,17,4,N,A,N,A,H,A,C,02,E,08,F,,,Y,,A,Y,N,D,1,0,0,1,22107.0,1,35.5463134,-118.9588226,2
2013,2013-03-31,1317,3,1,13,7,N,B,N,A,H,A,L,04,E,09,H,,Y,,,G,N,N,D,1,0,1,0,21804.0,2,35.1926649,-118.830124,3
2013,2013-03-27,1434,3,1,14,3,N,A,N,A,H,A,A,08,E,08,B,,,,,C,Y,N,D,2,0,0,0,22103.0,2,35.2053674,-118.8375187,4
2013,2013-03-30,1830,3,1,18,6,N,A,N,A,H,A,-,99,W,03,C,,,,,C,N,N,A,1,0,0,0,22350.0,2,35.3759915,-118.9321899,4
2013,2013-03-31,1450,3,1,14,7,N,B,Y,B,H,A,A,07,W,07,F,,,,,A,Y,F,D,1,0,0,0,21658.0,2,35.352535,-118.9883531,3
2013,2013-04-29,630,4,1,6,1,N,A,N,A,H,A,A,01,W,09,D,,,,,C,Y,N,D,4,0,0,0,21804.0,2,35.04536705,-118.87312621,3
2013,2013-04-25,1648,4,1,16,4,Y,A,N,A,H,A,A,01,,09,B,,,,,C,Y,N,A,4,0,0,0,21802.0,3,35.499835,-119.2850024,4
2013,2013-05-12,1605,5,1,16,7,Y,A,N,A,H,A,A,07,,09,D,,,,,C,Y,N,A,2,0,0,0,21802.0,2,35.500155,-119.3681324,4
2013,2013-04-25,700,4,1,7,4,N,A,N,A,H,A,D,22,W,03,C,,,,,C,N,N,A,1,0,0,0,22350.0,2,35.50517447,-119.27835166,4
2013,2013-05-07,1900,5,1,19,2,N,A,Y,A,H,A,-,99,E,06,E,,,,,I,Y,M,D,1,0,0,0,21751.0,2,35.6014202,-119.4217385,4
2013,2013-05-05,2145,5,1,21,7,N,A,Y,A,H,D,A,01,S,08,E,,,,,I,Y,N,D,1,0,0,0,22107.0,1,35.1821022,-119.0060064,4
2013,2013-05-06,1420,5,1,14,1,N,A,N,A,H,A,A,01,E,03,C,,,,,C,Y,N,D,4,0,0,0,22350.0,2,35.3725859,-118.9736304,4
2013,2013-05-02,1010,5,1,10,4,N,A,N,A,H,A,A,07,S,01,F,,,,,A,Y,N,D,1,0,0,0,23152.0,1,35.4452524,-118.9225621,3
2013,2013-05-03,1815,5,1,18,5,N,A,Y,A,D,A,A,01,N,03,C,,,,,C,Y,N,D,2,0,0,0,22350.0,3,35.5719295,-119.2014451,4
2013,2013-05-06,809,5,1,8,1,N,A,N,A,H,A,A,01,E,09,D,,,,,C,N,N,D,1,0,0,0,21804.0,2,35.51336649,-119.27217364,4
2013,2013-01-09,615,1,4,6,3,N,E,N,B,H,D,A,01,W,12,E,,,,,I,Y,N,D,1,0,0,0,22450.0,1,35.4127474,-119.2877436,4
2013,2013-05-05,2038,5,1,20,7,N,A,N,A,H,C,D,22,S,01,E,,,,,I,Y,N,D,1,0,0,0,23152.0,1,35.3897279,-118.9498661,3
2013,2013-05-10,1615,5,1,16,5,N,A,Y,A,D,A,A,01,N,03,C,,,,,C,Y,N,A,2,0,0,0,22350.0,2,35.6101703,-119.212043,4
2013,2013-05-13,1145,5,1,11,1,N,A,N,A,E,A,D,22,N,21,C,,,,,C,N,N,A,2,0,0,0,22106.0,2,35.3473797,-119.0389535,4
2013,2013-05-13,640,5,1,6,1,Y,A,N,A,H,A,D,22,,12,D,,,,,C,Y,N,A,4,0,0,0,22450.0,2,35.557835,-119.4388225,4
2013,2013-05-10,1310,5,1,13,5,Y,A,N,A,H,A,A,08,,09,D,,,,,C,N,N,D,1,0,0,0,21800.0,2,35.349385,-118.9897724,4
2013,2013-05-09,1000,5,1,10,4,Y,A,Y,A,H,A,-,- ,,00,D,,,,,C,Y,N,A,1,0,0,0,,2,,,4
2013,2013-05-12,1523,5,1,15,7,N,A,N,A,H,A,A,01,N,01,B,,,,,E,Y,N,D,1,0,0,0,23152.0,5,35.3221827,-119.0605623,3
2013,2013-04-26,1549,4,1,15,5,Y,A,N,A,H,A,D,22,,12,D,,,,,C,Y,N,A,1,0,0,0,21453.0,2,35.383055,-119.0431726,4
2013,2013-05-08,1619,5,1,16,3,N,A,N,A,H,A,A,01,N,09,D,,,,,C,Y,N,D,2,0,0,0,21804.0,2,35.3398123,-119.0503736,3
2013,2013-05-04,2138,5,1,21,6,Y,A,N,A,H,C,D,22,,12,D,,,,,C,Y,N,A,3,0,0,0,21453.0,2,35.386725,-119.0212026,3
2013,2013-05-07,2041,5,1,20,2,Y,A,N,A,H,C,L,04,,09,D,,Y,,,G,N,N,D,1,0,1,0,21800.0,2,35.328475,-119.0371025,3
2013,2013-04-13,1031,4,1,10,6,N,A,N,A,H,A,A,07,E,03,C,,,,,C,Y,N,A,1,0,0,0,22350.0,2,35.3677974,-119.04418588,4
2013,2013-05-04,1555,5,1,15,6,N,A,N,A,H,A,N,60,N,11,G,Y,,,,B,N,N,D,1,1,0,0,21954.0,2,35.3700705,-118.929748,3
2013,2013-05-03,1730,5,1,17,5,N,A,N,A,H,A,A,07,W,08,E,,,,,I,Y,N,D,1,0,0,0,22107.0,1,35.1799777,-119.1276855,4
2013,2013-05-03,1155,5,1,11,5,N,A,Y,A,H,A,A,07,E,08,F,,,,,A,Y,N,D,1,0,0,0,22107.0,1,35.2961049,-119.2171836,4
2013,2013-05-02,1710,5,1,17,4,N,A,Y,A,H,A,A,01,S,03,C,,,,,C,N,N,D,1,0,0,0,22350.0,2,35.3797015,-119.0447056,4
2013,2013-05-01,2010,5,1,20,3,N,A,N,A,H,D,N,60,S,11,G,Y,,,,B,N,N,D,1,1,0,0,21954.0,2,35.407812,-119.0300224,3
2013,2013-05-06,455,5,1,4,1,N,A,Y,A,H,B,A,01,W,03,C,,,,,C,Y,N,D,1,0,0,0,22350.0,2,35.352611,-119.0218291,4
2013,2013-05-11,945,5,1,9,6,N,A,Y,A,H,A,A,01,S,08,D,,,,Y,C,Y,N,D,1,0,0,0,22107.0,2,35.0749778,-119.01566,3
2013,2013-04-03,1827,4,1,18,3,N,A,N,A,H,A,-,- ,,- ,C,,,,,C,N,N,D,1,0,0,0,,2,35.7794351,-119.2497724,4
2013,2013-04-05,1437,4,1,14,5,N,A,N,A,H,A,-,- ,E,08,D,,,,,C,N,N,D,2,0,0,0,22103.0,2,35.7713659,-119.2389816,4
2013,2013-04-06,1630,4,1,16,6,N,A,N,A,H,A,-,- ,W,09,A,,,,,C,Y,N,D,2,0,0,0,21804.0,2,35.7758029,-119.2298419,4
2013,2013-04-07,1628,4,1,16,7,Y,A,N,A,H,A,-,- ,,03,C,,,,,C,Y,N,D,2,0,0,0,22350.0,2,35.7698151,-119.2490324,4
2013,2013-04-08,758,4,1,7,1,N,B,Y,B,H,A,-,- ,W,04,C,,,,,C,N,N,D,2,0,0,0,21703.0,2,35.761325,-119.2418248,4
2013,2013-04-30,1400,4,1,14,2,N,A,N,A,H,A,A,01,W,03,C,,,,,C,Y,N,D,3,0,0,0,22350.0,2,34.8180615,-118.9029154,3
2013,2013-05-04,1531,5,1,15,6,N,A,N,A,H,A,A,01,S,03,C,,,,,C,Y,N,A,2,0,0,0,22350.0,2,35.3174588,-119.0213524,4
2013,2013-05-14,509,5,1,5,2,Y,A,N,A,H,B,-,- ,,00,D,,,,,C,Y,N,A,3,0,0,0,,2,35.383445,-119.0923426,3
2013,2013-05-07,1459,5,1,14,2,N,B,N,A,H,A,A,01,N,05,A,,,,,C,,N,A,1,0,0,0,21650.0,3,35.3840112,-118.9971627,4
2013,2013-05-12,1812,5,1,18,7,Y,A,Y,A,H,A,D,22,,08,A,,,,,C,Y,F,D,2,0,0,0,22107.0,2,35.3830706,-119.0457368,4
2013,2013-05-14,600,5,1,6,2,Y,A,N,A,H,A,A,01,,12,D,,,,,C,Y,N,A,1,0,0,0,21453.0,2,35.313005,-119.0567626,3
2013,2013-05-02,1854,5,1,18,4,Y,A,N,A,H,A,D,22,,12,D,,,,,C,N,N,A,1,0,0,0,21453.0,4,35.324995,-119.0479025,4
2013,2013-05-05,557,5,1,5,7,N,A,N,A,H,B,-,- ,W,01,E,,,,,I,Y,N,D,1,0,0,0,23152.0,1,35.3543444,-119.211284,4
2013,2013-05-01,2051,5,1,20,3,Y,A,N,A,H,C,A,07,,08,E,,,,,I,Y,N,D,1,0,0,0,22107.0,1,35.356765,-119.1631124,3
2013,2013-05-06,1450,5,1,14,1,N,A,N,A,H,A,A,01,W,03,C,,,,,C,Y,N,D,1,0,0,0,22350.0,2,35.3538649,-119.0143695,4
2013,2013-05-07,2015,5,1,20,2,N,A,N,A,H,D,L,04,N,09,D,,Y,,,G,N,N,A,1,0,1,0,21803.0,2,35.49585626,-119.2872262,3
2013,2013-05-14,335,5,1,3,2,Y,A,N,A,H,D,A,01,,12,D,,,,,C,Y,N,D,2,0,0,0,22450.0,2,35.557685,-119.4743624,4
2013,2013-05-13,647,5,1,6,1,N,A,Y,A,H,A,A,01,,08,F,,,,,A,Y,N,D,1,0,0,0,22107.0,1,35.3794687,-119.3709017,4
2013,2013-05-17,1733,5,1,17,5,Y,A,N,A,H,A,A,01,,01,C,,,,,C,Y,N,D,4,0,0,0,23152.0,5,35.332205,-119.0031124,3
2013,2013-05-14,1148,5,1,11,2,Y,A,N,A,H,A,A,07,,09,D,,,,,C,Y,N,A,1,0,0,0,21453.0,2,35.412385,-119.0588525,4
2013,2013-05-12,2300,5,1,23,7,N,A,N,A,H,C,D,22,W,01,E,,,,,I,Y,N,A,1,0,0,0,23152.0,1,35.3889777,-118.9772214,3
2013,2013-05-15,1525,5,1,15,3,N,A,N,A,H,A,D,22,E,03,C,,,,,C,Y,N,D,2,0,0,0,22350.0,2,35.376217,-118.9338319,4
2013,2013-05-16,745,5,1,7,4,N,A,Y,A,H,A,A,01,S,03,C,,,,,C,Y,N,D,1,0,0,0,22350.0,2,35.4211695,-119.2519924,4
2013,2013-05-14,2005,5,1,20,2,Y,A,N,A,H,B,D,22,,03,C,,,,,C,N,N,D,4,0,0,0,22350.0,2,35.376065,-119.1207825,3