ACCIDENT_YEAR,COLLISION_DATE,COLLISION_TIME,MONTH,SEASON,24HOURS,DAY_OF_WEEK,INTERSECTION,WEATHER_1,STATE_HWY_IND,ROAD_SURFACE,ROAD_COND_1,LIGHTING,STWD_VEHTYPE_AT_FAULT,CHP_VEHTYPE_AT_FAULT,DIRECTION,PCF_VIOL_CATEGORY,TYPE_OF_COLLISION,PEDESTRIAN_ACCIDENT,BICYCLE_ACCIDENT,MOTORCYCLE_ACCIDENT,TRUCK_ACCIDENT,MVIW,TOW_AWAY,HIT_AND_RUN,CONTROL_DEVICE,NUMBER_INJURED,COUNT_PED_INJURED,COUNT_BICYCLIST_INJURED,COUNT_MC_INJURED,PCF_VIOLATION,PARTY_COUNT,POINT_Y,POINT_X,COLLISION_SEVERITY
2013,2013-05-20,1410,5,1,14,1,Y,A,N,A,H,A,D,22,,09,D,,,,,C,Y,N,A,1,0,0,0,21802.0,2,35.2233851,-118.8782024,4
2013,2013-05-11,1750,5,1,17,6,Y,A,N,A,H,A,A,01,,01,C,,,,,C,Y,N,D,4,0,0,0,23152.0,2,35.419645,-119.0797625,4
2013,2013-05-16,1625,5,1,16,4,N,A,N,A,H,A,N,60,W,11,G,Y,,,,B,N,N,A,1,1,0,0,21456.0,3,35.37328275,-119.11018968,4
2013,2013-05-15,1605,5,1,16,3,N,A,N,A,H,A,A,01,S,08,B,,,,,E,Y,N,D,1,0,0,0,22107.0,2,35.4257565,-119.0362961,4
2013,2013-05-19,740,5,1,7,7,N,A,Y,A,H,A,A,07,S,03,C,,,,,C,Y,N,D,2,0,0,0,22350.0,2,35.2321648,-119.0142771,4
2013,2013-05-11,1416,5,1,14,6,N,A,N,A,H,A,A,01,E,01,C,,,,,C,N,N,A,1,0,0,0,23152.0,2,35.408605,-119.0210319,4
2013,2013-05-19,1455,5,1,14,7,N,A,N,A,H,A,A,01,S,08,E,,,,,I,Y,N,D,1,0,0,0,22107.0,1,35.4675496,-119.2308748,3
2013,2013-05-09,1635,5,1,16,4,Y,A,N,A,H,A,A,01,,12,D,,,,,C,Y,N,A,2,0,0,0,22450.0,2,35.435205,-119.0213825,3
2013,2013-05-05,1415,5,1,14,7,N,F,N,A,H,A,A,01,W,03,C,,,,,C,Y,N,D,2,0,0,0,22350.0,2,35.295985,-118.9381144,3
2013,2013-05-19,1505,5,1,15,7,Y,A,N,A,H,A,A,08,,09,D,,,,,C,Y,N,A,2,0,0,0,21802.0,2,35.296405,-118.8429325,3
2013,2013-05-13,645,5,1,6,1,N,A,Y,A,H,A,A,01,E,03,C,,,,,C,Y,N,A,2,0,0,0,22350.0,3,35.3808976,-119.0141214,3
2013,2013-05-11,1750,5,1,17,6,N,A,N,A,H,A,A,01,W,08,E,,,,,I,Y,N,D,1,0,0,0,22107.0,1,35.3830461,-118.9648935,4
2013,2013-05-17,930,5,1,9,5,N,B,N,A,H,A,A,01,S,08,E,,,,,I,Y,N,D,1,0,0,0,22107.0,1,35.2663669,-118.8784684,3
2013,2013-05-19,1405,5,1,14,7,N,A,Y,A,D,A,A,01,N,08,E,,,,,I,Y,N,D,2,0,0,0,22107.0,1,35.459649,-119.1112684,3
2013,2013-05-05,1700,5,1,17,7,N,F,Y,A,B,A,-,- ,N,03,C,,,,,C,N,N,D,1,0,0,0,22350.0,2,35.4499507,-119.0983845,4
2013,2013-05-08,1128,5,1,11,3,N,A,N,A,H,A,A,01,E,09,F,,,,,A,Y,N,A,1,0,0,0,21801.0,2,35.3540527,-119.0305521,3
2013,2013-06-23,145,6,2,1,7,N,A,N,A,G,C,A,01,W,01,C,,,,,E,Y,N,D,1,0,0,0,23152.0,2,35.3394064,-119.0262351,4
2013,2013-06-11,1634,6,2,16,2,N,A,N,A,H,A,J,48,W,03,C,,,,,C,N,N,D,1,0,0,0,22350.0,2,35.3687349,-118.9370287,4
2013,2013-07-10,2244,7,2,22,3,Y,A,N,A,H,C,C,02,,17,C,,,Y,,C,Y,N,A,1,0,0,1,22109.0,2,35.3610951,-119.0602325,4
2013,2013-05-13,1010,5,1,10,1,N,A,Y,A,H,A,A,08,W,03,C,,,,,C,Y,N,D,2,0,0,0,22350.0,2,35.352333,-119.0082599,3
2013,2013-05-14,1110,5,1,11,2,N,A,N,A,H,A,A,07,W,03,C,,,,,C,N,N,A,2,0,0,0,22350.0,2,35.4122558,-119.0392665,4
2013,2013-05-05,2100,5,1,21,7,N,A,Y,A,D,D,A,01,S,03,E,,,,,I,Y,N,D,2,0,0,0,22350.0,1,35.5268958,-119.1888476,4
2013,2013-05-10,2048,5,1,20,5,N,A,Y,A,H,D,A,01,W,08,E,,,,,J,Y,N,D,1,0,0,0,22107.0,1,35.0580846,-119.2534385,3
2013,2013-05-07,1440,5,1,14,2,Y,A,N,A,H,A,A,01,,09,D,,,Y,,C,Y,N,A,2,0,0,2,21802.0,2,35.3979849,-119.1721723,3
2013,2013-05-07,745,5,1,7,2,N,A,Y,A,H,A,A,08,E,09,A,,,,,C,Y,N,D,4,0,0,0,21801.0,2,35.3762386,-118.9134256,4
2013,2013-05-10,1005,5,1,10,5,N,A,N,A,H,A,A,01,S,08,E,,,,,I,Y,N,D,1,0,0,0,22107.0,1,35.4043623,-119.0208492,3
2013,2013-05-13,915,5,1,9,1,Y,B,N,A,H,A,A,01,,12,B,,,,,C,N,N,A,2,0,0,0,21453.0,2,35.266805,-119.0031725,3
2013,2013-05-16,1130,5,1,11,4,N,A,Y,A,H,A,D,22,N,03,C,,,,,C,N,N,A,1,0,0,0,22350.0,2,35.2674866,-119.2527392,4
2013,2013-05-11,1425,5,1,14,6,N,A,Y,A,H,A,A,01,E,03,C,,,,,C,Y,N,A,2,0,0,0,22350.0,3,35.616016,-119.6884796,3
2013,2013-06-02,925,6,2,9,7,N,A,Y,A,H,A,D,22,N,03,C,,,,,C,Y,N,D,1,0,0,0,22350.0,2,35.6996174,-119.2322815,3
2013,2013-06-02,1935,6,2,19,7,N,A,Y,A,H,A,A,01,S,08,D,,,,,C,Y,N,D,2,0,0,0,22107.0,2,35.2916785,-119.2525798,4
2013,2013-05-13,1515,5,1,15,1,N,A,N,A,H,A,A,01,,04,C,,,,,C,N,N,D,1,0,0,0,21703.0,2,35.1312151,-118.4493224,4
2013,2013-05-04,1746,5,1,17,6,N,A,N,A,H,A,N,60,E,11,G,Y,,,,B,N,N,D,1,1,0,0,21950.0,3,35.1298578,-118.4555433,2
2013,2013-05-07,610,5,1,6,2,N,B,Y,B,H,A,A,07,N,03,E,,,,,I,Y,N,D,1,0,0,0,22350.0,1,34.939169,-118.9308172,4
2013,2013-08-03,1534,8,2,15,6,N,A,N,A,H,A,A,07,W,21,C,,,,,C,N,N,A,1,0,0,0,22106.0,3,35.3542937,-119.0618449,4
2013,2013-08-22,1023,8,2,10,4,Y,A,N,A,H,A,A,01,,09,D,,,,,C,Y,N,A,2,0,0,0,21802.0,2,35.779435,-119.2500924,3
2013,2013-09-03,718,9,3,7,2,N,A,N,A,H,A,J,48,N,03,C,,,,,C,N,N,A,1,0,0,0,22350.0,2,35.3761299,-118.9320024,4
2013,2013-08-27,1821,8,2,18,2,Y,A,N,A,H,A,J,48,,09,D,,,,,C,Y,N,A,2,0,0,0,21802.0,3,35.371955,-118.9913625,3
2013,2013-04-29,1233,4,1,12,1,Y,A,N,A,H,A,A,01,,09,D,,,,,C,Y,N,A,1,0,0,0,21802.0,2,35.7705151,-119.2446425,4
2013,2013-05-21,1713,5,1,17,2,Y,A,N,A,H,A,A,01,,12,D,,,,,C,Y,N,A,2,0,0,0,21453.0,2,35.310375,-119.0031024,3
2013,2013-05-15,530,5,1,5,3,Y,A,Y,A,H,B,A,01,,09,D,,,,,C,Y,N,A,1,0,0,0,21802.0,2,35.5205127,-119.295753,4
2013,2013-05-17,935,5,1,9,5,N,A,Y,A,H,A,A,01,,08,C,,,,Y,C,Y,N,D,2,0,0,0,22107.0,2,35.4515064,-119.1007242,3
2013,2013-05-02,1838,5,1,18,4,Y,A,N,A,H,A,A,01,,09,D,,,,,C,Y,N,A,4,0,0,0,21802.0,2,35.7033851,-119.1686224,4
2013,2013-05-17,1655,5,1,16,5,Y,A,N,A,H,A,C,02,,09,D,,,Y,,C,Y,N,A,1,0,0,1,21802.0,2,35.47761005,-119.24305994,4
2013,2013-05-16,1530,5,1,15,4,Y,B,Y,A,H,A,D,22,,09,D,,,,,C,Y,N,D,1,0,0,0,21801.0,2,35.339405,-118.8472523,3
2013,2013-04-03,1940,4,1,19,3,Y,A,N,A,H,B,-,- ,,21,G,Y,,,,B,N,M,A,1,1,0,0,22106.0,2,35.775825,-119.2517825,4
2013,2013-04-23,1314,4,1,13,2,N,A,N,A,H,A,A,07,E,01,E,,,,,I,Y,N,D,1,0,0,0,23152.0,1,35.426855,-118.9981925,3
2013,2013-04-28,1835,4,1,18,7,N,A,N,A,H,A,A,08,E,03,C,,,,,C,N,M,A,3,0,0,0,22350.0,2,35.383035,-118.9674719,3
2013,2013-05-18,1100,5,1,11,6,N,A,Y,A,H,A,A,01,S,08,E,,,,,I,Y,N,D,1,0,0,0,22107.0,2,35.4329251,-117.6717922,3
2013,2013-05-09,745,5,1,7,4,N,A,N,A,H,A,A,01,N,03,C,,,,,C,Y,N,D,1,0,0,0,22350.0,2,35.4143181,-119.0391624,4
2013,2013-05-03,1620,5,1,16,5,N,A,Y,A,D,A,A,01,S,03,C,,,,,C,Y,N,D,1,0,0,0,22350.0,4,35.4871398,-119.1474465,4
2013,2013-05-09,2025,5,1,20,4,Y,A,N,A,H,C,A,01,,09,D,,,,,C,Y,N,A,1,0,0,0,21801.0,2,35.34669894,-119.00310338,4
2013,2013-04-29,1815,4,1,18,1,Y,A,N,A,H,A,A,07,,12,D,,,,,C,Y,N,A,1,0,0,0,22450.0,2,35.397835,-118.9449325,3
2013,2013-05-19,129,5,1,1,7,N,A,N,A,H,C,D,22,S,01,E,,,,,I,Y,N,D,1,0,0,0,23152.0,1,35.3728907,-118.9859828,3
2013,2013-05-04,1402,5,1,14,6,Y,A,Y,A,H,A,D,22,,12,A,,,,Y,C,Y,N,A,2,0,0,0,21453.0,3,35.321675,-119.0373924,3
2013,2013-05-20,1150,5,1,11,1,N,A,Y,A,H,A,A,08,N,07,E,,,,,I,Y,F,D,1,0,0,0,21658.0,2,35.4230817,-119.0618002,4
2013,2013-05-22,1105,5,1,11,3,N,A,Y,A,H,A,-,- ,N,18,H,,,,,A,Y,N,D,1,0,0,0,,1,35.5436557,-119.1945615,4
2013,2013-05-22,1440,5,1,14,3,Y,A,N,A,H,A,A,01,,09,D,,,,,C,Y,N,A,2,0,0,0,21802.0,2,35.7032351,-119.2408324,4
2013,2013-05-22,1450,5,1,14,3,N,A,N,A,H,A,A,07,N,21,C,,,,,C,N,N,A,1,0,0,0,22106.0,2,35.354427,-118.9320014,4
2013,2013-05-09,1545,5,1,15,4,N,A,Y,A,H,A,A,07,W,07,F,,,,,A,Y,N,D,2,0,0,0,21658.0,2,35.3522687,-118.9774213,3
2013,2013-05-17,2000,5,1,20,5,N,A,N,C,H,B,L,04,E,05,B,,Y,,,G,N,F,D,1,0,1,0,21650.0,2,35.3467745,-119.0480022,2
2013,2013-05-23,720,5,1,7,4,Y,A,N,A,H,A,A,01,,03,C,,,,,C,Y,N,D,7,0,0,0,22350.0,3,35.307985,-119.0031024,3
2013,2013-05-18,240,5,1,2,6,N,A,Y,A,H,D,A,01,S,08,E,,,,,I,Y,N,D,1,0,0,0,22107.0,1,35.430395,-119.0721124,3
2013,2013-05-16,657,5,1,6,4,N,A,Y,A,H,A,A,01,S,07,B,,,,,C,Y,N,A,1,0,0,0,21658.0,2,34.8430999,-118.8653575,3
2013,2013-05-02,1930,5,1,19,4,N,A,N,A,H,B,L,04,N,05,D,,Y,,,G,N,N,A,1,0,1,0,21650.0,2,35.6007015,-117.699172,3
2013,2013-05-16,735,5,1,7,4,Y,A,N,A,H,A,A,08,,09,D,,,,,D,Y,N,A,2,0,0,0,21802.0,2,35.6371051,-117.7055123,2
2013,2013-05-17,215,5,1,2,5,N,A,Y,A,H,D,A,01,S,08,E,,,,,I,Y,N,D,2,0,0,0,22107.0,1,35.4767544,-117.9597888,4
2013,2013-05-24,1725,5,1,17,5,N,A,Y,A,H,A,D,22,W,01,E,,,,,J,Y,N,D,2,0,0,0,23152.0,1,35.6587839,-118.4318658,2
2013,2013-05-26,1600,5,1,16,7,Y,A,Y,A,H,A,D,22,,09,D,,,,,C,Y,N,D,1,0,0,0,21801.0,2,35.339125,-118.8470723,4
2013,2013-05-24,1605,5,1,16,5,N,A,Y,A,H,A,A,01,E,03,C,,,,,C,Y,N,D,1,0,0,0,22350.0,2,35.3834971,-119.1610621,4
2013,2013-05-25,1420,5,1,14,6,N,A,N,A,H,A,D,22,N,01,C,,,,,C,Y,F,A,1,0,0,0,23152.0,3,35.3652673,-118.9319508,4
2013,2013-05-26,820,5,1,8,7,Y,A,Y,A,H,A,A,07,,09,D,,,,,C,Y,N,A,1,0,0,0,21802.0,2,35.601425,-119.4376376,4
2013,2013-05-28,1610,5,1,16,2,N,A,Y,A,H,A,A,07,S,03,C,,,,,C,N,F,D,1,0,0,0,22350.0,2,35.3671859,-119.0415055,4
2013,2013-05-23,2000,5,1,20,4,N,A,Y,A,H,A,A,01,E,07,B,,,,Y,C,N,N,D,1,0,0,0,21658.0,2,35.352475,-119.0284787,4
2013,2013-05-23,2022,5,1,20,4,Y,A,N,A,H,D,D,22,,09,D,,,,,C,Y,N,A,3,0,0,0,21802.0,2,35.507125,-119.2960824,3
2013,2013-05-23,1105,5,1,11,4,N,A,Y,A,H,A,D,22,E,03,C,,,,,C,N,N,D,1,0,0,0,22350.0,2,35.3833833,-119.0721645,4
2013,2013-05-16,2125,5,1,21,4,N,A,Y,A,H,D,N,60,E,11,G,Y,,,,B,N,N,D,1,1,0,0,21954.0,2,35.124305,-118.4798749,3
2013,2013-05-18,230,5,1,2,6,N,A,N,A,H,D,N,60,N,11,G,Y,,,,B,N,F,D,1,1,0,0,21954.0,2,35.1205261,-118.4926019,3
2013,2013-05-19,31,5,1,0,7,Y,A,N,A,H,C,C,02,,03,F,,,Y,,A,Y,N,A,1,0,0,1,22350.0,1,35.499825,-119.2784124,3
2013,2013-05-23,824,5,1,8,4,N,A,N,A,H,A,A,07,E,08,B,,,,,E,Y,N,D,1,0,0,0,22107.0,2,35.3979447,-119.135416,4
2013,2013-05-23,2009,5,1,20,4,Y,A,N,A,H,B,D,22,,10,D,,Y,,,G,N,N,A,1,0,1,0,21950.0,2,35.368375,-118.9960026,4
2013,2013-05-18,1037,5,1,10,6,Y,A,N,A,H,A,-,- ,,12,D,,,,,C,Y,N,A,1,0,0,0,21453.0,2,35.368545,-119.0213525,4
2013,2013-05-15,532,5,1,5,3,N,A,N,A,H,B,C,02,S,12,C,,,Y,,C,Y,N,A,2,0,0,2,21453.0,2,35.3981238,-119.0188224,3
2013,2013-05-15,518,5,1,5,3,N,A,Y,A,H,D,A,01,E,08,E,,,,,I,Y,N,D,1,0,0,0,22107.0,1,35.3090065,-119.7044531,3
2013,2013-05-19,1639,5,1,16,7,N,A,Y,A,C,A,A,01,N,08,F,,,,,A,Y,N,D,1,0,0,0,22107.0,1,35.7455618,-119.7494087,4
2013,2013-05-14,1145,5,1,11,2,Y,A,N,A,H,A,L,04,,05,D,,Y,,,G,N,N,A,1,0,1,0,21650.0,2,35.12550139,-118.4677881,2
2013,2013-05-19,1630,5,1,16,7,N,A,Y,A,H,A,A,01,E,09,B,,,,,C,Y,N,D,1,0,0,0,21801.0,2,35.123849,-118.4977724,3
2013,2013-05-04,1030,5,1,10,6,N,A,Y,A,H,A,A,01,S,01,F,,,,,A,Y,N,D,3,0,0,0,23152.0,1,34.8561309,-118.1718414,2
2013,2013-05-14,1420,5,1,14,2,N,A,N,A,H,A,A,01,S,08,G,Y,,,,B,N,N,D,1,1,0,0,22107.0,2,35.3746948,-118.9363763,4
2013,2013-05-15,625,5,1,6,3,N,A,N,A,H,A,A,07,E,08,E,,,,,I,Y,N,D,1,0,0,0,22107.0,1,35.376115,-118.9328608,4
2013,2013-05-14,1600,5,1,16,2,Y,A,N,A,H,A,A,07,,09,D,,,,,C,Y,N,D,2,0,0,0,21801.0,2,35.376205,-119.1403625,3
2013,2013-05-13,1915,5,1,19,1,N,A,Y,A,H,A,C,02,E,08,E,,,Y,,I,Y,N,D,1,0,0,1,22107.0,1,35.4788421,-118.7498183,3
2013,2013-05-13,1948,5,1,19,1,N,A,N,A,H,A,A,01,E,21,C,Y,,,,E,N,N,D,3,2,0,0,22106.0,6,35.29730622,-119.01381969,3
2013,2013-05-07,943,5,1,9,2,Y,B,N,A,H,A,A,01,,09,D,,,,,C,Y,N,A,3,0,0,0,21802.0,2,35.404965,-118.9645426,3
2013,2013-05-05,2054,5,1,20,7,Y,A,N,A,H,C,L,04,,01,D,,Y,,,G,N,F,A,1,0,1,0,21200.0,2,35.386215,-118.9896624,2
2013,2013-05-03,1905,5,1,19,5,N,A,N,A,H,A,A,07,W,09,D,,,,,C,Y,N,A,1,0,0,0,21453.0,2,35.3241186,-119.1048035,4
2013,2013-05-04,1753,5,1,17,6,Y,A,N,A,H,A,A,07,,10,G,Y,,,,B,N,M,A,1,1,0,0,21950.0,2,35.332225,-119.0434725,4
2013,2013-05-05,1734,5,1,17,7,Y,B,N,A,H,A,L,04,,11,D,,Y,,,G,N,N,A,1,0,1,0,21456.0,2,35.318325,-119.0923326,4
2013,2013-05-12,2054,5,1,20,7,N,A,N,A,H,C,A,08,W,01,B,Y,,,,C,Y,N,D,3,1,0,0,23152.0,3,35.364525,-119.0058223,4
2013,2013-04-23,51,4,1,0,2,N,A,N,A,H,C,C,02,W,03,F,,,Y,,A,N,N,D,1,0,0,1,22350.0,1,35.41018909,-118.97756517,3
2013,2013-05-06,1733,5,1,17,1,N,B,N,A,H,A,A,01,S,08,E,,,,,I,Y,N,D,1,0,0,0,22107.0,1,35.3885201,-119.0431861,4
2013,2013-05-01,2023,5,1,20,3,Y,A,N,A,H,D,A,01,,03,C,,,,,C,Y,N,D,1,0,0,0,22350.0,2,35.3104051,-118.9854724,4
2013,2013-04-26,1538,4,1,15,5,N,A,N,A,H,A,A,01,N,08,D,,,,,C,Y,N,D,1,0,0,0,22107.0,2,35.3541229,-119.0142824,4
2013,2013-04-19,1921,4,1,19,5,N,A,N,A,H,A,N,60,W,11,G,Y,,,,B,N,N,D,1,1,0,0,21956.0,2,35.3780798,-118.98464,3
2013,2013-04-17,1932,4,1,19,3,N,A,N,A,H,B,L,04,S,05,A,,Y,,,G,N,N,A,1,0,1,0,21650.0,2,35.3867,-119.0192786,4
2013,2013-05-23,1315,5,1,13,4,N,A,N,A,H,A,A,01,E,01,D,,,,,C,Y,N,D,1,0,0,0,23152.0,2,35.1350903,-119.4724446,3
2013,2013-05-17,1330,5,1,13,5,N,A,Y,A,H,A,D,22,W,05,A,,,,,C,Y,N,D,7,0,0,0,21460.0,2,35.6660753,-118.039309,3
2013,2013-05-12,1628,5,1,16,7,N,A,N,A,G,A,L,04,N,08,D,,Y,,,G,Y,N,A,1,0,1,0,22107.0,2,35.3891204,-119.0105624,2
2013,2013-05-13,1424,5,1,14,1,Y,A,N,A,H,A,A,08,,12,D,,,,,C,Y,N,A,1,0,0,0,21453.0,2,35.313115,-119.0923125,4
2013,2013-05-09,1507,5,1,15,4,N,B,N,A,H,A,A,01,N,09,D,,,,,C,Y,N,D,3,0,0,0,21804.0,2,35.2960806,-119.0213224,4
2013,2013-05-14,1716,5,1,17,2,N,A,N,A,H,A,-,- ,W,07,E,,,Y,,I,N,F,D,1,0,0,1,21658.0,2,35.354233,-119.0789346,3
2013,2013-05-18,1636,5,1,16,6,Y,A,N,A,H,A,A,08,,09,D,,,,,C,Y,N,A,4,0,0,0,21802.0,2,35.343025,-119.0191626,4
2013,2013-05-17,1948,5,1,19,5,Y,A,N,A,H,B,A,01,,12,D,,,,,C,Y,N,A,2,0,0,0,21453.0,2,35.334775,-119.0745125,4
2013,2013-05-09,1340,5,1,13,4,Y,B,N,A,H,A,A,01,,09,D,,,,,C,Y,N,A,3,0,0,0,21802.0,2,35.350295,-119.0213324,4
2013,2013-05-03,1921,5,1,19,5,Y,A,N,A,H,A,A,01,,09,D,,,,,C,N,N,A,2,0,0,0,21802.0,2,35.379085,-119.0164524,3
2013,2013-05-19,2253,5,1,22,7,Y,A,N,A,H,C,A,01,,01,C,,,,,C,Y,N,A,1,0,0,0,23152.0,2,35.310215,-119.0923125,4
2013,2013-05-16,723,5,1,7,4,Y,A,N,A,H,A,N,60,,11,G,Y,,,,B,N,N,A,1,1,0,0,21950.0,2,35.317745,-119.0119324,3
2013,2013-05-27,2315,5,1,23,1,N,A,Y,A,H,D,D,22,E,01,E,,,,,I,Y,N,D,1,0,0,0,23152.0,1,35.4378415,-118.7989126,4
2013,2013-06-01,2308,6,2,23,6,N,A,N,A,H,D,D,22,E,01,B,,,,,C,Y,N,D,3,0,0,0,23152.0,2,35.2672035,-118.8714085,3
2013,2013-05-24,1727,5,1,17,5,N,A,Y,A,H,A,A,01,W,03,C,,,,,C,Y,N,D,1,0,0,0,22350.0,3,35.6587839,-118.4318658,4
2013,2013-05-23,536,5,1,5,4,Y,A,Y,A,H,B,-,- ,,00,D,,,,Y,C,Y,N,D,1,0,0,0,,3,35.616205,-119.6573417,4
2013,2013-05-28,600,5,1,6,2,N,B,Y,A,H,B,D,22,W,08,E,,,,,I,Y,N,D,3,0,0,0,22107.0,1,35.2674723,-119.2650342,3
2013,2013-05-27,950,5,1,9,1,Y,A,N,A,H,A,A,07,,03,C,,,,,C,Y,N,A,1,0,0,0,22350.0,2,35.223565,-118.8423125,4
2013,2013-05-20,1605,5,1,16,1,Y,A,N,A,H,A,D,22,,01,D,,,,,D,Y,N,A,1,0,0,0,23152.0,2,35.419525,-119.0301024,4
2013,2013-05-15,230,5,1,2,3,N,A,Y,A,H,C,G,25,S,08,E,,,,Y,I,Y,N,D,1,0,0,0,22107.0,1,34.9686042,-118.9396494,3
2013,2013-05-22,2005,5,1,20,3,N,A,Y,A,H,B,G,25,N,03,F,,,,Y,A,Y,N,D,1,0,0,0,22350.0,1,35.694506,-117.8673107,4
2013,2013-05-18,200,5,1,2,6,N,A,Y,A,H,D,A,01,E,01,C,,,,,C,Y,M,D,1,0,0,0,23152.0,2,35.352255,-118.9979268,2
2013,2013-05-25,729,5,1,7,6,N,A,Y,A,H,A,A,07,N,03,C,,,,,C,Y,N,D,5,0,0,0,22350.0,2,35.6060804,-119.2119433,4
2013,2013-05-27,1200,5,1,12,1,N,A,Y,A,D,A,A,01,N,03,C,,,,,C,Y,N,D,1,0,0,0,22350.0,3,35.5663737,-119.2001179,4
2013,2013-05-16,600,5,1,6,4,N,A,N,A,H,B,-,- ,E,08,F,,,,,A,Y,N,D,1,0,0,0,22107.0,1,35.5579917,-119.3480032,4
2013,2013-05-16,1513,5,1,15,4,Y,A,N,A,H,A,A,01,,17,D,,,,,C,Y,N,A,2,0,0,0,21451.0,2,35.502815,-119.2744824,4
2013,2013-05-06,958,5,1,9,1,N,A,N,A,-,A,A,08,W,09,D,,,,,C,Y,N,D,2,0,0,0,21801.0,2,35.353885,-119.006623,4
2013,2013-05-07,2140,5,1,21,2,N,A,N,A,H,C,A,01,E,01,C,,,,,C,Y,N,A,2,0,0,0,23152.0,2,35.3395549,-119.0433418,3
2013,2013-05-06,950,5,1,9,1,N,B,N,A,H,A,N,60,E,11,G,Y,,,,B,N,N,D,1,1,0,0,21954.0,2,35.359815,-119.0066675,3
2013,2013-05-09,1924,5,1,19,4,N,A,N,A,H,A,L,04,S,08,B,,Y,,,J,N,N,D,1,0,1,0,22107.0,2,35.40195157,-119.00546372,3
2013,2013-05-06,1524,5,1,15,1,N,B,N,A,H,A,A,01,S,01,C,,,,,C,Y,N,D,1,0,0,0,23153.0,4,35.3795538,-119.0212377,4
2013,2013-05-05,1515,5,1,15,7,Y,B,N,A,H,A,A,01,,01,D,,,,,C,Y,N,A,1,0,0,0,23152.0,2,35.339785,-119.0923625,4
2013,2013-05-20,850,5,1,8,1,N,A,Y,A,H,A,A,07,W,08,F,,,,,A,Y,N,D,1,0,0,0,22107.0,1,35.106346,-118.1602746,3
2013,2013-05-20,55,5,1,0,1,N,A,N,A,H,D,A,01,E,08,F,,,,,A,Y,N,D,1,0,0,0,22107.0,1,35.3854918,-117.8288902,4
2013,2013-04-19,2143,4,1,21,5,N,A,N,A,H,C,A,01,E,08,D,,,,,D,Y,N,D,1,0,0,0,22107.0,2,35.2959149,-119.0367765,4
2013,2013-06-03,1720,6,2,17,1,N,A,Y,A,H,A,A,01,W,06,B,,,,Y,C,N,N,A,1,0,0,0,21755.0,2,35.2671752,-118.9144623,4
2013,2013-05-18,1805,5,1,18,6,Y,A,N,A,H,A,D,22,,12,D,,,,,C,Y,N,A,2,0,0,0,22450.0,2,35.3575151,-118.9941325,4
2013,2013-05-24,1201,5,1,12,5,Y,A,N,A,H,A,D,22,,09,D,,,,,C,Y,N,A,2,0,0,0,21802.0,2,35.281645,-119.0922626,4
2013,2013-05-26,2156,5,1,21,7,Y,A,N,A,H,C,N,60,,11,G,Y,,,,B,N,N,A,1,1,0,0,21950.0,2,35.384855,-119.0152725,2
2013,2013-05-21,508,5,1,5,2,N,A,N,A,H,B,A,07,E,03,C,,,,,C,Y,N,D,1,0,0,0,22350.0,3,,,4
2013,2013-05-23,1512,5,1,15,4,N,A,N,A,H,A,A,01,W,03,C,,,,,C,Y,N,A,1,0,0,0,22350.0,3,35.3810026,-119.0178872,4
2013,2013-05-26,1151,5,1,11,7,N,A,N,A,H,A,D,22,W,01,D,,,,,C,Y,F,A,4,0,0,0,23152.0,2,35.295886,-119.003312,3
2013,2013-05-20,1458,5,1,14,1,N,A,N,A,H,A,A,07,W,09,D,,,,,C,Y,N,D,2,0,0,0,21804.0,3,35.3802662,-118.988711,4
2013,2013-05-15,822,5,1,8,3,N,A,N,A,H,A,D,72,W,03,C,,,,,C,N,N,A,1,0,0,0,22350.0,2,35.2091245,-118.8332525,4
2013,2013-05-04,410,5,1,4,6,N,A,Y,A,H,D,A,01,N,03,C,,,,,C,Y,N,D,1,0,0,0,22350.0,2,35.134038,-119.0800842,4
2013,2013-05-30,1035,5,1,10,4,N,A,Y,A,H,A,G,25,S,07,E,,,,Y,I,Y,F,D,1,0,0,0,21658.0,3,35.3612599,-119.0394089,4
2013,2013-06-01,1230,6,2,12,6,N,A,N,A,H,A,D,22,N,03,F,,,,,A,N,N,D,1,0,0,0,22350.0,1,35.3134951,-118.5297528,4
2013,2013-05-23,2331,5,1,23,4,Y,A,N,A,H,C,D,22,,03,D,,,,,C,Y,N,A,1,0,0,0,22350.0,2,35.3762251,-119.1454225,4
2013,2013-05-16,1450,5,1,14,4,N,A,N,A,H,A,-,- ,E,04,C,,,,,C,N,N,A,2,0,0,0,21703.0,2,35.7903651,-119.2491519,4
2013,2013-05-19,1600,5,1,16,7,N,A,N,A,H,A,-,- ,N,03,G,Y,,,,B,N,F,A,1,1,0,0,22350.0,2,35.7785645,-119.2574072,3
2013,2013-05-18,2115,5,1,21,6,N,A,N,A,H,C,L,04,E,05,A,,Y,,,G,N,N,A,1,0,1,0,21650.0,2,35.7758352,-119.2513257,4
2013,2013-05-30,2145,5,1,21,4,N,A,Y,A,H,D,A,01,E,08,E,,,,,I,Y,N,D,1,0,0,0,22107.0,1,35.4063785,-118.8636464,4
2013,2013-05-25,730,5,1,7,6,N,A,Y,A,H,A,A,01,N,03,C,,,,,C,Y,N,D,2,0,0,0,22350.0,5,35.6063625,-119.2119502,4
2013,2013-05-27,1410,5,1,14,1,N,A,Y,A,H,A,C,02,E,03,D,,,Y,,D,Y,N,A,1,0,0,1,22350.0,2,35.4755539,-118.7217393,3
2013,2013-05-25,548,5,1,5,6,N,A,N,A,H,A,A,01,S,06,D,,,,,C,Y,N,D,4,0,0,0,21750.0,2,35.1728685,-118.9145824,4
2013,2013-05-27,1620,5,1,16,1,N,A,Y,A,H,A,C,02,W,03,E,,,Y,,I,Y,N,D,2,0,0,2,22350.0,1,35.4790038,-118.7351294,3
2013,2013-06-03,1315,6,2,13,1,N,A,N,A,H,A,L,04,W,08,D,,Y,,,G,N,N,D,1,0,1,0,22107.0,2,35.408605,-119.030609,3
2013,2013-06-02,750,6,2,7,7,N,A,N,A,H,A,A,01,E,03,C,,,,,C,Y,N,A,1,0,0,0,22350.0,2,35.4124009,-119.0619073,4