ACCIDENT_YEAR,COLLISION_DATE,COLLISION_TIME,MONTH,SEASON,24HOURS,DAY_OF_WEEK,INTERSECTION,WEATHER_1,STATE_HWY_IND,ROAD_SURFACE,ROAD_COND_1,LIGHTING,STWD_VEHTYPE_AT_FAULT,CHP_VEHTYPE_AT_FAULT,DIRECTION,PCF_VIOL_CATEGORY,TYPE_OF_COLLISION,PEDESTRIAN_ACCIDENT,BICYCLE_ACCIDENT,MOTORCYCLE_ACCIDENT,TRUCK_ACCIDENT,MVIW,TOW_AWAY,HIT_AND_RUN,CONTROL_DEVICE,NUMBER_INJURED,COUNT_PED_INJURED,COUNT_BICYCLIST_INJURED,COUNT_MC_INJURED,PCF_VIOLATION,PARTY_COUNT,POINT_Y,POINT_X,COLLISION_SEVERITY
2013,2013-06-21,1902,6,2,19,5,Y,A,N,A,H,B,A,07,,08,A,,,,,C,Y,N,A,2,0,0,0,22107.0,2,35.357495,-118.9990326,4
2013,2013-06-30,500,6,2,5,7,N,A,N,A,H,B,N,60,W,11,G,Y,,,,B,N,F,D,1,1,0,0,21954.0,2,35.2959506,-119.0572071,3
2013,2013-06-24,1435,6,2,14,1,N,A,N,A,H,A,A,01,W,08,F,,,,,A,N,N,A,1,0,0,0,22107.0,2,35.3740606,-118.9916317,3
2013,2013-06-20,1250,6,2,12,4,N,A,N,A,H,A,A,07,S,12,D,,,,,C,Y,N,A,3,0,0,0,21453.0,3,35.3093725,-119.0923098,4
2013,2013-06-30,2214,6,2,22,7,N,A,N,A,H,C,A,07,S,03,C,,,,,C,Y,N,A,1,0,0,0,22350.0,2,35.3828362,-119.0029473,4
2013,2013-06-03,1446,6,2,14,1,Y,A,N,A,H,A,A,01,,21,D,,Y,,,G,N,N,A,1,0,1,0,22106.0,2,35.412435,-118.9632225,4
2013,2013-06-23,2005,6,2,20,7,Y,A,Y,A,H,C,-,- ,,12,D,,,,,C,Y,N,A,1,0,0,0,21453.0,2,35.321675,-119.0373924,4
2013,2013-06-29,2119,6,2,21,6,N,A,N,A,H,C,A,01,E,01,C,,,,,C,Y,F,A,1,0,0,0,23152.0,3,35.4998049,-119.2729146,4
2013,2013-06-27,1937,6,2,19,4,Y,A,N,A,H,A,A,01,,08,D,,,,,C,Y,N,D,3,0,0,0,22107.0,2,35.3732451,-118.9875725,4
2013,2013-07-01,1610,7,2,16,1,Y,A,N,A,H,A,N,60,,11,G,Y,,,,B,N,N,A,1,1,0,0,21966.0,2,35.3848151,-119.0188926,4
2013,2013-07-02,1900,7,2,19,2,N,A,N,A,H,A,C,06,W,22,F,,,Y,,A,N,N,D,2,0,0,2,,1,35.19313036,-118.82606685,3
2013,2013-07-02,1459,7,2,14,2,N,A,N,A,H,A,A,01,W,06,D,,,,,C,Y,N,D,1,0,0,0,21751.0,2,35.3249184,-119.004545,4
2013,2013-07-01,2341,7,2,23,1,Y,A,N,A,H,C,A,07,,09,D,,,,,C,Y,N,A,1,0,0,0,21801.0,2,35.3788551,-118.9922924,4
2013,2013-06-28,2240,6,2,22,5,N,A,Y,A,H,D,A,01,S,08,F,,,,,A,Y,N,D,2,0,0,0,22107.0,1,35.7650352,-119.7637543,2
2013,2013-06-21,1837,6,2,18,5,N,A,Y,A,H,A,C,02,S,03,F,,,Y,,A,Y,N,D,1,0,0,1,22350.0,1,35.4009546,-119.0389286,2
2013,2013-06-26,520,6,2,5,3,N,A,N,A,H,D,-,- ,S,18,H,,,,,J,Y,N,D,1,0,0,0,,2,35.1941015,-119.0034345,4
2013,2013-06-29,2303,6,2,23,6,N,A,Y,A,H,D,A,01,S,08,E,,,,,I,Y,N,D,1,0,0,0,22107.0,1,35.6879331,-119.229562,4
2013,2013-06-22,2126,6,2,21,6,Y,A,N,A,H,C,L,04,,01,D,,Y,,,G,N,F,A,1,0,1,0,21200.0,2,35.4136251,-119.0300726,2
2013,2013-06-30,1954,6,2,19,7,Y,A,N,A,H,A,A,01,,12,D,,,,,C,Y,N,A,1,0,0,0,21453.0,2,35.408585,-119.0389925,3
2013,2013-06-26,1050,6,2,10,3,N,A,N,A,H,A,A,01,W,12,C,,,,,C,Y,N,A,1,0,0,0,22450.0,2,35.3543055,-119.2373428,4
2013,2013-06-28,1335,6,2,13,5,N,A,Y,A,H,A,C,02,E,03,C,,,Y,,C,Y,N,D,1,0,0,1,22350.0,2,35.3833903,-119.0733875,3
2013,2013-06-20,1615,6,2,16,4,N,A,N,A,H,A,A,01,S,03,E,,,,,I,Y,N,D,4,0,0,0,22350.0,1,35.3074395,-118.8785911,3
2013,2013-06-24,534,6,2,5,1,N,A,N,A,H,B,A,01,W,08,F,,,,,A,Y,N,D,1,0,0,0,22107.0,1,35.0474586,-118.213719,4
2013,2013-07-02,1111,7,2,11,2,N,A,Y,A,H,A,A,01,N,08,E,,,,,I,Y,N,D,2,0,0,0,22107.0,1,35.3273534,-119.038631,3
2013,2013-07-02,1420,7,2,14,2,N,A,Y,A,H,A,A,07,S,08,F,,,,,A,Y,N,D,1,0,0,0,22107.0,1,35.6903421,-119.7087155,3
2013,2013-06-06,1719,6,2,17,4,N,A,N,A,H,A,-,- ,W,21,D,,,,,C,N,N,D,1,0,0,0,22106.0,2,35.768539,-119.2394097,4
2013,2013-06-06,1249,6,2,12,4,Y,A,N,A,H,A,-,- ,,10,A,Y,,,,B,N,N,A,1,1,0,0,21950.0,2,35.7758451,-119.2585724,3
2013,2013-07-05,900,7,2,9,5,N,A,N,A,H,A,G,25,S,12,F,,,,Y,A,Y,N,A,1,0,0,0,22450.0,1,35.49904737,-119.4392395,3
2013,2013-07-08,1515,7,2,15,1,N,A,Y,A,H,A,A,01,S,03,C,,,,,C,N,N,D,1,0,0,0,22350.0,2,35.349962,-119.252229,4
2013,2013-06-26,745,6,2,7,3,Y,A,Y,A,H,A,A,07,,09,D,,,,,C,Y,N,A,3,0,0,0,21802.0,2,35.4707797,-119.2610424,4
2013,2013-06-20,2140,6,2,21,4,N,A,N,A,-,D,A,07,E,08,E,,,,,I,Y,N,D,1,0,0,0,22107.0,1,35.3820168,-118.8266476,4
2013,2013-06-20,1633,6,2,16,4,N,A,N,A,H,A,A,01,N,03,C,,,,,C,N,N,D,2,0,0,0,22350.0,2,35.2096188,-118.8332155,4
2013,2013-06-15,1340,6,2,13,6,N,A,Y,A,H,A,A,07,S,08,F,,,,,A,Y,N,D,2,0,0,0,22107.0,1,35.2746279,-119.0251096,3
2013,2013-06-09,620,6,2,6,7,N,A,N,A,H,A,A,08,S,08,F,,,,,A,Y,N,D,1,0,0,0,22107.0,1,34.8834047,-118.2254943,4
2013,2013-06-14,1113,6,2,11,5,Y,A,Y,A,H,A,A,01,,09,D,,,,,C,Y,N,A,2,0,0,0,21801.0,2,35.2464329,-118.9144086,4
2013,2013-06-08,1000,6,2,10,6,N,A,N,A,H,A,-,- ,E,09,D,,,,,C,N,N,D,1,0,0,0,21800.0,2,35.7613253,-119.2407888,4
2013,2013-06-15,1325,6,2,13,6,Y,A,N,A,H,A,-,- ,,09,D,,,,,C,N,N,A,1,0,0,0,21802.0,2,35.775905,-119.2538224,4
2013,2013-07-01,1015,7,2,10,1,Y,A,N,A,H,E,A,01,,09,D,,,,,C,N,N,D,1,0,0,0,21804.0,3,35.308615,-119.0031025,4
2013,2013-07-01,815,7,2,8,1,N,B,N,A,H,A,G,26,S,03,F,,,,Y,A,Y,N,D,2,0,0,0,22350.0,1,35.2804218,-118.6238055,4
2013,2013-07-08,515,7,2,5,1,N,A,Y,A,H,B,A,01,S,03,C,,,,,C,Y,M,D,1,0,0,0,22350.0,2,35.335847,-119.0397224,4
2013,2013-07-07,1130,7,2,11,7,N,A,N,A,H,A,D,22,N,08,C,,,,,E,Y,N,D,1,0,0,0,22107.0,3,35.4140716,-119.0624024,4
2013,2013-06-28,1320,6,2,13,5,N,A,N,A,H,A,A,01,S,09,D,,,,,C,N,N,D,1,0,0,0,21804.0,2,35.4054131,-119.030031,4
2013,2013-07-06,1900,7,2,19,6,N,A,Y,A,H,A,D,22,S,08,F,,,,,A,Y,N,D,2,0,0,0,22107.0,1,35.5418948,-119.3221893,4
2013,2013-07-02,1705,7,2,17,2,N,A,Y,A,H,A,A,01,E,03,C,,,,,C,Y,N,D,2,0,0,0,22350.0,3,35.3832088,-119.0627871,4
2013,2013-07-06,810,7,2,8,6,N,A,N,A,H,A,A,01,E,03,C,,,,,C,Y,N,D,1,0,0,0,22350.0,2,34.8205152,-118.9645848,4
2013,2013-06-28,2151,6,2,21,5,N,A,Y,A,H,D,A,07,S,01,C,,,,Y,C,Y,M,D,1,0,0,0,23152.0,2,34.8635794,-118.8811045,3
2013,2013-07-04,1330,7,2,13,4,N,F,Y,A,H,A,A,01,W,09,B,,,,,A,Y,N,D,1,0,0,0,21804.0,2,35.2670873,-119.2254808,4
2013,2013-07-08,2058,7,2,20,1,N,A,Y,A,H,D,A,01,E,05,B,,,,,C,Y,N,D,4,0,0,0,21650.0,2,35.6161659,-119.6682825,4
2013,2013-06-28,2310,6,2,23,5,N,A,N,A,H,D,A,01,E,08,E,,,,,I,Y,N,D,1,0,0,0,22107.0,1,,,3
2013,2013-06-29,220,6,2,2,6,N,A,Y,A,H,D,A,01,N,01,F,,,,,A,Y,N,D,1,0,0,0,23152.0,1,35.3133753,-118.9143278,3
2013,2013-06-15,140,6,2,1,6,N,A,Y,A,H,C,A,01,N,01,C,,,,,C,Y,N,D,1,0,0,0,23152.0,2,35.3724629,-119.0435519,4
2013,2013-06-29,1330,6,2,13,6,Y,A,N,A,H,A,A,01,,09,D,,,,,C,Y,N,A,2,0,0,0,21802.0,2,35.7470151,-119.1415825,4
2013,2013-06-29,1540,6,2,15,6,N,A,N,A,H,A,-,- ,E,18,E,,,,,I,Y,N,D,1,0,0,0,,1,35.2420005,-118.5977851,4
2013,2013-06-24,1540,6,2,15,1,N,A,Y,A,H,A,A,01,W,03,C,,,,,C,Y,N,A,1,0,0,0,22350.0,2,35.352465,-119.0254724,4
2013,2013-06-22,615,6,2,6,6,N,A,Y,A,H,A,C,02,E,08,E,,,Y,,I,Y,N,D,1,0,0,1,22107.0,1,35.3835577,-119.1476274,3
2013,2013-07-03,450,7,2,4,3,N,A,N,A,H,A,A,01,N,21,D,,,Y,,C,Y,N,D,1,0,0,1,22106.0,2,35.4435,-119.0298609,4
2013,2013-07-01,1115,7,2,11,1,N,A,N,A,H,A,A,07,E,01,E,,,,,I,Y,N,D,1,0,0,0,23152.0,1,34.82401174,-118.94695401,3
2013,2013-07-05,2037,7,2,20,5,N,A,Y,A,H,C,A,01,S,03,C,,,,,C,Y,N,A,2,0,0,0,22350.0,3,35.2862622,-118.9143542,4
2013,2013-07-08,520,7,2,5,1,N,A,Y,A,H,B,A,01,E,04,C,,,,,C,N,N,D,1,0,0,0,21703.0,2,35.352765,-119.0384587,3
2013,2013-07-08,1615,7,2,16,1,N,A,Y,A,H,A,A,01,W,03,C,,,,,C,Y,N,A,1,0,0,0,22350.0,2,35.3833618,-119.0672916,4
2013,2013-07-04,1455,7,2,14,4,N,A,N,A,H,A,A,01,S,08,E,,,,,I,Y,N,D,1,0,0,0,22107.0,1,35.3720292,-118.9676224,4
2013,2013-07-06,715,7,2,7,6,Y,A,N,A,H,A,A,01,,03,E,,,,,I,Y,N,D,1,0,0,0,22350.0,1,35.365125,-118.9347824,4
2013,2013-07-06,1245,7,2,12,6,N,A,N,A,H,A,A,01,N,08,C,,,,,C,Y,N,D,1,0,0,0,22107.0,2,35.42958737,-119.01671648,4
2013,2013-07-04,1520,7,2,15,4,N,A,N,A,H,A,A,01,S,03,C,,,,,C,N,N,D,1,0,0,0,22350.0,2,35.3605718,-118.9498524,2
2013,2013-06-25,1515,6,2,15,2,N,A,N,A,H,A,A,01,W,08,E,,,,,J,Y,N,D,2,0,0,0,22107.0,1,35.5006224,-119.4419277,3
2013,2013-05-19,1608,5,1,16,7,Y,A,N,A,H,A,-,- ,,09,D,,,,,C,N,N,D,1,0,0,0,21800.0,2,35.764215,-119.2418225,4
2013,2013-06-07,2200,6,2,22,5,N,A,N,A,H,C,-,- ,W,- ,A,,,,,A,Y,N,D,1,0,0,0,,2,35.7758435,-119.2460993,3
2013,2013-06-11,1630,6,2,16,2,N,A,N,A,H,A,-,- ,W,03,C,,,,,C,N,N,D,2,0,0,0,22350.0,2,35.7758317,-119.2326001,4
2013,2013-06-11,1850,6,2,18,2,N,A,N,A,H,A,-,- ,E,03,C,,,,,C,Y,N,D,1,0,0,0,22350.0,2,35.775865,-119.2353841,4
2013,2013-06-11,523,6,2,5,2,N,A,N,A,H,D,-,- ,W,03,A,,,,,I,Y,N,D,1,0,0,0,22350.0,1,35.7468217,-119.2414122,4
2013,2013-06-14,1823,6,2,18,5,N,A,N,A,H,A,N,60,E,11,G,Y,,,,B,N,N,D,1,1,0,0,21954.0,2,,,3
2013,2013-05-04,1842,5,1,18,6,-,A,N,A,H,A,N,60,,11,G,Y,,,,B,Y,N,D,1,1,0,0,21950.0,2,35.67678374,-119.23915654,4
2013,2013-04-27,530,4,1,5,6,N,A,Y,A,H,B,A,01,E,01,E,,,,,I,Y,N,D,1,0,0,0,23152.0,1,35.0913984,-118.1288944,3
2013,2013-04-03,1450,4,1,14,3,N,A,N,A,H,A,A,01,W,03,C,,,,,C,Y,N,A,3,0,0,0,22350.0,2,35.627011,-117.6666597,3
2013,2013-07-10,1831,7,2,18,3,N,A,N,A,H,A,A,01,N,08,D,,,,,C,N,N,D,2,0,0,0,22107.0,2,35.3994224,-118.9301105,4
2013,2013-07-08,1430,7,2,14,1,N,A,N,A,H,A,D,22,E,03,C,,,,,C,N,N,D,2,0,0,0,22350.0,2,35.383945,-119.0021719,4
2013,2013-07-06,1531,7,2,15,6,Y,A,Y,A,H,A,D,22,,12,D,,,,,C,Y,N,A,1,0,0,0,21453.0,2,35.333645,-119.0397424,4
2013,2013-07-04,1517,7,2,15,4,Y,A,Y,A,H,A,D,22,,12,D,,,,,C,Y,N,A,1,0,0,0,21453.0,2,35.343575,-119.0394324,4
2013,2013-07-11,425,7,2,4,4,N,A,N,A,H,D,D,22,W,08,E,,,,,I,Y,N,D,1,0,0,0,22107.0,1,35.1806373,-119.4575827,4
2013,2013-07-11,1530,7,2,15,4,N,A,Y,A,H,A,A,01,N,09,D,,,,,C,Y,N,D,2,0,0,0,21801.0,2,35.645157,-119.8886753,3
2013,2013-07-06,1910,7,2,19,6,N,A,Y,A,H,A,D,22,N,08,F,,,,,A,Y,N,D,1,0,0,0,22107.0,1,35.5093611,-119.5453287,3
2013,2013-07-17,1115,7,2,11,3,N,A,Y,A,H,A,C,02,N,07,B,,,Y,,C,Y,N,D,1,0,0,1,21658.0,2,35.0979236,-118.144627,3
2013,2013-07-07,2336,7,2,23,7,Y,A,N,A,H,E,A,01,,08,D,,,,,C,Y,N,A,4,0,0,0,22107.0,2,35.317795,-119.0479525,3
2013,2013-07-07,2200,7,2,22,7,N,A,Y,A,H,D,A,01,N,03,C,,,,,D,N,N,D,1,0,0,0,22350.0,3,34.9805861,-118.9436506,4
2013,2013-07-08,1500,7,2,15,1,Y,A,N,A,H,A,A,08,,09,D,,,,,C,Y,N,A,2,0,0,0,21802.0,3,35.267285,-118.8428024,4
2013,2013-07-05,108,7,2,1,5,N,A,N,A,H,C,A,01,W,01,C,,,,,C,Y,N,D,1,0,0,0,23152.0,2,35.4123887,-119.0709336,3
2013,2013-07-10,1720,7,2,17,3,Y,A,Y,A,H,A,A,01,,09,D,,,,,C,Y,N,A,3,0,0,0,21802.0,2,35.602505,-119.0876024,2
2013,2013-07-07,1115,7,2,11,7,N,A,Y,A,D,A,A,01,S,03,E,,,,,I,Y,N,D,1,0,0,0,22350.0,4,35.4691355,-119.1242238,4
2013,2013-07-08,1535,7,2,15,1,Y,A,N,A,H,A,A,01,,09,D,,,,,C,Y,N,A,2,0,0,0,21802.0,2,35.2962151,-118.8963624,4
2013,2013-07-12,1415,7,2,14,5,N,A,Y,A,H,A,D,22,S,03,C,,,,,C,N,M,D,1,0,0,0,22350.0,2,35.409469,-119.0516535,4
2013,2013-07-03,523,7,2,5,3,Y,A,N,A,H,A,D,22,,05,D,,,,,C,Y,N,D,2,0,0,0,21752.0,2,35.141855,-118.8507324,4
2013,2013-07-08,650,7,2,6,1,Y,A,N,A,H,A,D,22,,08,A,,,,,C,N,N,D,1,0,0,0,22107.0,2,35.375075,-118.9307725,3
2013,2013-07-10,200,7,2,2,3,Y,A,N,A,H,C,A,01,,12,D,,,,Y,C,Y,N,A,1,0,0,0,21453.0,2,35.426785,-119.0124225,4
2013,2013-07-01,2050,7,2,20,1,N,A,Y,A,H,C,A,01,S,01,B,,,,Y,C,Y,N,D,1,0,0,0,23152.0,2,35.3247186,-119.0381891,3
2013,2013-06-30,155,6,2,1,7,N,A,N,A,H,D,D,22,N,01,E,,,,,I,Y,N,D,2,0,0,0,23152.0,1,35.56630193,-119.33175266,3
2013,2013-07-05,1315,7,2,13,5,N,B,Y,A,D,A,A,01,N,08,E,,,,,I,Y,N,D,2,0,0,0,22107.0,1,35.4686612,-119.1232623,3
2013,2013-07-06,1225,7,2,12,6,N,A,Y,A,H,A,A,01,S,21,C,,,,,C,N,N,A,8,0,0,0,22106.0,2,35.3834877,-119.1645532,4
2013,2013-07-02,1845,7,2,18,2,Y,A,N,A,H,A,N,60,,11,G,Y,,,,B,N,F,D,1,1,0,0,21954.0,2,35.390265,-118.9542425,3
2013,2013-07-02,1320,7,2,13,2,N,B,N,A,H,A,A,08,W,08,E,,,,,I,Y,N,D,1,0,0,0,22107.0,1,35.732185,-119.3039651,3
2013,2013-07-02,2217,7,2,22,2,N,A,Y,A,D,D,A,01,N,08,E,,,,,I,Y,N,D,1,0,0,0,22107.0,1,35.2714327,-119.0239798,3
2013,2013-07-11,1705,7,2,17,4,Y,A,N,A,H,A,A,07,,03,C,,,,,C,N,N,A,1,0,0,0,22350.0,2,35.4304351,-119.0390226,4
2013,2013-07-11,630,7,2,6,4,N,A,N,A,H,A,-,- ,N,18,H,,,Y,,H,N,N,D,1,0,0,1,,1,35.4227251,-119.0301369,3
2013,2013-07-09,1210,7,2,12,2,N,A,Y,A,H,A,A,07,S,01,E,,,,,I,N,N,D,1,0,0,0,23152.0,1,35.262675,-119.0217124,4
2013,2013-07-08,1420,7,2,14,1,N,A,N,A,H,A,A,01,S,08,E,,,,,I,Y,N,D,1,0,0,0,22107.0,1,35.3217734,-118.8786302,3
2013,2013-07-07,1300,7,2,13,7,Y,A,N,A,H,A,A,01,,08,D,,,,,C,Y,N,A,1,0,0,0,22107.0,2,35.529705,-119.1514925,3
2013,2013-07-09,1522,7,2,15,2,N,A,N,A,H,A,A,01,E,08,F,,,,,I,Y,N,D,1,0,0,0,22107.0,1,35.4268348,-119.0035226,3
2013,2013-07-07,1715,7,2,17,7,N,A,N,A,H,A,A,01,S,07,B,,,,,C,Y,N,D,1,0,0,0,21658.0,2,35.3459019,-119.0031124,4
2013,2013-07-12,1640,7,2,16,5,N,A,Y,A,D,A,C,02,S,08,E,,,Y,,I,Y,N,D,1,0,0,1,22107.0,1,35.292605,-119.0295224,4
2013,2013-07-11,1445,7,2,14,4,N,A,Y,A,H,A,A,01,N,03,C,,,,,C,Y,N,D,1,0,0,0,22350.0,3,35.3537485,-119.0393924,4
2013,2013-07-15,520,7,2,5,1,N,A,Y,A,H,B,A,01,E,03,C,,,,,C,N,N,D,1,0,0,0,22350.0,2,35.352755,-119.039739,4
2013,2013-07-10,1510,7,2,15,3,N,B,Y,A,H,A,A,01,E,03,C,,,,,C,Y,N,D,4,0,0,0,22350.0,3,35.3524731,-118.9800476,3
2013,2013-07-02,720,7,2,7,2,N,A,N,A,H,A,A,01,W,03,E,,,,,I,N,M,D,3,0,0,0,22350.0,1,35.2382024,-118.8248802,3
2013,2013-07-11,1537,7,2,15,4,N,A,N,A,H,A,A,01,W,08,E,,,,,I,Y,N,D,3,0,0,0,22107.0,1,35.55824768,-119.26500142,3
2013,2013-07-13,2230,7,2,22,6,N,A,N,A,H,D,A,01,N,01,E,,,,,I,Y,N,D,1,0,0,0,23152.0,1,35.5891516,-118.9601696,3
2013,2013-07-13,821,7,2,8,6,N,A,N,A,H,A,A,01,S,09,D,,,Y,,C,N,N,D,1,0,0,1,21801.0,2,35.4959374,-119.2655636,4
2013,2013-06-15,335,6,2,3,6,N,A,N,A,H,C,A,07,N,01,E,,,,,I,Y,M,D,1,0,0,0,23152.0,1,35.3654801,-118.9500149,3
2013,2013-07-15,2340,7,2,23,1,N,A,Y,A,H,C,A,08,S,03,C,,,,,C,Y,N,D,2,0,0,0,22350.0,2,35.353684,-119.3341099,4
2013,2013-07-12,1650,7,2,16,5,N,A,Y,A,H,A,C,02,S,03,C,,,Y,,C,N,N,D,1,0,0,1,22350.0,2,35.4800431,-119.5091001,3
2013,2013-07-10,1450,7,2,14,3,N,A,Y,A,H,A,A,07,W,09,C,,,,,C,N,N,A,1,0,0,0,21453.0,2,35.343575,-119.0394324,4
2013,2013-07-08,2117,7,2,21,1,Y,A,N,A,H,C,A,01,,12,D,,,,,C,Y,N,A,1,0,0,0,21453.0,2,35.352955,-119.0189725,3
2013,2013-07-11,1731,7,2,17,4,N,A,N,A,H,A,A,08,W,03,C,,,,,C,N,N,A,1,0,0,0,22350.0,2,35.3686749,-119.0389794,4
2013,2013-07-09,1903,7,2,19,2,Y,A,Y,A,H,A,A,07,,12,D,,,,,C,N,N,A,4,0,0,0,21453.0,2,,,3
2013,2013-07-10,1743,7,2,17,3,N,A,Y,A,H,A,A,01,N,03,C,,,,,C,N,N,A,1,0,0,0,22350.0,2,35.387876,-119.0203728,4
2013,2013-07-04,1816,7,2,18,4,Y,A,N,A,H,A,N,60,,11,G,Y,,,,B,Y,N,A,1,1,0,0,21954.0,3,35.3981651,-119.0188225,3
2013,2013-07-08,1213,7,2,12,1,N,A,Y,A,H,A,A,07,S,03,C,,,,,C,Y,N,D,2,0,0,0,22350.0,3,35.3548601,-119.0031044,4
2013,2013-07-13,1825,7,2,18,6,Y,A,Y,A,H,A,L,04,,12,D,,Y,,,G,N,N,A,1,0,1,0,21453.0,2,35.3541851,-119.0435024,4
2013,2013-07-13,1339,7,2,13,6,Y,A,N,A,H,A,A,01,,09,A,,Y,,,G,N,N,A,1,0,1,0,21801.0,2,35.378185,-119.0305425,3
2013,2013-07-13,2322,7,2,23,6,N,A,Y,A,H,D,A,01,E,01,A,,,,,C,Y,N,D,2,0,0,0,23152.0,2,35.124305,-118.4824025,2
2013,2013-07-10,2050,7,2,20,3,N,A,N,A,H,D,A,07,S,01,E,,,,,I,Y,N,D,1,0,0,0,23152.0,1,34.8524393,-119.1599159,3
2013,2013-07-18,1430,7,2,14,4,N,A,Y,A,H,A,G,25,N,07,B,,,,Y,C,Y,N,D,3,0,0,0,21658.0,3,34.9199747,-118.9252427,3
2013,2013-07-13,650,7,2,6,6,N,A,Y,A,H,A,A,08,S,03,C,,,,,C,Y,N,D,2,0,0,0,22350.0,2,35.6648911,-119.2239458,4
2013,2013-07-13,2042,7,2,20,6,Y,A,N,A,H,D,A,07,,01,C,,,,,C,Y,N,D,1,0,0,0,23152.0,3,35.384875,-118.9497925,4
2013,2013-07-15,745,7,2,7,1,N,A,Y,A,H,A,F,26,N,08,E,,,,Y,I,N,N,D,1,0,0,0,22107.0,1,35.1106506,-118.9847696,4
2013,2013-07-09,605,7,2,6,2,N,A,Y,A,H,A,A,01,N,05,B,,,,Y,C,Y,N,D,2,0,0,0,21650.0,2,35.5214015,-119.0804782,3
2013,2013-07-12,1740,7,2,17,5,N,A,Y,A,H,A,D,22,S,03,C,,,,,C,Y,N,D,1,0,0,0,22350.0,3,35.3061808,-119.0333296,3
2013,2013-07-13,505,7,2,5,6,Y,A,N,A,H,B,D,22,,09,D,,,,,C,Y,N,A,1,0,0,0,21800.0,2,35.368495,-118.9676425,4
2013,2013-07-19,1650,7,2,16,5,N,A,Y,A,D,A,G,25,S,03,C,,,,Y,C,N,N,D,1,0,0,0,22350.0,2,35.5245255,-119.1876417,4
2013,2013-07-12,1543,7,2,15,5,N,A,Y,A,H,A,A,01,S,03,C,,,,,C,Y,N,D,4,0,0,0,22350.0,3,35.3943997,-119.044588,3
2013,2013-07-18,1925,7,2,19,4,N,A,N,A,H,A,A,01,N,08,B,Y,,,,C,N,N,D,1,1,0,0,22107.0,3,35.36743578,-118.92973065,4
2013,2013-07-16,1605,7,2,16,2,N,A,Y,A,H,A,D,22,S,03,C,,,,,C,Y,N,D,2,0,0,0,22350.0,3,35.3669101,-119.0413818,4
2013,2013-07-13,1330,7,2,13,6,N,A,N,A,H,A,-,- ,N,11,G,Y,,,,B,N,F,D,1,1,0,0,21954.0,2,35.3623415,-118.9747226,3
2013,2013-07-07,1910,7,2,19,7,N,A,Y,A,H,A,A,01,S,03,C,,,,,C,N,N,D,2,0,0,0,22350.0,3,35.4994904,-119.163353,4
2013,2013-07-17,1530,7,2,15,3,Y,A,Y,A,H,A,D,22,,17,D,,,,,C,N,N,A,1,0,0,0,21451.0,2,35.2454763,-118.9144028,4
2013,2013-07-15,1840,7,2,18,1,N,A,N,A,H,A,A,01,E,01,C,,,,,E,N,N,D,1,0,0,0,23152.0,2,35.3856649,-119.1433996,3
2013,2013-07-15,1530,7,2,15,1,N,A,Y,A,H,A,A,01,S,03,C,,,,,C,Y,N,D,3,0,0,0,22350.0,2,35.3584613,-119.0393624,4
2013,2013-07-15,1010,7,2,10,1,Y,A,N,A,H,A,-,- ,,12,D,,,,,C,Y,N,A,1,0,0,0,21453.0,2,35.412245,-119.0389625,3
2013,2013-07-16,2300,7,2,23,2,N,A,N,A,H,D,A,01,W,08,F,,,,,A,Y,N,D,1,0,0,0,22107.0,1,35.5580546,-119.3171791,3
2013,2013-07-17,1550,7,2,15,3,N,A,N,A,H,A,A,01,W,03,C,,,,,C,Y,N,D,2,0,0,0,22350.0,2,35.441395,-119.093366,4
2013,2013-07-18,1707,7,2,17,4,N,A,N,A,H,A,A,01,S,03,C,,,,,C,Y,N,D,2,0,0,0,22350.0,2,35.2817544,-118.8428621,4
2013,2013-07-13,705,7,2,7,6,N,A,Y,A,H,A,A,01,S,03,E,,,,,J,Y,N,D,1,0,0,0,22350.0,1,35.6655828,-119.2241134,4
2013,2013-07-09,1427,7,2,14,2,N,A,N,A,H,A,A,08,S,03,C,,,,,C,Y,N,A,1,0,0,0,22350.0,2,35.237672,-119.0031913,4
2013,2013-07-17,1635,7,2,16,3,Y,A,N,A,H,A,A,08,,08,E,,,,,I,Y,N,D,3,0,0,0,22107.0,1,35.266965,-118.9202124,3
2013,2013-07-17,1715,7,2,17,3,N,A,Y,A,H,A,A,01,N,03,C,,,,,C,N,N,D,1,0,0,0,22350.0,2,35.3699535,-119.0424828,4
2013,2013-07-16,725,7,2,7,2,Y,A,N,A,H,A,A,07,,12,D,,,,,C,Y,N,A,1,0,0,0,21453.0,4,35.412385,-119.0588525,3
2013,2013-07-17,1825,7,2,18,3,N,A,N,A,H,A,N,60,W,11,G,Y,,,,B,N,N,D,1,1,0,0,21954.0,2,35.4163659,-119.0371413,3
2013,2013-07-15,2020,7,2,20,1,Y,A,N,A,H,D,A,08,,09,D,,,Y,,C,Y,N,D,1,0,0,1,21801.0,2,35.3777351,-118.9498025,2
2013,2013-07-21,1010,7,2,10,7,N,A,N,A,H,A,C,02,S,08,E,,,Y,,I,N,N,D,1,0,0,1,22107.0,1,35.6048346,-118.9502473,3
2013,2013-07-12,2225,7,2,22,5,N,A,Y,A,H,D,A,07,S,07,B,,,,,C,Y,M,D,1,0,0,0,21658.0,2,35.3648652,-119.0402463,4
2013,2013-07-15,2220,7,2,22,1,N,A,N,A,H,D,A,01,E,01,E,,,,,I,Y,N,D,1,0,0,0,23152.0,1,35.6225851,-117.714002,3
2013,2013-07-23,810,7,2,8,2,N,A,Y,A,H,A,A,07,N,08,F,,,,,A,Y,N,D,1,0,0,0,22107.0,1,34.9764833,-118.1410294,3
2013,2013-07-19,750,7,2,7,5,N,A,Y,A,H,A,A,01,W,08,F,,,,,A,Y,N,A,1,0,0,0,22107.0,1,,,4
2013,2013-07-18,2020,7,2,20,4,N,A,N,A,H,C,A,08,S,10,G,Y,,,,B,N,N,D,1,1,0,0,21952.0,2,35.4006265,-119.3974796,4
2013,2013-07-19,1315,7,2,13,5,N,A,Y,A,H,A,B,07,S,08,F,,,,,A,Y,N,D,2,0,0,0,22107.0,1,35.4376337,-119.4501663,3
2013,2013-07-29,2040,7,2,20,1,N,A,Y,A,H,D,D,22,S,17,E,,,,,J,N,N,D,1,0,0,0,23114.0,2,35.3896246,-119.3849677,4