ACCIDENT_YEAR,COLLISION_DATE,COLLISION_TIME,MONTH,SEASON,24HOURS,DAY_OF_WEEK,INTERSECTION,WEATHER_1,STATE_HWY_IND,ROAD_SURFACE,ROAD_COND_1,LIGHTING,STWD_VEHTYPE_AT_FAULT,CHP_VEHTYPE_AT_FAULT,DIRECTION,PCF_VIOL_CATEGORY,TYPE_OF_COLLISION,PEDESTRIAN_ACCIDENT,BICYCLE_ACCIDENT,MOTORCYCLE_ACCIDENT,TRUCK_ACCIDENT,MVIW,TOW_AWAY,HIT_AND_RUN,CONTROL_DEVICE,NUMBER_INJURED,COUNT_PED_INJURED,COUNT_BICYCLIST_INJURED,COUNT_MC_INJURED,PCF_VIOLATION,PARTY_COUNT,POINT_Y,POINT_X,COLLISION_SEVERITY
2013,2013-09-04,25,9,3,0,3,N,A,Y,A,H,E,A,01,S,08,E,,,,,I,Y,N,D,2,0,0,0,22107.0,1,35.7855118,-119.7791541,3
2013,2013-09-12,1717,9,3,17,4,Y,A,Y,A,H,A,J,48,,03,C,,,,,C,N,N,A,1,0,0,0,22350.0,3,35.394085,-119.0445824,4
2013,2013-09-16,435,9,3,4,1,N,A,Y,A,H,C,J,48,E,03,C,,,,,C,Y,N,D,1,0,0,0,22350.0,2,35.3834974,-119.1638554,4
2013,2013-07-26,1520,7,2,15,5,N,A,N,A,H,A,A,01,E,03,C,,,,,C,N,N,D,1,0,0,0,22350.0,2,35.6743815,-119.2278015,4
2013,2013-09-13,500,9,3,5,5,Y,A,Y,A,H,D,A,01,,12,D,,,,,C,Y,N,A,1,0,0,0,22450.0,2,35.4000528,-119.6668214,4
2013,2013-09-06,1200,9,3,12,5,Y,A,N,A,H,A,-,- ,,00,G,Y,,,,B,N,M,D,1,1,0,0,20003.0,2,35.168345,-118.6495624,3
2013,2013-09-13,445,9,3,4,5,N,A,Y,A,H,D,D,22,N,08,E,,,,,I,Y,N,D,1,0,0,0,22107.0,1,35.3364584,-119.3103293,4
2013,2013-09-12,1845,9,3,18,4,Y,A,N,A,H,A,A,01,,09,D,,,,,C,Y,N,A,5,0,0,0,21802.0,2,35.507265,-119.3323825,3
2013,2013-09-13,930,9,3,9,5,N,A,N,A,H,A,A,01,S,03,C,,,,,C,Y,N,D,1,0,0,0,22350.0,2,35.3102952,-118.9854717,4
2013,2013-09-07,31,9,3,0,6,N,A,Y,A,H,C,A,01,N,08,E,,,,,I,Y,N,D,1,0,0,0,22107.0,1,35.343575,-119.0394324,3
2013,2013-09-12,1255,9,3,12,4,Y,A,N,A,H,A,A,01,,12,D,,,,,C,Y,N,A,2,0,0,0,21453.0,2,35.408605,-119.0211325,3
2013,2013-09-15,945,9,3,9,7,Y,A,Y,A,H,A,A,01,,12,D,,,,,C,Y,N,A,2,0,0,0,21453.0,2,,,3
2013,2013-09-15,1050,9,3,10,7,N,A,Y,A,H,A,A,07,S,08,E,,,,,I,Y,N,D,1,0,0,0,22107.0,1,35.3765332,-119.0446334,4
2013,2013-09-09,1205,9,3,12,1,N,A,Y,A,H,A,A,01,E,03,C,,,,,C,Y,N,D,1,0,0,0,22350.0,4,35.6580393,-118.4337038,2
2013,2013-09-08,1507,9,3,15,7,N,A,Y,A,H,A,A,01,W,08,E,,,,,I,Y,N,D,1,0,0,0,22107.0,1,35.3521006,-118.9389573,4
2013,2013-09-08,2120,9,3,21,7,N,A,Y,A,H,D,A,01,E,03,E,,,,,J,Y,N,D,1,0,0,0,22350.0,1,35.2631798,-118.6427468,2
2013,2013-09-10,825,9,3,8,2,Y,A,Y,A,H,A,A,08,,09,D,,,,,C,Y,N,A,1,0,0,0,21453.0,2,35.2464329,-118.9144086,4
2013,2013-09-10,720,9,3,7,2,N,A,Y,A,H,A,A,07,S,03,C,,,,,C,Y,N,D,3,0,0,0,22350.0,4,35.3826485,-119.1455545,3
2013,2013-09-01,1135,9,3,11,7,N,A,Y,A,H,A,A,07,E,05,D,,,,,C,Y,N,D,1,0,0,0,21460.0,2,35.6581303,-118.4827775,4
2013,2013-09-07,1455,9,3,14,6,N,A,N,A,H,A,A,07,E,21,D,,,,,C,Y,N,D,1,0,0,0,22106.0,2,35.7034578,-119.141978,4
2013,2013-09-13,1800,9,3,18,5,N,A,Y,A,H,A,D,22,N,08,F,,,,,I,Y,N,D,1,0,0,0,22107.0,1,35.0054935,-118.9512514,4
2013,2013-09-15,2320,9,3,23,7,N,A,Y,A,H,C,F,26,S,03,C,,,,Y,C,Y,N,D,2,0,0,0,22350.0,2,35.0093202,-118.9519999,4
2013,2013-09-21,1659,9,3,16,6,N,F,N,A,H,A,-,- ,S,18,C,,,,,A,N,N,D,3,0,0,0,,2,35.2338877,-119.2528325,4
2013,2013-09-08,1200,9,3,12,7,N,A,N,A,H,A,M,47,W,09,D,,,,,C,Y,N,A,1,0,0,0,21801.0,2,34.8179344,-118.88714612,3
2013,2013-09-07,2017,9,3,20,6,N,A,Y,A,H,D,C,02,N,08,E,,,Y,,I,Y,N,D,1,0,0,1,22107.0,1,34.8286711,-118.8702729,3
2013,2013-09-15,1832,9,3,18,7,N,A,N,A,H,A,A,01,S,01,D,,,,,C,Y,F,A,4,0,0,0,23152.0,4,35.3176618,-119.0213524,4
2013,2013-09-14,1747,9,3,17,6,Y,A,N,A,H,A,D,22,,12,D,,,,,C,Y,N,A,1,0,0,0,21453.0,2,35.372925,-119.0476025,3
2013,2013-09-14,1211,9,3,12,6,Y,A,N,A,H,A,A,01,,12,D,,,,,C,Y,N,A,2,0,0,0,21453.0,2,35.368545,-119.0213525,3
2013,2013-09-10,1656,9,3,16,2,N,A,Y,A,H,A,A,07,W,03,C,,,,,C,Y,N,D,1,0,0,0,22350.0,3,35.3581579,-119.0395959,4
2013,2013-09-18,1439,9,3,14,3,N,A,N,A,H,A,A,01,E,03,C,,,,,C,Y,N,D,1,0,0,0,22350.0,2,35.364385,-119.0563558,4
2013,2013-09-12,1223,9,3,12,4,N,A,N,A,H,A,A,01,E,09,D,,,,,C,Y,N,D,1,0,0,0,21801.0,2,35.3781021,-119.0088058,4
2013,2013-09-16,1533,9,3,15,1,Y,A,N,A,H,A,A,01,,12,D,,,,,C,Y,N,A,3,0,0,0,21453.0,2,35.324925,-119.0093725,4
2013,2013-09-11,1605,9,3,16,3,N,A,N,A,H,A,D,22,W,09,D,,,,,C,Y,N,D,1,0,0,0,21802.0,2,35.4011106,-119.0005034,4
2013,2013-09-07,810,9,3,8,6,N,A,Y,A,H,A,A,07,N,12,E,,,,,I,Y,N,A,1,0,0,0,21453.0,4,35.2960616,-119.0744385,4
2013,2013-09-08,1739,9,3,17,7,Y,A,N,A,H,A,-,- ,,08,C,,,,,C,N,M,A,1,0,0,0,22100.0,2,35.295955,-119.0568725,4
2013,2013-09-08,1618,9,3,16,7,N,A,N,A,H,A,A,01,W,08,C,,,,,E,Y,F,D,2,0,0,0,22107.0,3,35.368575,-119.0260085,4
2013,2013-09-12,1104,9,3,11,4,N,A,Y,A,H,A,A,01,N,03,C,,,,,C,N,N,A,2,0,0,0,22350.0,2,35.377155,-119.0030124,4
2013,2013-09-03,954,9,3,9,2,N,A,N,A,H,A,A,01,N,08,F,,,,,A,Y,N,D,1,0,0,0,22107.0,1,35.3844471,-118.9301326,3
2013,2013-09-16,739,9,3,7,1,N,A,N,A,H,B,A,01,E,12,G,Y,,,,B,N,N,A,3,3,0,0,21453.0,4,35.3979055,-118.9386823,3
2013,2013-09-06,1439,9,3,14,5,N,A,N,A,H,A,A,01,E,03,C,,,,,C,Y,N,A,1,0,0,0,22350.0,3,35.3529567,-119.0207918,4
2013,2013-09-02,1649,9,3,16,1,Y,A,Y,A,H,A,A,01,,12,D,,,,,C,Y,N,A,3,0,0,0,21453.0,2,,,4
2013,2013-09-13,149,9,3,1,5,N,A,N,A,H,D,A,01,E,01,H,,,,,-,Y,N,D,2,0,0,0,23152.0,1,35.36947644,-119.05784279,2
2013,2013-09-10,1348,9,3,13,2,N,A,N,A,H,A,N,60,W,11,G,Y,,,,B,N,N,A,2,2,0,0,21950.0,3,35.3363642,-119.0660995,4
2013,2013-08-19,1529,8,2,15,1,Y,A,N,A,H,A,A,01,,12,D,,,,,C,Y,N,A,1,0,0,0,21453.0,3,35.365735,-119.0538226,4
2013,2013-08-30,1302,8,2,13,5,Y,A,N,A,H,A,L,04,,05,D,,Y,,,G,N,M,A,1,0,1,0,21650.0,2,35.354105,-119.0510525,4
2013,2013-08-26,1715,8,2,17,1,Y,A,N,A,H,A,L,04,,- ,D,,Y,,,G,N,N,A,1,0,1,0,,2,35.775895,-119.2568725,4
2013,2013-09-16,1438,9,3,14,1,Y,A,N,A,H,A,D,22,,12,D,,,,,C,Y,N,A,1,0,0,0,21453.0,2,35.318225,-119.0895625,4
2013,2013-09-21,1415,9,3,14,6,Y,A,N,A,H,A,A,01,,03,C,,,,,C,Y,N,D,1,0,0,0,22350.0,2,35.3981651,-119.0188225,3
2013,2013-09-15,556,9,3,5,7,Y,A,N,A,H,C,-,- ,,12,D,,,,,C,Y,N,A,1,0,0,0,21453.0,2,35.296195,-119.1283025,3
2013,2013-09-22,2142,9,3,21,7,N,A,N,A,H,C,N,60,N,11,G,Y,,,,B,N,N,D,1,1,0,0,21954.0,2,35.3273824,-119.0479065,3
2013,2013-09-16,1735,9,3,17,1,N,A,Y,A,H,A,D,22,N,03,C,Y,,,,E,Y,N,D,1,1,0,0,22350.0,3,35.4483157,-119.0964812,4
2013,2013-09-16,722,9,3,7,1,N,A,N,A,H,A,D,22,N,08,D,,,,,C,Y,N,D,2,0,0,0,22107.0,2,35.3571593,-118.8432668,3
2013,2013-09-18,1533,9,3,15,3,N,A,N,A,H,A,D,22,N,03,C,,,,,C,Y,F,D,1,0,0,0,22350.0,2,35.1517666,-118.8507726,4
2013,2013-09-18,1250,9,3,12,3,N,A,Y,A,D,A,G,25,N,03,C,,,,Y,C,Y,N,D,2,0,0,0,22350.0,3,35.4207382,-119.0607162,3
2013,2013-09-02,530,9,3,5,1,N,A,Y,A,H,B,A,07,E,05,A,,,,,C,Y,F,D,1,0,0,0,21651.0,2,35.2670835,-119.0790476,3
2013,2013-09-08,230,9,3,2,7,N,A,N,A,H,D,A,01,N,03,C,,,,,E,N,M,D,1,0,0,0,22350.0,2,35.3424903,-118.9319824,3
2013,2013-09-07,200,9,3,2,6,N,A,Y,A,H,D,D,22,S,08,F,,,,,A,N,N,D,2,0,0,0,22107.0,1,35.7475481,-119.0533319,4
2013,2013-09-16,155,9,3,1,1,N,A,Y,A,H,C,D,22,E,01,E,,,,,I,Y,N,D,2,0,0,0,23152.0,1,35.396245,-118.9493724,2
2013,2013-09-12,1810,9,3,18,4,Y,A,N,A,H,A,D,22,,12,D,,,,,C,Y,N,A,3,0,0,0,22450.0,2,35.368905,-119.1987424,3
2013,2013-09-18,1434,9,3,14,3,Y,A,N,A,H,A,D,22,,01,D,,,,,C,Y,M,A,1,0,0,0,23152.0,2,35.384005,-118.9803626,4
2013,2013-09-19,750,9,3,7,4,N,A,Y,A,D,A,A,01,N,03,C,,,,,C,N,N,D,3,0,0,0,22350.0,4,35.3261819,-119.0383255,4
2013,2013-09-20,840,9,3,8,5,N,A,N,A,H,A,G,24,W,21,C,,,,Y,C,N,N,A,1,0,0,0,22106.0,2,35.4122365,-119.0532473,4
2013,2013-09-04,450,9,3,4,3,N,A,N,A,H,C,A,01,W,08,C,,,,,E,Y,N,D,1,0,0,0,22107.0,3,35.412415,-119.0748971,3
2013,2013-09-06,1350,9,3,13,5,N,A,N,A,H,A,F,26,N,08,F,,,,Y,A,Y,N,D,1,0,0,0,22107.0,1,35.7742895,-118.4320327,4
2013,2013-09-25,5,9,3,0,3,N,A,Y,A,H,D,G,25,W,03,C,,,,Y,C,Y,N,D,1,0,0,0,22350.0,2,35.3521206,-118.9511153,4
2013,2013-09-25,1850,9,3,18,3,Y,A,N,A,H,A,A,08,,09,D,,,,,C,Y,N,A,1,0,0,0,21453.0,2,35.43986312,-119.02141392,4
2013,2013-09-25,1155,9,3,11,3,N,A,Y,A,H,A,D,22,N,03,C,,,,,C,N,N,D,2,0,0,0,22350.0,2,35.3909397,-119.0445285,4
2013,2013-09-21,1650,9,3,16,6,N,F,Y,A,H,A,D,22,W,03,C,,,,,C,Y,N,D,1,0,0,0,22350.0,2,35.2670891,-119.2184145,4
2013,2013-09-17,1205,9,3,12,2,N,A,N,A,H,A,D,22,W,03,C,,,,,C,Y,M,A,2,0,0,0,22350.0,4,35.4124458,-119.0493823,3
2013,2013-09-20,545,9,3,5,5,N,A,N,A,H,C,D,22,N,09,A,,,,,C,Y,N,D,2,0,0,0,21801.0,2,35.3866573,-119.0833302,4
2013,2013-09-18,1015,9,3,10,3,N,A,Y,A,H,A,A,07,E,03,C,,,,,C,N,N,D,1,0,0,0,22350.0,2,35.3833943,-119.0740744,4
2013,2013-09-21,1320,9,3,13,6,Y,A,N,A,H,A,D,22,,03,D,,,,,C,N,N,D,1,0,0,0,22350.0,2,35.381205,-118.9554126,4
2013,2013-09-20,2115,9,3,21,5,Y,A,N,A,H,D,A,01,,08,D,,,,,C,Y,N,D,1,0,0,0,22107.0,2,35.346685,-119.0225425,4
2013,2013-09-14,1200,9,3,12,6,N,A,N,A,H,A,C,02,S,03,F,,,Y,,A,Y,N,D,2,0,0,2,22350.0,1,35.5296142,-118.9625368,3
2013,2013-09-17,805,9,3,8,2,N,A,Y,A,H,A,A,08,N,21,C,,,,,C,N,N,D,1,0,0,0,22106.0,2,35.321675,-119.0373924,4
2013,2013-09-09,2255,9,3,22,1,N,A,N,A,H,D,D,22,S,01,E,,,,,I,Y,M,D,1,0,0,0,23152.0,1,35.0933089,-118.52334,3
2013,2013-09-17,730,9,3,7,2,Y,A,N,A,H,A,J,48,,03,D,,,,,C,Y,N,D,3,0,0,0,22350.0,2,34.856485,-118.2292023,2
2013,2013-09-17,640,9,3,6,2,Y,A,N,A,H,A,D,22,,12,D,,,,,C,Y,N,A,2,0,0,0,22450.0,3,34.820125,-118.2905124,4
2013,2013-09-19,1425,9,3,14,4,N,A,N,A,H,A,D,22,N,08,E,,,,,I,Y,N,D,1,0,0,0,22107.0,1,35.24947724,-117.98595071,4
2013,2013-09-16,1710,9,3,17,1,N,A,Y,A,H,A,G,25,N,03,C,,,,Y,C,Y,N,D,2,0,0,0,22350.0,3,35.0525702,-118.1736822,4
2013,2013-09-05,502,9,3,5,4,N,A,Y,A,H,D,-,- ,W,18,B,,,,Y,C,Y,N,D,1,0,0,0,,2,35.2248637,-118.5680003,2
2013,2013-09-09,2016,9,3,20,1,N,A,Y,A,H,D,E,22,S,01,B,,,,,C,Y,N,D,3,0,0,0,23152.0,2,35.5844898,-117.9111408,3
2013,2013-09-05,500,9,3,5,4,N,A,Y,A,H,D,G,27,E,08,F,,,,Y,A,Y,N,D,1,0,0,0,22107.0,1,35.2240529,-118.5673144,4
2013,2013-09-05,608,9,3,6,4,Y,A,Y,A,H,B,A,08,,10,G,Y,,,,B,N,N,A,1,1,0,0,21950.0,2,35.2090244,-118.828741,3
2013,2013-09-13,1711,9,3,17,5,Y,A,N,A,H,A,A,01,,08,E,,,,,I,Y,N,A,2,0,0,0,22107.0,1,35.485185,-119.2524625,3
2013,2013-09-08,1940,9,3,19,7,N,B,N,A,H,C,C,06,N,01,H,,,Y,,J,N,N,D,1,0,0,1,23152.0,1,35.6832547,-117.8247892,3
2013,2013-09-13,628,9,3,6,5,N,A,Y,A,H,A,A,01,N,04,C,,,,,C,Y,N,A,1,0,0,0,21703.0,2,35.506348,-119.278598,4
2013,2013-09-19,1155,9,3,11,4,Y,A,N,A,H,A,L,04,,05,D,,Y,,,G,N,N,A,1,0,1,0,21650.0,2,35.38353945,-119.14897084,3
2013,2013-09-19,1946,9,3,19,4,N,A,N,A,H,C,A,01,N,01,B,,,,,C,Y,N,A,1,0,0,0,23152.0,2,35.3981222,-119.1100924,4
2013,2013-09-22,1132,9,3,11,7,N,B,N,A,H,A,-,- ,S,05,A,,,,,C,N,F,D,1,0,0,0,21650.0,2,35.3643856,-118.9840424,4
2013,2013-09-17,1817,9,3,18,2,N,A,N,A,H,A,L,04,E,09,D,,Y,,,G,N,N,A,1,0,1,0,21802.0,2,35.3790989,-118.9837567,4
2013,2013-09-18,1949,9,3,19,3,Y,A,N,A,H,C,A,07,,09,D,,,,,C,Y,N,A,3,0,0,0,21801.0,3,35.332305,-119.0547825,4
2013,2013-09-17,1837,9,3,18,2,Y,A,N,A,H,B,A,01,,12,D,,,,,C,Y,N,A,1,0,0,0,21453.0,3,35.354365,-119.0828825,4
2013,2013-09-10,1507,9,3,15,2,N,A,N,A,H,A,A,01,E,03,D,,,,,C,Y,N,A,1,0,0,0,22350.0,2,35.3007335,-119.0185052,4
2013,2013-09-15,522,9,3,5,7,N,A,N,A,H,B,A,01,S,08,B,,,,,E,Y,N,D,1,0,0,0,22107.0,5,35.32489032,-119.01324034,3
2013,2013-09-22,950,9,3,9,7,N,A,N,A,H,A,C,02,S,17,A,,,Y,,C,Y,N,D,1,0,0,1,21662.0,2,35.45815897,-118.53007615,3
2013,2013-08-31,955,8,2,9,6,N,A,N,A,H,A,A,07,S,03,B,,,,,C,Y,N,D,1,0,0,0,22350.0,3,35.4290504,-119.0124167,4
2013,2013-09-22,2303,9,3,23,7,N,A,N,A,H,D,D,22,W,01,E,,,,,I,Y,N,D,1,0,0,0,23152.0,1,35.2959045,-118.9907237,3
2013,2013-09-20,940,9,3,9,5,N,A,Y,A,H,A,D,22,E,07,B,,,,,C,Y,N,D,1,0,0,0,21658.0,2,35.352615,-119.0159354,4
2013,2013-09-26,1330,9,3,13,4,N,A,N,A,H,A,D,22,N,08,E,,,,,I,Y,N,D,2,0,0,0,22107.0,1,35.1841308,-118.8509824,4
2013,2013-09-25,505,9,3,5,3,N,A,Y,A,H,D,C,02,N,08,E,,,Y,,I,Y,N,D,1,0,0,1,22107.0,1,35.0624969,-118.9692874,4
2013,2013-09-24,1445,9,3,14,2,Y,A,N,A,H,A,A,01,,10,G,Y,,,,B,N,N,A,1,1,0,0,21950.0,2,35.383145,-118.9497825,4
2013,2013-09-14,1955,9,3,19,6,N,A,Y,A,H,D,A,08,S,01,H,,,,,J,Y,N,D,1,0,0,0,23152.0,1,35.5005697,-119.0767752,3
2013,2013-09-03,1540,9,3,15,2,N,A,N,A,H,A,A,07,S,01,E,,,,,I,Y,N,D,1,0,0,0,23152.0,1,35.2363958,-119.0159792,3
2013,2013-09-21,1200,9,3,12,6,N,A,N,A,B,A,C,02,E,03,F,,,Y,,A,N,N,D,1,0,0,1,22350.0,1,35.3388,-118.57715,2
2013,2013-09-19,430,9,3,4,4,N,A,Y,A,H,D,A,07,W,08,E,,,,,I,Y,N,D,1,0,0,0,22107.0,1,35.2626475,-118.640151,3
2013,2013-09-19,600,9,3,6,4,Y,A,N,A,H,B,A,01,,12,D,,,,,C,Y,N,A,4,0,0,0,22450.0,2,35.223475,-118.8602325,3
2013,2013-09-10,1723,9,3,17,2,N,A,N,A,H,A,J,48,N,03,C,,,,,C,Y,N,D,1,0,0,0,22350.0,2,35.37585179,-118.98980856,4
2013,2013-12-15,221,12,4,2,7,Y,A,N,A,H,C,-,- ,,12,D,,,,,C,Y,N,A,1,0,0,0,21453.0,2,35.346685,-119.0213125,4
2013,2013-08-11,1245,8,2,12,7,N,A,Y,A,H,A,A,01,W,03,C,,,,,C,Y,N,D,2,0,0,0,22350.0,3,34.9636648,-119.445883,4
2013,2013-08-16,943,8,2,9,5,N,A,Y,A,H,A,A,01,E,03,C,,,,,C,N,N,A,2,0,0,0,22350.0,2,35.209075,-118.8420423,3
2013,2013-08-17,2050,8,2,20,6,N,A,N,A,H,C,A,01,W,05,A,Y,,,,B,N,F,D,1,1,0,0,21650.0,2,35.677975,-119.2349229,3
2013,2013-09-22,1055,9,3,10,7,N,A,Y,A,H,A,A,07,S,08,D,,,,,C,N,N,D,2,0,0,0,22107.0,2,35.6268546,-119.875732,4
2013,2013-09-14,1750,9,3,17,6,N,A,Y,A,H,A,-,- ,N,18,F,,,Y,,J,N,N,D,1,0,0,1,,1,35.5600287,-119.5996271,3
2013,2013-09-23,1200,9,3,12,1,N,A,Y,A,H,A,G,25,S,08,A,,,,Y,C,Y,N,D,3,0,0,0,22107.0,3,35.473688,-117.6539594,2
2013,2013-10-02,735,10,3,7,3,N,A,N,A,H,A,D,22,N,03,D,,,,,C,Y,N,D,1,0,0,0,22350.0,2,35.3258148,-118.8431155,2
2013,2013-10-01,740,10,3,7,2,N,A,N,A,H,A,A,01,W,03,C,,,,,E,N,N,D,1,0,0,0,22350.0,2,35.3864198,-118.9397814,4
2013,2013-09-18,1655,9,3,16,3,N,A,Y,A,H,A,D,22,W,04,H,,,,,A,N,N,A,1,0,0,0,21703.0,1,34.860965,-118.1717022,4
2013,2013-09-28,935,9,3,9,6,N,A,N,A,H,A,D,22,W,03,C,,,,,C,N,N,D,1,0,0,0,22350.0,3,35.408585,-119.0394282,4
2013,2013-09-15,33,9,3,0,7,N,A,Y,A,H,D,D,22,W,01,E,,,,,I,Y,N,D,1,0,0,0,23152.0,1,35.4755567,-118.7219273,3
2013,2013-09-23,605,9,3,6,1,N,A,N,A,H,B,A,01,N,09,D,,,,,C,Y,N,D,1,0,0,0,21802.0,2,35.4486437,-119.0311533,4
2013,2013-09-14,117,9,3,1,6,N,A,Y,A,H,C,A,01,E,08,E,,,,,I,Y,M,D,1,0,0,0,22107.0,1,35.391325,-118.9782624,3
2013,2013-09-28,1600,9,3,16,6,N,A,Y,A,D,A,A,01,S,04,C,,,,,C,N,N,D,4,0,0,0,21703.0,2,35.4348354,-119.0762803,4
2013,2013-09-30,735,9,3,7,1,N,A,N,A,H,A,N,60,N,11,G,Y,,,,B,N,N,A,1,1,0,0,21950.0,2,35.4085958,-119.0389946,2
2013,2013-09-22,358,9,3,3,7,N,A,N,A,H,D,A,01,E,01,E,,,,,J,Y,N,D,1,0,0,0,23152.0,1,35.2673438,-118.8341589,4
2013,2013-09-26,115,9,3,1,4,N,A,N,A,H,C,A,01,E,01,E,,,,,I,Y,N,D,1,0,0,0,23152.0,1,35.42691368,-119.07097042,4
2013,2013-09-26,845,9,3,8,4,N,A,Y,A,H,A,A,07,E,08,F,,,,,A,Y,N,D,1,0,0,0,22107.0,1,35.1356332,-118.5604934,2
2013,2013-09-26,620,9,3,6,4,N,A,Y,A,H,B,A,01,W,08,F,,,,,A,Y,N,D,1,0,0,0,22107.0,1,35.0066265,-117.7176824,4
2013,2013-09-23,1310,9,3,13,1,N,A,N,A,H,A,C,03,N,22,F,,,Y,,A,Y,N,D,1,0,0,1,,1,35.6190283,-118.4769782,3
2013,2013-09-11,730,9,3,7,3,N,A,N,A,H,A,A,01,N,08,E,,,,,I,Y,N,D,1,0,0,0,22107.0,1,35.4455059,-118.5284127,4
2013,2013-09-25,1400,9,3,14,3,N,A,N,A,H,A,C,02,S,08,F,,,Y,,A,N,N,D,1,0,0,1,22107.0,1,35.3885875,-119.0543924,4
2013,2013-09-25,1055,9,3,10,3,N,A,Y,A,D,A,A,01,S,08,E,,,,,I,Y,N,D,1,0,0,0,22107.0,1,35.4195999,-119.0604514,4
2013,2013-09-28,2204,9,3,22,6,Y,A,Y,A,H,C,A,07,,09,D,,,,,C,Y,N,A,2,0,0,0,21801.0,2,35.124305,-118.4907865,3
2013,2013-09-21,1614,9,3,16,6,N,F,Y,A,H,A,C,02,W,03,F,,,Y,,A,N,N,D,1,0,0,1,22350.0,1,35.4181926,-117.756058,4
2013,2013-09-07,2120,9,3,21,6,N,A,N,A,H,C,-,- ,N,01,B,,,,,E,N,N,A,1,0,0,0,23152.0,2,35.7712245,-119.2585425,3
2013,2013-09-21,1500,9,3,15,6,N,A,N,A,H,A,C,02,S,03,F,,,Y,,A,Y,N,D,1,0,0,1,22350.0,1,35.4095838,-119.0117103,3
2013,2013-09-15,120,9,3,1,7,N,A,N,A,H,D,A,01,S,08,F,,,,,A,Y,N,D,2,0,0,0,22107.0,1,35.1935763,-119.0034311,4
2013,2013-09-15,105,9,3,1,7,N,A,N,B,H,D,-,- ,S,01,C,,,,,I,Y,N,D,1,0,0,0,23152.0,1,35.7608115,-119.2482782,3
2013,2013-09-11,555,9,3,5,3,N,A,N,A,H,B,-,- ,W,03,C,,,,,C,Y,N,A,1,0,0,0,22350.0,3,35.775905,-119.2540751,4
2013,2013-09-08,1745,9,3,17,7,N,A,N,A,H,A,A,01,N,09,D,,,,,C,N,N,D,5,0,0,0,21803.0,2,35.7675219,-119.2466889,4
2013,2013-09-16,515,9,3,5,1,Y,A,N,A,H,B,A,07,,12,D,,,,,C,Y,N,A,1,0,0,0,22450.0,2,35.4196551,-119.0923125,3
2013,2013-09-13,830,9,3,8,5,N,A,Y,A,D,A,A,01,S,03,C,,,,,C,Y,N,A,4,0,0,0,22350.0,2,35.4341487,-119.0754617,4
2013,2013-09-23,1145,9,3,11,1,N,A,N,A,H,A,A,01,W,03,C,,,,,C,N,N,D,1,0,0,0,22350.0,3,35.413585,-119.0346165,4
2013,2013-09-23,500,9,3,5,1,N,A,Y,A,H,D,A,01,N,08,E,,,,,I,Y,N,D,5,0,0,0,22107.0,2,35.2829395,-119.026975,4
2013,2013-09-22,1905,9,3,19,7,Y,A,N,A,H,D,L,04,,09,D,,Y,,,G,N,N,D,1,0,1,0,21804.0,2,35.376115,-118.9289825,4
2013,2013-09-19,802,9,3,8,4,Y,A,N,A,H,A,A,01,,09,D,,,,,C,Y,N,D,2,0,0,0,21801.0,2,35.408605,-119.0311526,4
2013,2013-09-19,1720,9,3,17,4,N,A,N,A,H,A,A,01,W,04,C,,,,,C,N,N,D,1,0,0,0,21703.0,2,35.412445,-119.0495499,4
2013,2013-09-19,1800,9,3,18,4,N,A,N,A,H,A,-,- ,W,18,H,,,Y,,H,N,N,D,1,0,0,1,,1,35.3712929,-118.9617629,4
2013,2013-09-19,1355,9,3,13,4,Y,A,N,A,H,A,-,- ,,00,D,,Y,,,G,N,N,A,1,0,1,0,,2,35.412245,-119.0389625,4
2013,2013-09-22,2255,9,3,22,7,N,A,N,A,H,C,A,01,N,03,C,,,,,C,N,F,D,2,0,0,0,22350.0,2,35.3402881,-119.0031024,4
2013,2013-09-25,850,9,3,8,3,N,A,Y,A,H,A,-,99,W,03,C,,,,,C,N,F,D,1,0,0,0,22350.0,2,35.3833949,-119.074443,4
2013,2013-09-24,640,9,3,6,2,N,A,Y,A,H,A,A,01,W,03,C,,,,,C,N,N,D,5,0,0,0,22350.0,2,35.602505,-119.0911505,4
2013,2013-09-09,1835,9,3,18,1,N,A,N,A,H,A,-,- ,W,18,H,,,Y,,H,N,N,D,1,0,0,1,,1,35.5363065,-119.3179757,2
2013,2013-09-24,705,9,3,7,2,N,A,N,A,H,A,A,07,E,03,C,,,,,C,Y,N,D,2,0,0,0,22350.0,2,35.4087117,-119.0418098,4
2013,2013-09-16,725,9,3,7,1,N,A,Y,A,H,A,C,02,E,03,E,,,Y,,I,N,N,A,1,0,0,1,22350.0,1,35.383625,-119.0040524,3
2013,2013-09-16,1718,9,3,17,1,N,A,Y,A,H,A,A,01,W,03,C,,,,,C,Y,N,D,1,0,0,0,22350.0,2,35.352325,-119.0119124,4
2013,2013-09-10,1116,9,3,11,2,N,A,N,A,H,A,L,04,S,05,D,,Y,,,G,N,N,D,1,0,1,0,21202.0,2,35.6235211,-118.4751268,3
2013,2013-09-13,1720,9,3,17,5,N,A,Y,A,H,A,A,01,E,08,E,,,,,I,Y,N,D,1,0,0,0,22107.0,1,35.692697,-118.4678557,3
2013,2013-09-17,1155,9,3,11,2,Y,A,N,A,H,A,A,01,,09,B,,,,,C,Y,N,A,1,0,0,0,21802.0,2,35.266995,-118.9052625,4
2013,2013-09-06,2045,9,3,20,5,N,A,Y,A,H,C,A,01,N,01,C,,,,,C,Y,N,A,1,0,0,0,23152.0,2,35.208995,-118.8421723,4
2013,2013-09-18,720,9,3,7,3,N,A,N,A,H,A,A,01,W,03,C,,Y,,,G,N,N,D,1,0,1,0,22350.0,2,35.361255,-118.9739874,3
2013,2013-09-03,1455,9,3,14,2,N,A,N,A,H,A,L,04,W,17,H,,Y,,,-,N,N,D,1,0,1,0,21200.0,1,35.3686545,-118.965366,3
2013,2013-09-24,633,9,3,6,2,N,A,N,A,H,A,A,01,W,08,B,,,,,C,Y,N,D,2,0,0,0,22107.0,2,35.31768,-118.9872499,4
2013,2013-09-23,450,9,3,4,1,Y,A,N,A,H,C,I,11,,12,D,,,,,I,Y,N,A,2,0,0,0,21453.0,2,35.397985,-119.1100926,4