ACCIDENT_YEAR,COLLISION_DATE,COLLISION_TIME,MONTH,SEASON,24HOURS,DAY_OF_WEEK,INTERSECTION,WEATHER_1,STATE_HWY_IND,ROAD_SURFACE,ROAD_COND_1,LIGHTING,STWD_VEHTYPE_AT_FAULT,CHP_VEHTYPE_AT_FAULT,DIRECTION,PCF_VIOL_CATEGORY,TYPE_OF_COLLISION,PEDESTRIAN_ACCIDENT,BICYCLE_ACCIDENT,MOTORCYCLE_ACCIDENT,TRUCK_ACCIDENT,MVIW,TOW_AWAY,HIT_AND_RUN,CONTROL_DEVICE,NUMBER_INJURED,COUNT_PED_INJURED,COUNT_BICYCLIST_INJURED,COUNT_MC_INJURED,PCF_VIOLATION,PARTY_COUNT,POINT_Y,POINT_X,COLLISION_SEVERITY
2015,2015-05-29,2354,5,1,23,5,N,A,Y,A,H,D,A,01,N,08,G,Y,,,,B,N,F,D,0,0,0,0,22107.0,2,35.31351001,-118.91432169,1
2015,2015-05-09,45,5,1,0,6,N,A,Y,A,H,D,-,- ,N,00,G,Y,,,Y,B,N,F,D,0,0,0,0,,2,35.10555757,-118.13918045,1
2015,2015-05-31,159,5,1,1,7,N,A,N,A,G,D,A,01,E,01,G,Y,,,,B,Y,M,D,4,1,0,0,23152.0,7,35.32814,-118.78964,1
2015,2015-07-10,525,7,2,5,5,Y,A,N,A,H,B,D,22,,12,D,,,,,C,Y,N,A,2,0,0,0,22450.0,2,34.82010002,-118.29048007,1
2015,2015-06-03,629,6,2,6,3,N,A,N,A,H,A,A,01,S,09,D,,,,,C,Y,N,D,1,0,0,0,21804.0,2,35.35712178,-118.98526,1
2015,2015-06-21,440,6,2,4,7,N,A,Y,A,H,D,A,01,E,01,E,,,,,J,Y,N,D,1,0,0,0,23152.0,1,35.2135579,-118.73668102,1
2015,2015-08-11,1410,8,2,14,2,N,A,Y,A,H,A,A,07,S,08,E,,,,,I,Y,N,D,0,0,0,0,22107.0,1,35.45317721,-117.65451969,1
2015,2015-05-03,144,5,1,1,7,N,A,N,A,H,D,A,01,S,01,E,,,,,I,Y,N,D,0,0,0,0,23152.0,1,35.38925787,-119.09232333,1
2015,2015-08-12,1300,8,2,13,3,N,A,N,A,H,A,A,01,S,05,A,,,,,C,Y,N,D,2,0,0,0,21460.0,2,35.5417978,-117.68842424,1
2015,2015-08-26,1900,8,2,19,3,N,A,N,A,H,B,A,01,S,03,E,,,,,I,Y,N,A,0,0,0,0,22350.0,1,35.29331628,-119.07445154,1
2015,2015-06-01,502,6,2,5,1,N,A,N,A,H,D,-,- ,S,00,G,Y,,,,B,Y,N,D,0,0,0,0,,2,35.58422506,-119.33159798,1
2015,2015-07-26,2500,7,2,25,7,Y,A,N,A,H,D,C,02,,01,F,,,Y,,A,Y,N,A,0,0,0,0,23152.0,1,35.34966003,-118.87869002,1
2015,2015-10-08,1251,10,3,12,4,N,A,N,A,H,A,A,01,S,08,D,,,,,C,Y,N,D,2,0,0,0,22107.0,2,35.44154,-119.15436,1
2015,2015-09-19,2300,9,3,23,6,N,A,N,A,H,D,A,07,S,01,G,Y,,,,B,Y,F,D,0,0,0,0,23153.0,2,35.35951817,-119.01186,1
2015,2015-08-22,513,8,2,5,6,N,A,N,A,H,C,A,01,W,08,E,,,,,I,Y,N,A,2,0,0,0,22107.0,1,35.32528861,-119.11876023,1
2015,2015-07-15,2243,7,2,22,3,N,A,N,A,H,C,N,60,N,11,G,Y,,,,B,N,F,D,0,0,0,0,21954.0,2,35.38399854,-119.04318944,1
2015,2015-02-26,153,2,4,1,4,N,A,N,A,H,C,A,01,W,08,E,,,,,I,N,N,D,0,0,0,0,22107.0,1,35.29614351,-119.08573994,1
2015,2015-07-14,1710,7,2,17,2,Y,A,N,A,H,A,J,48,,22,D,,,Y,,C,Y,N,A,1,0,0,0,,2,35.41957002,-119.03917008,1
2017,2017-04-23,2257,4,1,22,7,Y,A,N,A,H,C,A,01,,09,D,,,Y,,C,Y,N,A,1,0,0,0,21801.0,2,35.37717418,-119.01876032,1
2017,2017-05-13,637,5,1,6,6,Y,A,N,A,H,A,A,01,,12,D,,,,,C,Y,F,D,5,0,0,0,22450.0,2,35.76845004,-119.25851992,1
2013,2013-11-27,1843,11,3,18,3,Y,A,N,A,H,C,A,01,,09,A,,,,,C,Y,N,A,2,0,0,0,21801.0,2,35.7758451,-119.2585724,4
2013,2013-11-26,1050,11,3,10,2,N,A,N,A,H,A,A,01,S,09,C,,,,,C,Y,N,D,2,0,0,0,21804.0,2,35.7519592,-119.2407861,4
2013,2013-11-20,1235,11,3,12,3,Y,A,Y,A,H,A,L,04,E,03,A,,Y,,,G,N,M,A,1,0,0,0,22350.0,2,35.7612964,-119.2482154,4
2013,2013-11-07,1000,11,3,10,4,Y,A,Y,A,H,A,-,- ,,09,D,,,,,C,N,N,A,2,0,0,0,21802.0,2,35.592855,-119.3338424,4
2013,2013-11-08,815,11,3,8,5,Y,A,N,A,H,A,-,- ,,12,D,,,,,C,Y,N,A,2,0,0,0,22450.0,2,35.586985,-119.3405324,4
2013,2013-10-29,20,10,3,0,2,N,A,Y,A,H,D,C,02,W,08,F,,,Y,,A,Y,N,D,1,0,0,1,22107.0,1,35.4318385,-117.6778773,3
2013,2013-12-01,2300,12,4,23,7,N,A,Y,A,H,E,A,01,W,08,D,,,,,C,Y,N,D,2,0,0,0,22107.0,2,35.616195,-119.6177084,4
2013,2013-12-01,1546,12,4,15,7,N,A,Y,A,H,B,A,01,N,03,C,,,,,C,Y,N,D,1,0,0,0,22350.0,3,35.3566679,-119.3388593,4
2013,2013-12-01,935,12,4,9,7,N,A,Y,A,H,A,A,01,N,03,C,,,,,C,Y,N,D,2,0,0,0,22350.0,3,35.3999459,-119.3986444,4
2013,2013-12-01,1645,12,4,16,7,N,A,N,B,H,D,A,08,N,03,C,,,,,C,Y,N,D,2,0,0,0,22350.0,2,35.4913214,-119.3681695,3
2013,2013-12-01,1330,12,4,13,7,N,A,Y,A,H,A,D,22,N,03,C,,,,,C,Y,N,A,7,0,0,0,22350.0,4,34.954121,-118.9350274,4
2013,2013-12-01,1115,12,4,11,7,Y,A,N,A,H,A,-,- ,,00,D,,,,,C,Y,N,A,1,0,0,0,,2,35.383145,-118.9497825,4
2013,2013-12-01,1400,12,4,14,7,Y,A,N,A,H,A,A,01,,12,D,,,,,C,Y,N,A,1,0,0,0,22450.0,2,35.7179651,-119.1596624,4
2013,2013-12-07,730,12,4,7,6,N,B,Y,C,H,A,A,07,W,08,F,,,,,A,Y,N,D,1,0,0,0,22107.0,1,35.2465666,-118.5935133,4
2013,2013-12-01,1900,12,4,19,7,N,A,Y,A,H,D,A,01,W,08,E,,,,,I,Y,N,D,1,0,0,0,22107.0,1,35.6014185,-119.4222685,4
2013,2013-11-30,1626,11,3,16,6,N,A,Y,A,H,A,A,01,E,03,C,,,,,C,N,N,D,1,0,0,0,22350.0,2,35.352631,-119.0289624,4
2013,2013-11-17,605,11,3,6,7,N,A,Y,A,H,B,A,07,E,01,F,,,,,I,Y,N,A,1,0,0,0,23152.0,1,35.3519025,-118.9074128,2
2013,2013-11-21,24,11,3,0,4,N,C,N,B,H,C,A,01,E,08,E,,,,,J,Y,N,A,1,0,0,0,22107.0,1,35.375965,-118.9541357,2
2013,2013-11-26,1823,11,3,18,2,Y,A,N,A,H,D,A,01,,03,A,,,,,A,Y,N,D,3,0,0,0,22350.0,1,35.173865,-118.6080824,4
2013,2013-10-23,903,10,3,9,3,N,A,N,A,H,A,-,- ,S,01,C,,,,,C,Y,N,A,3,0,0,0,23153.0,3,35.5905638,-119.340513,4
2013,2013-12-04,1800,12,4,18,3,Y,A,Y,A,H,C,-,- ,,03,C,,,,,C,N,M,A,1,0,0,0,22350.0,2,35.124305,-118.4677823,4
2013,2013-10-24,630,10,3,6,4,Y,A,Y,A,H,B,-,- ,,04,C,,,,,C,,N,A,2,0,0,0,21703.0,2,35.6015454,-119.340301,4
2013,2013-09-29,1931,9,3,19,7,Y,A,N,A,H,C,L,04,,09,G,,Y,,,G,N,N,A,1,0,1,0,21800.0,2,35.5869851,-119.3493425,3
2013,2013-12-15,1715,12,4,17,7,N,B,N,A,H,B,A,01,E,08,E,,,,,I,Y,N,D,2,0,0,0,22107.0,1,35.4422257,-119.4341497,3
2013,2013-12-04,1716,12,4,17,3,N,A,N,A,H,C,A,01,S,03,C,,,,,C,Y,N,D,1,0,0,0,22350.0,3,35.3567019,-119.0030967,4
2013,2013-12-08,1739,12,4,17,7,Y,A,N,A,H,C,A,01,,09,D,,,,,C,N,N,A,4,0,0,0,21453.0,2,35.318325,-119.0923326,4
2013,2013-12-06,1510,12,4,15,5,N,A,Y,A,H,A,D,22,E,21,C,,,,,C,N,N,A,4,0,0,0,22106.0,2,35.124305,-118.4950805,4
2013,2013-12-11,1148,12,4,11,3,N,A,Y,A,H,A,D,22,W,08,E,,,,,I,Y,N,D,1,0,0,0,22107.0,1,35.6345906,-117.9719017,3
2013,2013-12-07,1345,12,4,13,6,N,A,N,A,H,A,-,- ,S,18,F,,,,Y,A,Y,N,D,1,0,0,0,,1,35.10952193,-118.18107784,4
2013,2013-11-03,1815,11,3,18,7,N,A,N,A,H,D,A,01,S,08,A,,,,,C,Y,N,D,1,0,0,0,22107.0,2,35.0966847,-118.3968509,4
2013,2013-11-12,1109,11,3,11,2,Y,B,N,A,H,A,A,07,,09,D,,,,,C,Y,N,A,3,0,0,0,21802.0,2,35.3848151,-119.0188926,4
2013,2013-11-12,823,11,3,8,2,Y,B,N,A,H,A,A,07,,09,D,,,,,C,Y,N,A,1,0,0,0,21453.0,2,35.3103749,-119.0567526,4
2013,2013-11-23,2316,11,3,23,6,Y,B,Y,A,H,C,D,22,,01,D,,,,,C,Y,N,A,2,0,0,0,23152.0,3,35.3618425,-118.914276,3
2013,2013-12-10,1840,12,4,18,2,N,A,N,A,H,C,-,- ,N,00,B,,,,Y,C,N,N,A,2,0,0,0,,2,35.3187604,-119.0031584,4
2013,2013-12-12,1700,12,4,17,4,N,A,Y,A,H,C,D,22,S,03,C,,,,,C,N,N,D,2,0,0,0,22350.0,2,35.3567826,-118.9141138,4
2013,2013-12-12,1712,12,4,17,4,N,A,Y,A,H,A,A,01,S,03,C,,,,,C,Y,M,D,1,0,0,0,22350.0,2,35.2357939,-118.9144223,4
2013,2013-12-09,1920,12,4,19,1,N,A,Y,A,H,C,D,22,S,08,E,,,,,I,Y,N,D,1,0,0,0,22107.0,1,35.3608019,-119.0396083,3
2013,2013-12-12,215,12,4,2,4,N,A,N,A,H,D,G,27,E,08,F,,,,Y,A,Y,N,D,1,0,0,0,22107.0,1,35.2959061,-118.978354,4
2013,2013-12-13,940,12,4,9,5,N,A,Y,A,D,A,A,01,S,08,E,,,,Y,I,Y,N,D,1,0,0,0,22107.0,2,35.2791472,-119.0262655,4
2013,2013-12-06,2235,12,4,22,5,N,A,Y,A,H,D,A,01,N,08,E,,,,,I,Y,N,D,2,0,0,0,22107.0,1,35.7528366,-119.7547593,2
2013,2013-12-17,1718,12,4,17,2,N,A,Y,A,H,C,N,60,E,11,G,Y,,,,B,N,N,D,1,1,0,0,21954.0,2,35.3906122,-119.0245895,3
2013,2013-12-09,1205,12,4,12,1,N,A,N,A,H,A,D,22,,07,B,,,,,C,N,N,A,1,0,0,0,21658.0,2,35.2958951,-119.0391325,4
2013,2013-11-01,727,11,3,7,5,N,A,N,A,H,A,A,07,W,08,A,,,,,C,Y,N,D,2,0,0,0,22107.0,3,35.346685,-119.0134897,4
2013,2013-11-05,519,11,3,5,2,N,A,N,A,H,B,A,01,S,08,E,,,,,I,Y,N,D,1,0,0,0,22107.0,1,35.2974254,-119.0566475,4
2013,2013-11-14,1738,11,3,17,4,Y,A,N,A,H,C,A,07,,09,D,,,,,C,N,N,D,1,0,0,0,21801.0,2,35.353955,-119.0202125,4
2013,2013-11-05,1435,11,3,14,2,N,A,N,A,H,A,A,01,S,07,B,,,Y,,C,Y,N,D,1,0,0,1,21658.0,2,35.3683859,-118.9498423,4
2013,2013-11-06,730,11,3,7,3,Y,A,Y,A,H,A,A,07,,06,B,,,,,C,Y,N,D,2,0,0,0,21750.0,2,35.3982461,-119.2870739,4
2013,2013-11-08,1715,11,3,17,5,N,A,N,A,H,D,A,07,S,03,C,,,,,C,N,N,A,2,0,0,0,22350.0,2,35.3781486,-118.967581,4
2013,2013-11-08,720,11,3,7,5,N,A,Y,A,H,A,A,01,N,03,C,,,,,C,N,N,A,1,0,0,0,22350.0,2,35.3658909,-118.9142891,4
2013,2013-11-08,1310,11,3,13,5,N,A,N,A,H,A,A,01,S,03,C,,,,,C,,N,D,1,0,0,0,22350.0,2,35.3170016,-119.0031195,4
2013,2013-11-11,1525,11,3,15,1,N,A,N,A,H,A,L,04,N,05,A,,Y,,,G,N,N,D,1,0,1,0,21650.0,2,35.3765476,-118.9675924,3
2013,2013-11-11,1405,11,3,14,1,N,A,N,A,H,A,N,60,E,11,G,Y,,,,B,N,N,D,1,1,0,0,21954.0,2,35.365855,-118.9650679,4
2013,2013-11-08,2005,11,3,20,5,N,A,Y,A,H,C,A,01,S,03,C,,,,,C,N,F,A,1,0,0,0,22350.0,2,35.376235,-118.914132,3
2013,2013-11-10,1050,11,3,10,7,N,A,N,A,H,A,A,07,N,08,E,,,,,I,Y,N,A,1,0,0,0,22107.0,1,35.4195661,-119.0392107,3
2013,2013-10-31,640,10,3,6,4,N,A,N,A,H,B,-,- ,N,00,E,,,,,I,Y,N,D,1,0,0,0,,1,35.5592575,-119.3299052,4
2013,2013-10-29,400,10,3,4,2,N,B,Y,B,H,D,A,01,S,01,E,,,,,I,Y,N,D,1,0,0,0,23152.0,1,35.6844579,-118.4689578,3
2013,2013-10-15,113,10,3,1,2,N,A,N,A,H,D,-,- ,W,18,H,,,,,A,Y,F,D,1,0,0,0,,1,35.377755,-118.9454567,3
2013,2013-10-27,2020,10,3,20,7,N,A,N,A,H,D,A,01,W,06,B,,,,,C,Y,F,D,2,0,0,0,21755.0,2,35.746895,-119.2250466,3
2013,2013-10-27,153,10,3,1,7,N,A,N,A,H,C,N,60,E,11,G,Y,,,,B,N,M,D,1,1,0,0,21954.0,2,35.370931,-118.966987,3
2013,2013-12-01,1440,12,4,14,7,N,A,N,A,H,A,D,22,S,01,E,,,,,I,Y,N,D,1,0,0,0,23152.0,1,35.3686958,-118.9264344,4
2013,2013-12-15,1620,12,4,16,7,N,A,N,A,H,B,D,22,W,08,A,,,,,E,N,M,D,1,0,0,0,22107.0,2,35.3847885,-118.9836159,3
2013,2013-12-16,1948,12,4,19,1,N,A,N,A,H,D,G,25,N,17,F,,,,Y,A,Y,N,D,1,0,0,0,21711.0,1,35.3392049,-118.5746281,4
2013,2013-11-29,55,11,3,0,5,N,A,Y,A,H,D,A,01,W,01,E,,,,,I,Y,N,D,1,0,0,0,23152.0,1,35.609125,-119.5832721,4
2013,2013-11-27,2015,11,3,20,3,N,A,Y,A,H,D,-,- ,N,00,B,,,,,C,Y,N,D,3,0,0,0,,2,35.4039619,-119.4041188,3
2013,2013-11-16,1415,11,3,14,6,N,A,Y,A,H,A,C,02,S,08,F,,,Y,,A,N,N,D,1,0,0,1,22107.0,1,35.3444793,-119.6323944,3
2013,2013-11-22,300,11,3,3,5,N,B,Y,A,H,D,-,99,N,07,B,,,,,C,Y,M,D,1,0,0,0,21658.0,2,35.1867466,-119.1387922,4
2013,2013-11-20,1357,11,3,13,3,Y,A,N,A,H,A,A,07,,08,D,,,,,C,Y,N,A,4,0,0,0,22107.0,2,35.1243051,-118.4585023,2
2013,2013-12-07,920,12,4,9,6,N,D,Y,C,H,A,D,22,N,08,E,,,,,I,Y,N,D,4,0,0,0,22107.0,1,34.8900244,-118.9126349,2
2013,2013-12-16,1454,12,4,14,1,N,A,Y,A,H,A,A,08,E,03,C,,,,,C,Y,N,A,1,0,0,0,22350.0,2,35.3830802,-119.0459358,3
2013,2013-12-23,1724,12,4,17,1,N,A,Y,A,H,C,D,22,E,03,C,,,,,C,N,N,A,1,0,0,0,22350.0,2,35.3822015,-119.0101772,4
2013,2013-12-05,1320,12,4,13,4,Y,A,N,A,H,A,D,22,,10,G,Y,,,,B,N,N,A,1,1,0,0,21950.0,2,35.3394851,-119.0505624,3
2013,2013-12-22,1757,12,4,17,7,N,A,N,A,H,D,A,01,N,01,B,,,,,C,Y,N,D,1,0,0,0,23152.0,3,35.34343908,-119.14548486,4
2013,2013-12-05,707,12,4,7,4,N,A,N,A,H,B,A,01,W,01,C,,,,,C,N,M,D,1,0,0,0,23152.0,2,35.3045174,-119.0671458,3
2013,2013-11-27,1000,11,3,10,3,N,A,Y,A,H,A,A,01,S,07,B,,,,,C,Y,N,D,2,0,0,0,21658.0,2,35.073089,-118.1703182,3
2013,2013-11-26,300,11,3,3,2,N,A,N,A,H,D,A,01,S,03,E,,,,,I,Y,N,D,2,0,0,0,22350.0,1,35.5700434,-117.7139147,2
2013,2013-11-30,1,11,3,0,6,N,A,N,A,H,D,N,60,E,11,G,Y,,,,B,N,N,D,1,1,0,0,21954.0,2,34.864455,-118.1615863,4
2013,2013-12-22,1340,12,4,13,7,N,A,N,A,H,A,L,04,W,09,D,,Y,,,G,N,N,D,1,0,1,0,21804.0,2,35.126604,-118.4915109,3
2013,2013-12-13,1350,12,4,13,5,N,A,Y,A,H,A,A,07,S,09,A,,,,,C,Y,N,D,3,0,0,0,21801.0,2,35.0571302,-118.1752808,4
2013,2013-12-09,931,12,4,9,1,Y,A,N,A,H,A,A,01,,12,D,,,,,C,Y,N,A,1,0,0,0,21453.0,2,35.332225,-119.0434725,4
2013,2013-11-26,2323,11,3,23,2,N,A,N,A,H,C,A,01,N,01,E,,,,,I,N,N,A,1,0,0,0,23152.0,1,35.39895994,-119.1098848,4
2013,2013-11-19,1927,11,3,19,2,N,A,N,A,H,C,A,01,N,09,D,,,,,C,Y,N,A,1,0,0,0,21453.0,2,35.3562696,-119.0924229,4
2013,2013-10-05,1700,10,3,17,6,N,A,N,A,H,A,A,01,W,03,C,,,,,C,Y,N,A,1,0,0,0,22350.0,2,35.3541149,-119.0547158,4
2013,2013-10-30,1501,10,3,15,3,N,A,N,A,H,A,-,- ,E,18,E,,,Y,,I,N,N,D,1,0,0,1,,1,35.29891156,-119.10178006,3
2013,2013-10-31,1925,10,3,19,4,N,A,N,A,H,C,A,01,E,03,A,,,,,C,Y,N,A,2,0,0,0,22350.0,2,35.2740649,-119.0211185,4
2013,2013-10-22,521,10,3,5,2,Y,A,N,A,H,C,L,04,,17,D,,Y,,,G,Y,N,D,1,0,1,0,21208.0,2,35.413445,-119.0977126,2
2013,2013-10-23,1529,10,3,15,3,Y,A,Y,A,H,A,-,- ,,12,D,,,,,C,Y,N,A,2,0,0,0,21453.0,2,35.292605,-119.0295224,3
2013,2013-08-16,1606,8,2,16,5,Y,A,N,A,H,A,C,02,,03,D,,,Y,,C,Y,N,D,1,0,0,1,22350.0,2,35.359345,-118.9919224,2
2013,2013-08-16,1034,8,2,10,5,N,A,N,A,H,A,L,04,E,05,D,,Y,,,G,N,F,A,1,0,1,0,21202.0,2,35.37908119,-119.01868343,4
2013,2013-11-01,1744,11,3,17,5,N,A,N,A,H,A,A,07,E,09,D,,,,,C,Y,N,D,2,0,0,0,21804.0,2,35.3323079,-119.0552972,4
2013,2013-11-05,1629,11,3,16,2,N,A,N,A,H,A,L,04,W,09,D,,Y,,,G,N,N,D,1,0,1,0,21804.0,2,35.3130846,-119.0902558,3
2013,2013-11-02,1843,11,3,18,6,Y,A,N,A,H,C,N,60,,11,G,Y,,,,B,N,N,D,1,1,0,0,21954.0,2,35.304765,-119.0815125,3
2013,2013-11-04,1800,11,3,18,1,Y,A,N,A,H,C,A,08,,03,E,,,,,I,Y,M,D,1,0,0,0,22350.0,1,35.400035,-118.9715525,4
2013,2013-11-05,1224,11,3,12,2,Y,A,Y,A,H,A,A,01,,09,D,,,,,C,Y,N,D,3,0,0,0,21801.0,2,35.354285,-119.0672126,4
2013,2013-11-22,1219,11,3,12,5,N,B,N,B,H,A,N,60,S,11,G,Y,,,,B,N,N,D,1,1,0,0,21956.0,2,35.1997573,-118.8285585,4
2013,2013-12-18,445,12,4,4,3,N,B,Y,A,H,D,A,01,S,08,F,,,,,A,Y,N,D,1,0,0,0,22107.0,1,35.4767869,-117.9597742,4
2013,2013-12-23,1435,12,4,14,1,N,A,N,A,H,A,L,04,E,05,D,,Y,,,G,N,N,A,1,0,1,0,21650.0,2,35.376115,-118.932509,4
2013,2013-12-28,920,12,4,9,6,N,A,Y,A,H,A,G,25,W,03,F,,,,Y,A,Y,N,D,1,0,0,0,22350.0,1,35.457375,-119.4772225,4
2013,2013-12-30,1044,12,4,10,1,Y,A,N,A,H,A,D,22,,09,D,,,,,C,Y,N,A,1,0,0,0,21802.0,2,35.442295,-119.4612124,4
2013,2013-12-28,1330,12,4,13,6,N,A,Y,A,-,A,E,22,S,03,C,,,,,C,Y,N,D,1,0,0,0,22350.0,3,35.6010431,-119.6409173,4
2013,2013-11-30,1153,11,3,11,6,Y,A,N,A,H,A,D,22,,12,D,,,,,C,Y,N,A,2,0,0,0,21453.0,2,35.768565,-119.2232024,3
2013,2013-12-28,2205,12,4,22,6,Y,A,Y,A,H,C,D,22,,08,B,,,,,C,Y,N,A,4,0,0,0,22107.0,2,35.124305,-118.4677823,4
2013,2013-12-23,1517,12,4,15,1,N,A,N,A,H,A,A,01,E,08,D,,,,,C,Y,N,A,1,0,0,0,22107.0,3,35.3249444,-119.0399422,4
2013,2013-12-30,1849,12,4,18,1,Y,A,N,A,H,C,D,22,,12,D,,,,,C,Y,N,A,2,0,0,0,21453.0,2,35.397765,-118.9499525,4
2013,2013-12-10,752,12,4,7,2,Y,A,N,A,H,A,A,01,,12,D,,,,,C,Y,N,A,2,0,0,0,21453.0,3,35.317745,-119.0119324,4
2013,2013-12-16,1056,12,4,10,1,Y,A,N,A,H,A,A,08,,03,C,,,,,C,Y,M,D,3,0,0,0,22350.0,2,35.363135,-119.0213625,4
2013,2013-12-20,854,12,4,8,5,Y,B,N,A,H,A,A,07,,12,D,,,,,C,Y,N,A,1,0,0,0,21453.0,3,35.317655,-119.1095625,4
2013,2013-12-16,1827,12,4,18,1,N,A,N,A,H,C,A,01,N,01,E,,,,,I,Y,N,D,2,0,0,0,23152.0,1,35.3123903,-119.0301248,3
2013,2013-12-14,1248,12,4,12,6,Y,A,Y,A,H,A,-,- ,,12,D,,,,,C,N,N,A,1,0,0,0,21453.0,2,35.3752919,-119.0028224,4
2013,2013-12-16,110,12,4,1,1,N,A,N,A,H,D,D,22,W,03,C,,,,,C,Y,N,D,1,0,0,0,22350.0,2,35.4163706,-119.0499846,3
2013,2013-12-11,1545,12,4,15,3,Y,A,N,A,H,A,A,01,,12,D,,,,Y,C,Y,N,A,1,0,0,0,21453.0,2,35.4124651,-119.0487125,4
2013,2013-12-23,1715,12,4,17,1,N,A,Y,A,H,C,A,08,S,03,C,,,,,C,Y,N,D,2,0,0,0,22350.0,4,35.3964946,-119.0446819,4
2013,2013-12-15,1650,12,4,16,7,N,A,Y,A,H,C,D,22,W,03,C,,,,,C,Y,N,D,1,0,0,0,22350.0,3,35.266865,-119.0332899,4
2013,2013-12-21,1330,12,4,13,6,N,A,N,A,H,A,A,01,W,21,C,,,,,C,N,N,D,1,0,0,0,22106.0,2,35.419575,-119.0213923,4
2013,2013-12-20,1920,12,4,19,5,N,A,Y,A,H,A,D,22,N,03,C,,,,,C,N,N,D,1,0,0,0,22350.0,2,35.3462732,-119.0394324,4
2013,2013-12-16,545,12,4,5,1,N,A,N,A,H,D,A,01,E,06,D,,,,,C,Y,N,D,2,0,0,0,21750.0,2,35.499735,-119.1612839,3
2013,2013-11-29,1201,11,3,12,5,Y,A,N,A,H,A,A,07,,09,D,,,,,C,Y,N,B,5,0,0,0,21800.0,2,35.3541851,-119.0435024,4
2013,2013-12-21,1953,12,4,19,6,N,A,N,A,H,D,A,01,S,01,F,,,,,A,Y,N,D,1,0,0,0,23152.0,1,34.9000357,-118.2912616,3
2013,2013-12-15,47,12,4,0,7,N,A,N,A,H,C,A,01,N,01,C,,,,,C,Y,N,D,1,0,0,0,23152.0,2,35.3200321,-119.0744924,4
2013,2013-12-28,820,12,4,8,6,N,A,N,A,H,A,A,01,E,21,D,,,,,C,N,N,D,1,0,0,0,22106.0,2,35.5988551,-117.7050841,4
2013,2013-12-20,505,12,4,5,5,N,A,Y,A,H,D,G,25,N,08,E,,,,Y,I,Y,N,D,0,0,0,0,22107.0,1,34.8282805,-118.1700494,1
2014,2014-01-01,1850,1,4,18,3,N,A,Y,A,H,D,A,01,S,04,C,,,,,C,Y,N,D,1,0,0,0,21703.0,3,35.48693567,-119.14775094,3
2013,2013-12-27,555,12,4,5,5,N,A,Y,A,H,B,D,22,E,08,F,,,,,A,Y,N,D,1,0,0,0,22107.0,1,35.0952843,-119.0111136,3
2013,2013-12-31,1500,12,4,15,2,N,A,Y,A,H,A,A,01,S,03,C,,,,,C,Y,N,D,1,0,0,0,22350.0,3,35.3182959,-118.9143129,4
2013,2013-12-25,1448,12,4,14,3,N,A,Y,A,H,A,A,07,S,07,B,,,,,C,Y,N,D,8,0,0,0,21658.0,2,35.4318692,-119.0731384,3
2013,2013-12-12,1714,12,4,17,4,N,A,N,A,H,C,A,01,N,09,D,,,,,C,Y,F,A,1,0,0,0,21804.0,2,35.7794844,-119.2497731,4
2013,2013-12-09,1352,12,4,13,1,Y,A,N,A,H,A,A,01,,03,D,,,,,C,N,N,A,3,0,0,0,22350.0,2,35.775795,-119.2674425,4
2013,2013-12-09,700,12,4,7,1,Y,A,N,A,H,A,A,01,,12,D,,,,,C,Y,N,A,1,0,0,0,22450.0,2,35.7757851,-119.2763224,4
2013,2013-12-18,1235,12,4,12,3,N,A,N,A,H,A,H,13,,00,G,Y,,,,B,N,F,D,1,1,0,0,20001.0,2,,,2
2013,2013-12-24,2320,12,4,23,2,N,A,Y,A,H,D,A,01,S,03,C,,,,,C,Y,N,D,3,0,0,0,22350.0,2,35.4506863,-119.4687565,3
2013,2013-12-30,330,12,4,3,1,N,A,N,A,H,C,A,01,E,01,C,,,,,E,N,M,D,1,0,0,0,23152.0,2,35.2699949,-119.0109121,3
2013,2013-12-29,1242,12,4,12,7,N,A,Y,A,H,A,D,22,S,10,G,Y,,,,B,N,M,A,1,1,0,0,21950.0,2,35.3660719,-119.0407725,4
2014,2014-01-05,545,1,4,5,7,Y,A,Y,A,H,C,A,01,,09,D,,,,,C,Y,N,A,1,0,0,0,21802.0,2,35.29504902,-119.25457746,4
2013,2013-12-18,1325,12,4,13,3,N,B,N,A,H,A,A,01,W,08,E,,,,,I,Y,N,A,1,0,0,0,22107.0,1,34.8470273,-119.0858428,4
2013,2013-12-16,1527,12,4,15,1,Y,A,N,A,H,A,A,01,,01,C,,,,,D,Y,N,A,1,0,0,0,23152.0,2,35.586975,-119.3365825,4
2013,2013-12-26,1609,12,4,16,4,N,A,N,A,H,A,A,01,S,08,E,,,,,I,Y,N,D,2,0,0,0,22107.0,1,34.8550174,-118.2025771,3
2013,2013-12-14,1859,12,4,18,6,N,A,N,A,H,C,N,60,N,11,G,Y,,,,B,N,F,D,1,1,0,0,21954.0,2,34.8646982,-118.1848588,4
2013,2013-12-20,2230,12,4,22,5,N,A,N,A,H,D,A,01,S,03,F,,,,,A,Y,N,D,2,0,0,0,22350.0,1,35.1017866,-117.917796,4
2013,2013-12-28,2053,12,4,20,6,N,A,Y,A,H,D,A,01,W,03,E,,,,,I,Y,M,D,1,0,0,0,22350.0,1,,,3
2013,2013-12-21,1615,12,4,16,6,N,A,Y,A,H,B,A,07,E,08,E,,,,,I,Y,N,D,1,0,0,0,22107.0,1,35.2341779,-118.5753193,3
2013,2013-12-13,1025,12,4,10,5,N,A,Y,A,H,A,A,01,N,08,E,,,,,C,Y,N,D,1,0,0,0,22107.0,1,35.4030655,-119.0452202,2
2013,2013-12-16,745,12,4,7,1,N,A,Y,A,D,A,A,01,S,03,C,,,,,C,Y,N,D,3,0,0,0,22350.0,3,35.3293527,-119.0391048,4
2013,2013-12-12,1640,12,4,16,4,N,A,Y,A,H,B,A,01,W,03,C,,,,,C,Y,N,D,2,0,0,0,22350.0,2,35.352333,-119.0082599,4