ACCIDENT_YEAR,COLLISION_DATE,COLLISION_TIME,MONTH,SEASON,24HOURS,DAY_OF_WEEK,INTERSECTION,WEATHER_1,STATE_HWY_IND,ROAD_SURFACE,ROAD_COND_1,LIGHTING,STWD_VEHTYPE_AT_FAULT,CHP_VEHTYPE_AT_FAULT,DIRECTION,PCF_VIOL_CATEGORY,TYPE_OF_COLLISION,PEDESTRIAN_ACCIDENT,BICYCLE_ACCIDENT,MOTORCYCLE_ACCIDENT,TRUCK_ACCIDENT,MVIW,TOW_AWAY,HIT_AND_RUN,CONTROL_DEVICE,NUMBER_INJURED,COUNT_PED_INJURED,COUNT_BICYCLIST_INJURED,COUNT_MC_INJURED,PCF_VIOLATION,PARTY_COUNT,POINT_Y,POINT_X,COLLISION_SEVERITY
2014,2014-03-08,140,3,1,1,6,N,A,Y,A,H,D,G,25,S,07,C,,,,Y,C,Y,F,D,1,0,0,0,21658.0,2,35.34448918,-119.32153739,3
2014,2014-03-14,1820,3,1,18,5,N,A,N,A,H,A,D,22,E,08,F,,,,,A,Y,N,D,1,0,0,0,22107.0,1,35.50016779,-119.38478673,4
2014,2014-03-10,325,3,1,3,1,N,A,Y,A,H,D,A,01,N,03,C,,,,Y,C,Y,N,D,1,0,0,0,22350.0,2,35.41157416,-119.41436053,3
2014,2014-03-16,550,3,1,5,7,N,A,Y,A,H,D,D,22,N,08,F,,,,,A,Y,N,D,1,0,0,0,22107.0,1,35.5851177,-119.6253495,4
2014,2014-01-12,50,1,4,0,7,N,B,Y,B,H,D,D,22,S,01,E,,,,,I,Y,N,D,1,0,0,0,23152.0,1,35.17078227,-119.51392068,3
2013,2013-12-25,1435,12,4,14,3,N,A,N,A,H,A,N,60,N,11,G,Y,,,,B,N,N,D,1,1,0,0,21954.0,2,35.4940059,-119.287282,4
2013,2013-12-26,1710,12,4,17,4,Y,A,Y,A,H,C,-,- ,,- ,D,,,,,C,N,N,A,1,0,0,0,,2,35.601475,-119.3282024,4
2014,2014-03-11,1345,3,1,13,2,Y,A,N,A,H,A,-,- ,,09,D,,,,,C,Y,N,A,1,0,0,0,21800.0,2,35.32133,-118.99204001,4
2014,2014-03-05,238,3,1,2,3,N,A,N,A,H,C,D,22,N,01,E,,,,,I,Y,N,D,1,0,0,0,23152.0,1,35.32398495,-119.08109729,3
2014,2014-03-10,1714,3,1,17,1,N,A,N,A,H,A,C,02,S,03,C,,,Y,,C,Y,N,A,1,0,0,1,22350.0,3,35.3974681,-118.92996775,3
2014,2014-02-24,1630,2,4,16,1,N,A,N,A,-,A,L,04,W,05,D,,Y,,,G,N,N,D,1,0,1,0,21650.0,2,35.31771,-119.02252504,3
2014,2014-03-15,2145,3,1,21,6,Y,A,N,A,H,C,A,01,,12,D,,,,,C,Y,N,A,4,0,0,0,21453.0,2,35.33217004,-119.05823009,2
2014,2014-02-28,958,2,4,9,5,Y,B,Y,B,H,A,A,01,,12,D,,,,,C,Y,N,A,2,0,0,0,21453.0,2,35.38322116,-119.04771367,4
2014,2014-03-16,1100,3,1,11,7,Y,A,Y,A,H,A,A,01,,12,E,,,,,I,Y,N,A,1,0,0,0,22450.0,1,34.82295979,-118.17017229,4
2014,2014-02-22,305,2,4,3,6,N,A,N,A,H,D,A,01,N,01,E,,,,,J,Y,N,D,1,0,0,0,23152.0,1,35.00016,-118.15774,3
2014,2014-03-15,1933,3,1,19,6,N,A,N,A,H,C,N,60,N,11,G,Y,,,,B,N,N,D,1,1,0,0,21956.0,2,35.36772037,-119.03879,4
2014,2014-03-14,1839,3,1,18,5,N,A,N,A,H,A,D,22,W,08,D,,,,,C,Y,N,D,1,0,0,0,22107.0,2,35.29597057,-119.03747351,4
2014,2014-03-11,1624,3,1,16,2,N,A,N,A,H,A,D,22,N,03,C,,,,,C,Y,N,A,3,0,0,0,22350.0,4,35.39123658,-119.01882827,4
2014,2014-03-05,1838,3,1,18,3,N,A,N,A,H,C,D,22,W,01,C,,,,,E,Y,N,D,2,0,0,0,23152.0,5,35.31040724,-119.01068859,4
2014,2014-03-17,1610,3,1,16,1,N,A,N,A,H,A,D,22,W,03,C,,,,,C,N,N,A,1,0,0,0,22350.0,2,35.40156192,-119.08091396,4
2014,2014-03-20,1805,3,1,18,4,N,A,N,A,H,A,D,22,E,03,C,,,,,C,N,N,A,2,0,0,0,22350.0,2,35.33825353,-119.06091949,4
2014,2014-02-19,2117,2,4,21,3,Y,A,N,A,H,C,-,- ,,- ,B,,,,,C,Y,N,D,1,0,0,0,,2,35.38799011,-118.96738007,4
2014,2014-03-16,2318,3,1,23,7,Y,A,N,A,H,C,A,01,,09,D,,,,,C,Y,N,D,1,0,0,0,21800.0,2,35.35507009,-119.00645,4
2014,2014-02-19,1710,2,4,17,3,N,A,N,A,H,B,A,07,N,08,E,,,,,I,Y,N,D,1,0,0,0,22107.0,1,34.81761327,-118.94512678,4
2014,2014-03-03,1855,3,1,18,1,N,A,Y,A,H,D,F,26,W,08,C,,,,Y,C,Y,N,D,1,0,0,0,22107.0,2,35.01428036,-117.94426585,4
2014,2014-03-10,1353,3,1,13,1,N,A,Y,A,H,A,A,07,E,06,B,,,,Y,D,N,N,A,1,0,0,0,21755.0,2,35.05230942,-118.17358298,4
2014,2014-03-11,2210,3,1,22,2,N,A,Y,A,H,D,G,56,W,17,B,,,,Y,C,Y,N,D,1,0,0,0,21711.0,2,35.13027292,-118.41313011,4
2014,2014-03-06,1110,3,1,11,4,N,A,Y,A,H,A,C,02,W,03,E,,,Y,,I,Y,N,D,1,0,0,1,22350.0,1,35.3832675,-119.00645759,4
2014,2014-03-08,1245,3,1,12,6,N,A,Y,A,H,A,A,01,S,07,D,,,,,C,Y,N,D,1,0,0,0,21658.0,2,35.58934664,-119.20405146,4
2014,2014-03-10,155,3,1,1,1,N,A,N,A,H,D,A,01,E,08,F,,,,,A,Y,N,D,1,0,0,0,22107.0,1,35.36818891,-119.24879998,4
2014,2014-03-17,130,3,1,1,1,N,A,Y,A,H,D,A,01,S,08,E,,,,,I,,N,D,1,0,0,0,22107.0,1,35.14638701,-118.99575203,4
2014,2014-03-08,1745,3,1,17,6,N,A,N,A,H,B,A,01,E,08,E,,,,,I,Y,N,D,1,0,0,0,22107.0,1,35.44528626,-118.92325037,4
2014,2014-03-15,1355,3,1,13,6,N,A,N,A,H,A,A,01,S,07,D,,,,,C,Y,N,D,5,0,0,0,21658.0,2,35.41127126,-119.05877446,3
2014,2014-03-16,2315,3,1,23,7,N,A,Y,A,H,E,-,- ,S,00,C,,,,,C,Y,N,D,2,0,0,0,,2,35.7730884,-119.25171102,4
2014,2014-03-10,1100,3,1,11,1,N,A,Y,-,A,A,A,01,S,09,A,,,,,C,Y,N,D,3,0,0,0,21801.0,2,35.29964475,-118.91434014,3
2014,2014-03-09,2000,3,1,20,7,N,A,Y,A,H,D,A,01,N,08,E,,,,,I,Y,N,D,1,0,0,0,22107.0,1,35.77691301,-119.25257785,4
2014,2014-03-11,1020,3,1,10,2,N,A,N,A,H,A,A,01,W,04,C,,,,,C,N,N,D,2,0,0,0,21703.0,2,35.41890032,-119.06280579,4
2014,2014-03-04,1337,3,1,13,2,Y,A,Y,A,H,A,-,- ,,12,D,,,,,C,Y,N,A,2,0,0,0,21453.0,2,35.3198754,-119.03695905,4
2014,2014-03-06,750,3,1,7,4,Y,A,N,A,H,A,-,,,10,G,Y,,,,B,N,M,A,1,1,0,0,21950.0,2,35.34193006,-119.0610501,4
2014,2014-03-07,1828,3,1,18,5,Y,A,N,A,H,C,N,60,,11,G,Y,,,,B,N,F,D,1,1,0,0,21954.0,2,35.37316007,-118.98079001,3
2014,2014-03-03,1350,3,1,13,1,Y,B,N,A,H,A,A,01,,09,D,,,,,C,Y,N,A,2,0,0,0,21801.0,2,35.38097006,-119.01057012,4
2014,2014-03-10,2100,3,1,21,1,N,A,Y,A,C,C,A,01,S,08,F,,,,,A,Y,N,D,1,0,0,0,22107.0,1,35.26376257,-119.22128419,3
2014,2014-03-05,2050,3,1,20,3,N,A,N,A,H,C,A,01,S,05,A,,,,,C,Y,N,D,3,0,0,0,21460.0,2,35.16003319,-119.46522529,4
2014,2014-03-15,705,3,1,7,6,N,A,Y,A,H,A,C,02,W,03,F,,,Y,,A,Y,N,D,1,0,0,1,22350.0,1,35.26736722,-119.25343879,4
2014,2014-03-02,240,3,1,2,7,N,A,N,A,H,C,A,01,S,08,E,,,,,I,Y,N,D,1,0,0,0,22107.0,1,35.36687,-118.95018,3
2014,2014-02-22,1726,2,4,17,6,Y,A,N,A,H,B,A,01,,03,C,,,,,C,Y,N,D,1,0,0,0,22350.0,2,35.37908006,-119.01885996,3
2014,2014-02-22,1701,2,4,17,6,N,A,N,A,H,A,C,02,S,03,C,,,Y,,C,Y,N,D,1,0,0,1,22350.0,2,35.29850293,-119.08316731,3
2014,2014-02-05,1551,2,4,15,3,Y,A,N,A,H,A,A,01,,03,C,,,,,C,Y,N,A,2,0,0,0,22350.0,2,35.28863007,-119.02137001,4
2014,2014-02-05,1808,2,4,18,3,Y,A,N,A,H,C,A,07,,03,C,,,,,C,N,N,A,1,0,0,0,22350.0,4,35.37815006,-119.02234011,4
2014,2014-02-20,1830,2,4,18,4,Y,A,N,A,H,C,A,01,,12,D,,,,,C,,N,A,1,0,0,0,21453.0,3,35.30345003,-119.11,4
2014,2014-02-09,1302,2,4,13,7,Y,B,N,A,H,A,A,01,,09,D,,,,,C,Y,N,D,4,0,0,0,21801.0,2,35.33944007,-119.02895008,4
2014,2014-02-22,1047,2,4,10,6,N,A,N,A,H,A,C,02,S,03,F,,,Y,,A,Y,N,D,1,0,0,1,22350.0,1,35.40767726,-119.09232,3
2014,2014-02-18,1529,2,4,15,2,N,B,N,A,H,A,A,07,S,03,E,,,,,I,N,N,D,1,0,0,0,22350.0,1,35.31928969,-119.039,4
2014,2014-03-01,945,3,1,9,6,Y,A,N,A,H,A,A,01,,09,D,,,,,C,N,N,D,1,0,0,0,21801.0,2,35.19723001,-118.83311008,4
2014,2014-03-01,658,3,1,6,6,N,A,N,A,H,A,A,01,E,08,B,,,,,C,N,N,D,1,0,0,0,22107.0,2,35.37716399,-119.01363769,4
2014,2014-03-02,924,3,1,9,7,Y,B,N,A,H,A,-,- ,,12,D,,,,,C,Y,N,A,1,0,0,0,21453.0,2,35.37327006,-119.01890002,4
2014,2014-03-03,1950,3,1,19,1,Y,A,N,A,H,C,A,01,,09,D,,,,,C,Y,N,A,1,0,0,0,21802.0,2,35.34689011,-119.05904,4
2014,2014-03-01,1544,3,1,15,6,Y,C,N,B,H,A,C,02,,03,F,,,Y,,A,N,N,A,1,0,0,1,22350.0,1,35.60786005,-117.70128009,3
2014,2014-02-16,1810,2,4,18,7,Y,A,Y,A,H,C,-,- ,,00,D,,,,,C,Y,N,A,2,0,0,0,,2,35.65161559,-117.67883698,3
2014,2014-03-17,1707,3,1,17,1,Y,A,N,A,H,A,H,13,,03,H,,,,,A,N,N,D,1,0,0,0,22350.0,1,35.35482009,-118.99909006,4
2014,2014-03-21,1549,3,1,15,5,N,A,Y,A,H,A,G,25,N,03,C,,,,Y,C,Y,N,D,2,0,0,0,22350.0,7,35.40658803,-119.04873586,4
2014,2014-03-24,750,3,1,7,1,Y,A,N,A,H,A,D,22,,09,D,,,,,C,Y,N,A,4,0,0,0,21802.0,2,35.50713003,-119.29601995,4
2014,2014-03-23,1430,3,1,14,7,N,A,Y,A,H,A,A,01,W,07,B,,,,Y,C,Y,N,D,1,0,0,0,21658.0,2,35.35220186,-118.91560808,4
2014,2014-03-17,1600,3,1,16,1,N,A,N,A,H,A,D,22,W,03,C,,,,,C,Y,N,A,1,0,0,0,22350.0,2,35.50030223,-119.40651655,4
2014,2014-03-19,1510,3,1,15,3,N,A,N,A,H,A,A,01,N,03,C,,,,,C,N,N,D,1,0,0,0,22350.0,3,35.38841206,-118.9498,4
2014,2014-03-12,1440,3,1,14,3,N,A,Y,A,H,A,D,22,W,07,A,,,,Y,C,Y,N,D,5,0,0,0,21658.0,6,35.33865355,-118.84392089,3
2014,2014-03-21,1805,3,1,18,5,N,A,N,A,H,A,A,01,S,03,C,,,,,C,Y,N,D,2,0,0,0,22350.0,2,35.39932512,-119.14550892,4
2014,2014-03-21,1910,3,1,19,5,N,A,N,A,H,B,A,01,S,08,E,,,,Y,I,Y,N,D,3,0,0,0,22107.0,4,35.09162173,-118.9789778,3
2014,2014-03-22,1615,3,1,16,6,Y,A,Y,A,H,A,D,22,,12,D,,,,,C,Y,N,A,2,0,0,0,21453.0,2,35.38348792,-119.18105736,4
2014,2014-02-27,1305,2,4,13,4,N,A,N,A,H,A,A,07,E,03,C,,,,,C,Y,N,A,2,0,0,0,22350.0,2,35.3811908,-119.01632488,4
2014,2014-02-16,1859,2,4,18,7,Y,A,Y,A,H,C,-,- ,,12,D,,,,,C,Y,N,A,1,0,0,0,21453.0,2,35.36595755,-119.04072751,3
2014,2014-02-24,1405,2,4,14,1,N,A,N,A,H,A,A,01,W,21,D,,,,,C,Y,M,D,1,0,0,0,22106.0,2,35.41547,-119.02370815,4
2014,2014-02-23,1740,2,4,17,7,N,A,N,A,H,A,A,01,S,01,B,,,,,C,N,M,A,1,0,0,0,23152.0,2,35.37598758,-118.93204003,4
2014,2014-02-21,2255,2,4,22,5,N,A,N,A,H,D,A,07,N,08,F,,,,,A,Y,N,D,3,0,0,0,22107.0,1,35.36313746,-118.8964084,3
2014,2014-02-25,900,2,4,9,2,N,A,Y,A,D,A,A,01,S,01,E,,,,,I,Y,N,D,1,0,0,0,23152.0,1,35.30371339,-119.03244658,4
2014,2014-02-28,1302,2,4,13,5,N,C,Y,B,H,A,A,01,N,03,E,,,,,I,Y,N,D,2,0,0,0,22350.0,1,35.35650558,-119.03961917,4
2014,2014-02-14,1925,2,4,19,5,N,A,Y,A,H,D,A,01,W,01,E,,,,,I,Y,N,D,1,0,0,0,23152.0,1,35.47985862,-118.74875769,3
2014,2014-02-23,700,2,4,7,7,N,A,N,A,H,A,A,01,E,01,E,,,,,I,Y,N,D,1,0,0,0,23152.0,1,35.34398,-119.02332646,3
2014,2014-02-28,1710,2,4,17,5,N,B,Y,B,H,D,A,07,E,03,A,,,,,C,Y,N,D,1,0,0,0,22350.0,2,35.46709253,-118.75491446,4
2014,2014-02-28,1900,2,4,19,5,Y,B,N,B,H,C,A,01,,01,E,,,,,I,N,N,D,1,0,0,0,23152.0,1,35.36162004,-118.91868006,3
2014,2014-02-27,2217,2,4,22,4,N,B,N,A,H,C,A,01,W,01,C,,,,,C,N,N,A,1,0,0,0,23152.0,2,35.41241384,-119.05891064,4
2014,2014-03-01,1703,3,1,17,6,Y,B,N,A,H,A,A,01,,09,D,,,,,C,Y,N,A,2,0,0,0,21802.0,2,35.22348011,-118.86028004,4
2014,2014-03-06,1830,3,1,18,4,Y,A,N,A,H,D,A,01,,09,D,,,,,C,Y,N,A,1,0,0,0,21802.0,2,35.36858002,-118.95704012,3
2014,2014-03-09,1015,3,1,10,7,Y,A,N,A,H,A,A,07,,- ,B,,,,,E,Y,N,D,1,0,0,0,,3,35.37926002,-118.93205003,3
2014,2014-03-08,305,3,1,3,6,N,A,N,A,H,D,A,01,S,01,C,,,,,C,Y,F,A,2,0,0,0,23152.0,2,35.40491565,-119.14551,4
2014,2014-03-07,55,3,1,0,5,N,A,Y,A,H,C,A,01,E,08,E,,,,,I,Y,N,D,1,0,0,0,22107.0,1,35.40388888,-119.04490653,3
2014,2014-03-11,1005,3,1,10,2,N,A,Y,A,H,A,A,01,N,07,E,,,,,I,N,M,D,1,0,0,0,21658.0,2,35.38292148,-119.04466626,4
2014,2014-03-18,1159,3,1,11,2,Y,A,N,A,G,A,-,,,12,D,,,,,C,Y,N,A,2,0,0,0,22450.0,2,35.58702004,-119.33656992,2
2014,2014-03-18,718,3,1,7,2,Y,A,N,A,H,A,D,22,,09,D,,,,,C,Y,N,A,1,0,0,0,21802.0,2,35.4998601,-119.24274987,4
2014,2014-03-24,1640,3,1,16,1,N,A,Y,A,H,A,A,01,N,05,B,,,,Y,C,Y,N,A,1,0,0,0,21650.0,2,35.25323982,-119.60075909,4
2014,2014-02-15,1853,2,4,18,6,Y,A,N,A,H,C,A,01,,01,D,,,,,C,Y,N,A,3,0,0,0,23153.0,3,35.33823004,-119.06098002,4
2014,2014-02-08,2112,2,4,21,6,Y,A,Y,A,H,C,A,08,,12,D,,,,,C,Y,N,A,1,0,0,0,21453.0,4,35.40050606,-119.03803167,4
2014,2014-02-07,2157,2,4,21,5,N,A,N,A,H,C,A,01,W,01,C,,,,,C,Y,F,D,1,0,0,0,23152.0,2,35.33960211,-119.04507442,3
2014,2014-02-04,1728,2,4,17,2,Y,A,N,A,H,B,A,08,,12,D,,,,,C,Y,N,A,1,0,0,0,21453.0,2,35.36871007,-119.03878011,4
2014,2014-02-13,2104,2,4,21,4,Y,A,N,A,H,C,A,07,,12,D,,,,,C,Y,N,A,1,0,0,0,21453.0,2,35.38201004,-118.9910201,4
2014,2014-03-14,1940,3,1,19,5,Y,A,N,A,H,C,D,22,,09,D,,,,,C,Y,N,A,1,0,0,0,21801.0,2,35.31878002,-119.00313009,4
2014,2014-03-26,900,3,1,9,3,N,B,N,A,H,A,A,01,W,21,C,,,,,C,Y,N,D,1,0,0,0,22106.0,2,35.42696079,-119.0923808,4
2014,2014-03-23,1725,3,1,17,7,N,A,Y,A,D,A,A,01,E,03,C,,,,,C,Y,N,D,1,0,0,0,22350.0,3,35.35256235,-118.98435203,4
2014,2014-03-13,2110,3,1,21,4,N,A,N,A,H,D,A,01,N,01,E,,,,,I,Y,N,D,1,0,0,0,23152.0,1,34.85290547,-118.20160078,3
2014,2014-03-11,1150,3,1,11,2,N,A,N,A,H,A,A,01,N,08,F,,,,,A,Y,N,D,1,0,0,0,22107.0,1,35.71740777,-117.83342893,3
2014,2014-03-08,102,3,1,1,6,N,B,N,A,H,D,A,01,S,01,E,,,,,I,Y,N,D,1,0,0,0,23152.0,1,35.77632,-117.8571,3
2014,2014-03-21,1145,3,1,11,5,N,A,Y,A,H,A,A,01,N,03,C,,,,,C,Y,N,D,2,0,0,0,22350.0,2,35.06022326,-118.17614332,4
2014,2014-03-19,1613,3,1,16,3,N,A,Y,A,H,A,D,22,S,08,E,,,,,I,Y,N,D,1,0,0,0,22107.0,1,35.03522349,-118.16941095,3
2014,2014-03-22,930,3,1,9,6,N,A,Y,A,H,A,N,60,W,11,G,Y,,,,B,N,N,D,1,1,0,0,21956.0,3,35.11025498,-118.33713517,2
2014,2014-03-27,1327,3,1,13,4,N,A,Y,A,H,A,D,22,N,08,F,,,,,J,Y,N,D,1,0,0,0,22107.0,1,35.24647462,-119.20238662,3
2014,2014-03-16,1500,3,1,15,7,N,A,N,A,H,A,A,01,W,07,B,,,,,C,N,M,D,1,0,0,0,21658.0,2,35.36866405,-118.96846722,4
2014,2014-03-21,1745,3,1,17,5,Y,A,N,A,H,A,A,01,,12,D,,,,,C,Y,N,A,5,0,0,0,21453.0,2,35.40495009,-119.02103012,4
2014,2014-03-21,1215,3,1,12,5,N,A,N,A,H,A,L,04,N,05,D,,Y,,,G,N,N,A,1,0,1,0,21650.0,2,35.36862646,-118.9763598,3
2014,2014-03-15,2230,3,1,22,6,N,A,N,A,H,C,A,01,W,08,B,,,,,C,Y,N,D,1,0,0,0,22107.0,3,35.37095143,-118.96695924,4
2014,2014-03-14,1630,3,1,16,5,N,B,Y,A,D,A,A,01,S,03,C,,,,,C,N,N,D,3,0,0,0,22350.0,2,35.31720223,-119.03625906,4
2014,2014-03-20,1645,3,1,16,4,N,B,Y,A,D,A,A,01,W,03,C,,,,,C,Y,N,D,2,0,0,0,22350.0,3,35.35257453,-118.99650994,4
2014,2014-03-24,1630,3,1,16,1,N,A,Y,A,H,A,A,01,W,03,C,,,,,C,N,N,D,1,0,0,0,22350.0,2,35.35230505,-119.00477599,4
2014,2014-03-17,2030,3,1,20,1,Y,A,Y,A,H,D,C,02,,03,E,,,Y,,I,Y,N,D,1,0,0,1,22350.0,1,35.64758384,-118.36085651,4
2014,2014-03-20,740,3,1,7,4,Y,A,Y,A,H,A,A,01,,09,D,,,,,C,Y,N,D,1,0,0,0,21801.0,2,35.25774057,-118.91441565,3
2014,2014-03-25,1525,3,1,15,2,Y,A,N,A,H,A,A,01,,03,D,,,,,C,Y,N,D,1,0,0,0,22350.0,2,35.4241901,-119.02566013,4
2014,2014-03-23,2336,3,1,23,7,N,A,Y,A,H,C,A,01,W,01,F,,,,,A,Y,N,D,2,0,0,0,23152.0,1,35.35258591,-119.00246861,3
2014,2014-03-22,2010,3,1,20,6,Y,A,N,A,H,D,A,01,,09,D,,,,,C,Y,N,A,1,0,0,0,21802.0,2,35.49994001,-119.31383993,4
2014,2014-03-23,420,3,1,4,7,N,A,Y,A,H,D,A,01,N,08,E,,,,,I,Y,N,D,1,0,0,0,22107.0,1,35.61364439,-119.21227267,4
2014,2014-03-12,1040,3,1,10,3,N,B,N,A,H,A,A,07,S,08,B,,,,,E,Y,N,D,1,0,0,0,22107.0,2,35.38491605,-118.96753992,3
2014,2014-03-24,1110,3,1,11,1,Y,A,N,A,H,A,L,04,,05,B,,Y,,,G,N,F,A,1,0,1,0,21650.0,2,35.4351801,-119.0232401,3
2014,2014-03-16,1145,3,1,11,7,Y,A,Y,A,H,A,C,02,,03,C,,,Y,,C,Y,N,D,1,0,0,1,22350.0,2,35.64341278,-118.41301643,2
2014,2014-03-21,1345,3,1,13,5,N,A,Y,A,H,A,C,02,E,08,F,,,Y,,A,N,N,D,1,0,0,1,22107.0,1,35.63581384,-118.39732061,3
2014,2014-03-27,655,3,1,6,4,N,B,Y,B,H,B,A,01,E,08,E,,,,,I,Y,N,D,1,0,0,0,22107.0,1,35.18157707,-118.49177082,3
2014,2014-03-26,2010,3,1,20,3,N,C,Y,B,H,A,A,07,E,03,E,,,,,I,Y,N,D,1,0,0,0,22350.0,1,35.18194739,-118.49489446,3
2014,2014-02-08,1207,2,4,12,6,Y,A,N,A,H,A,-,,,04,C,,,,,C,N,N,A,2,0,0,0,21703.0,2,35.58701001,-119.34046992,4
2014,2014-02-11,1803,2,4,18,2,N,A,Y,A,H,C,-,,W,04,C,,,,,C,Y,N,A,1,0,0,0,21703.0,2,35.60155475,-119.34735338,4
2014,2014-02-23,1030,2,4,10,7,Y,A,Y,A,H,A,-,- ,,12,D,,,,,C,Y,N,A,1,0,0,0,21453.0,2,35.55802689,-119.33186182,4
2014,2014-02-26,949,2,4,9,3,N,B,N,B,H,A,A,01,E,03,E,,,,,I,Y,N,D,1,0,0,0,22350.0,1,35.38373,-118.9964,4
2014,2014-02-27,1351,2,4,13,4,Y,A,N,A,H,A,A,01,,12,D,,,,,C,Y,N,A,1,0,0,0,21453.0,2,35.2959001,-119.01189007,4
2014,2014-02-28,454,2,4,4,5,Y,B,N,B,H,C,A,01,,10,G,Y,,,,B,N,N,A,1,1,0,0,21950.0,2,35.59429006,-119.34928996,4
2014,2014-03-08,1657,3,1,16,6,Y,A,N,A,H,A,A,07,,12,D,,,,,C,Y,N,A,1,0,0,0,21453.0,2,35.33217004,-119.05823009,4
2014,2014-03-07,1721,3,1,17,5,N,A,N,A,H,A,A,01,W,03,C,,,,,C,N,N,D,1,0,0,0,22350.0,2,35.38006,-119.02244051,4
2014,2014-03-03,1328,3,1,13,1,Y,A,N,A,H,A,-,- ,,12,D,,,,,C,Y,N,A,2,0,0,0,21453.0,2,35.37691007,-118.99288012,4
2014,2014-03-09,1742,3,1,17,7,N,A,N,A,H,A,A,01,N,01,C,,Y,,,G,Y,N,D,1,0,1,0,23153.0,3,35.29206164,-119.04780377,2
2014,2014-02-28,1500,2,4,15,5,N,B,Y,B,H,A,A,01,E,03,E,,,,,I,Y,N,D,1,0,0,0,22350.0,1,35.03459624,-118.10330677,4
2014,2014-03-11,1949,3,1,19,2,N,A,N,A,H,D,A,07,W,08,E,,,,,I,Y,N,D,1,0,0,0,22107.0,1,35.41305557,-119.11218474,3
2014,2014-03-19,1230,3,1,12,3,Y,A,N,A,H,A,A,07,,10,-,Y,,,,B,N,N,A,1,1,0,0,21954.0,2,35.33951011,-119.05414012,4
2014,2014-03-18,1204,3,1,12,2,N,A,N,A,H,A,N,60,W,11,G,Y,,,,B,N,N,D,1,1,0,0,21954.0,2,35.28925582,-119.04690585,3
2014,2014-03-23,1257,3,1,12,7,N,A,N,A,H,A,A,07,S,01,E,,,,,I,Y,N,D,1,0,0,0,23152.0,1,35.3458796,-118.99419595,3
2014,2014-03-24,659,3,1,6,1,N,A,N,A,H,A,A,01,S,03,C,,,,,C,N,N,A,1,0,0,0,22350.0,2,35.34675261,-119.11429789,4
2014,2014-03-22,1,3,1,0,6,N,A,N,A,H,D,A,01,W,01,A,,,,,E,Y,N,D,1,0,0,0,23152.0,5,35.40499993,-118.95992786,3
2014,2014-03-25,1617,3,1,16,2,N,A,N,A,H,A,D,22,W,03,C,,,,,C,Y,N,A,2,0,0,0,22350.0,3,35.35389985,-119.00900161,4
2014,2014-03-19,1534,3,1,15,3,Y,A,N,A,H,A,D,22,,12,D,,,,,C,Y,N,A,1,0,0,0,21453.0,3,35.29598009,-119.03907006,3
2014,2014-03-02,1110,3,1,11,7,N,B,Y,A,B,A,C,02,N,21,F,,,Y,,A,N,N,A,2,0,0,2,22106.0,1,35.18191201,-119.4538,3
2014,2014-03-02,1919,3,1,19,7,N,A,Y,A,H,D,A,01,N,07,D,,,,,A,Y,N,D,2,0,0,0,21658.0,2,35.70403802,-119.7187759,4
2014,2014-03-02,830,3,1,8,7,Y,B,N,A,H,A,A,07,,09,D,,,,,C,Y,N,A,2,0,0,0,21802.0,2,35.27408011,-119.00314013,4
2014,2014-03-03,1515,3,1,15,1,Y,A,N,A,H,A,N,60,,11,D,Y,,,,B,N,N,A,1,1,0,0,21950.0,2,35.4122701,-119.02113006,3
2014,2014-02-27,1540,2,4,15,4,N,A,Y,A,H,A,A,01,S,08,F,,,,,A,Y,N,D,1,0,0,0,22107.0,1,35.19816538,-119.15146596,4
2014,2014-02-22,2115,2,4,21,6,N,A,Y,A,H,D,A,01,S,08,F,,,,,A,Y,N,D,1,0,0,0,22107.0,1,35.34713981,-119.25220757,3
2014,2014-02-25,810,2,4,8,2,Y,A,N,A,H,A,A,07,,09,D,,,,,C,N,N,D,2,0,0,0,21800.0,2,35.39128005,-118.99240008,4
2014,2014-02-22,1253,2,4,12,6,Y,A,N,A,H,A,A,01,,12,D,,,,,C,N,N,A,1,0,0,0,21453.0,2,35.39043006,-118.94984001,4
2014,2014-02-28,745,2,4,7,5,N,B,Y,B,H,A,A,01,E,09,D,,Y,,,G,N,F,D,1,0,1,0,21804.0,2,,,4
2014,2014-02-25,2255,2,4,22,2,N,B,Y,A,H,D,-,- ,W,18,H,,,,,H,Y,N,D,1,0,0,0,,1,35.26374727,-118.63442148,3
2014,2014-02-28,1350,2,4,13,5,N,C,Y,B,H,A,A,01,W,08,D,,,,,C,Y,N,D,3,0,0,0,22107.0,2,35.64746815,-118.41925037,4
2014,2014-02-27,1430,2,4,14,4,N,A,N,A,H,A,A,01,W,21,C,,,,,C,N,N,D,1,0,0,0,22106.0,3,35.41247,-119.07501558,4
2014,2014-02-26,925,2,4,9,3,N,B,N,B,H,A,A,07,N,08,E,,,,,I,Y,N,D,1,0,0,0,22107.0,1,35.38388904,-118.94976155,4
2014,2014-02-20,2220,2,4,22,4,N,A,N,A,H,D,A,01,W,01,E,,,,,I,Y,N,D,1,0,0,0,23152.0,1,35.39835118,-119.29638849,2
2014,2014-02-16,235,2,4,2,7,N,A,N,A,H,D,A,01,S,01,E,,,,,I,Y,M,D,1,0,0,0,23152.0,1,35.41955084,-119.05843297,3
2014,2014-02-25,1615,2,4,16,2,Y,A,N,A,H,A,C,02,,09,D,,,Y,,C,N,N,D,1,0,0,0,21800.0,2,35.41549004,-119.02779008,4
2014,2014-02-28,2132,2,4,21,5,N,B,Y,A,H,C,A,01,S,08,F,,,,,A,Y,N,D,3,0,0,0,22107.0,1,35.39670329,-118.92969857,3