ACCIDENT_YEAR,COLLISION_DATE,COLLISION_TIME,MONTH,SEASON,24HOURS,DAY_OF_WEEK,INTERSECTION,WEATHER_1,STATE_HWY_IND,ROAD_SURFACE,ROAD_COND_1,LIGHTING,STWD_VEHTYPE_AT_FAULT,CHP_VEHTYPE_AT_FAULT,DIRECTION,PCF_VIOL_CATEGORY,TYPE_OF_COLLISION,PEDESTRIAN_ACCIDENT,BICYCLE_ACCIDENT,MOTORCYCLE_ACCIDENT,TRUCK_ACCIDENT,MVIW,TOW_AWAY,HIT_AND_RUN,CONTROL_DEVICE,NUMBER_INJURED,COUNT_PED_INJURED,COUNT_BICYCLIST_INJURED,COUNT_MC_INJURED,PCF_VIOLATION,PARTY_COUNT,POINT_Y,POINT_X,COLLISION_SEVERITY
2014,2014-08-06,2010,8,2,20,3,Y,A,N,A,H,B,A,01,,09,D,,,,,C,N,N,D,1,0,0,0,21801.0,2,35.2017901,-118.83089003,4
2014,2014-08-18,445,8,2,4,1,N,A,Y,A,H,D,A,07,N,08,F,,,,,A,Y,N,D,8,0,0,0,22107.0,1,35.4677967,-119.49222405,2
2014,2014-08-20,1808,8,2,18,3,N,A,N,A,B,A,A,01,W,03,E,,,,,J,Y,N,D,1,0,0,0,22350.0,1,35.73223971,-119.68993723,4
2014,2014-08-18,1545,8,2,15,1,N,A,N,A,H,A,A,07,E,08,F,,,,,A,Y,N,D,5,0,0,0,22107.0,1,35.29598964,-118.96768905,4
2014,2014-08-14,758,8,2,7,4,N,A,N,A,H,A,L,04,E,09,D,,Y,,,G,N,N,D,1,0,1,0,21800.0,2,35.38253609,-118.97405394,3
2014,2014-08-17,1050,8,2,10,7,N,A,Y,A,H,A,A,07,S,03,C,,,,,C,Y,N,D,1,0,0,0,22350.0,2,35.34519644,-119.03943298,4
2014,2014-08-19,515,8,2,5,2,N,A,N,A,H,D,-,- ,N,18,H,,,,,H,Y,N,D,2,0,0,0,,1,35.65918933,-119.58000055,4
2014,2014-08-17,1300,8,2,13,7,N,A,N,A,H,A,-,- ,W,00,D,,,Y,,C,Y,N,D,1,0,0,1,,2,35.35032097,-118.98580863,4
2014,2014-08-18,540,8,2,5,1,N,A,Y,A,H,B,A,01,N,01,E,,,,,I,Y,N,D,1,0,0,0,23152.0,1,35.67013397,-119.69311654,4
2014,2014-08-18,2130,8,2,21,1,N,A,Y,A,H,D,-,- ,W,18,H,,,,,H,Y,N,D,1,0,0,0,,1,35.17521698,-118.48016673,4
2014,2014-08-11,1621,8,2,16,1,N,A,N,A,H,A,A,01,N,01,F,,,,,A,Y,N,D,1,0,0,0,23152.0,1,34.83841469,-118.29072,4
2014,2014-08-07,2030,8,2,20,4,Y,A,N,A,H,C,A,01,,12,D,,,,,C,Y,N,A,4,0,0,0,21453.0,2,35.13177001,-118.46729011,4
2014,2014-08-10,1428,8,2,14,7,Y,A,N,A,H,A,A,01,,09,D,,,Y,,D,Y,N,D,1,0,0,1,21801.0,5,35.1317801,-118.45985007,2
2014,2014-07-25,718,7,2,7,5,N,A,N,A,H,A,N,60,N,11,G,Y,,,,B,N,F,D,1,1,0,0,21954.0,2,35.38354707,-118.95879699,2
2014,2014-07-25,636,7,2,6,5,Y,A,Y,A,H,A,D,22,,09,D,,Y,,,G,N,N,A,1,0,1,0,21801.0,2,35.37612759,-119.00291276,4
2014,2014-08-18,1714,8,2,17,1,N,A,N,A,H,A,D,22,E,03,C,,,,,C,Y,N,D,1,0,0,0,22350.0,2,35.36589998,-119.05339944,4
2014,2014-08-18,1522,8,2,15,1,N,A,N,A,H,A,D,22,N,03,C,,,,,C,Y,N,A,1,0,0,0,22350.0,3,35.29712094,-119.10984895,4
2014,2014-08-17,2005,8,2,20,7,Y,A,N,A,H,C,D,22,,09,D,,,,,C,Y,N,A,2,0,0,0,21801.0,2,35.31769003,-118.98543013,3
2014,2014-08-14,2325,8,2,23,4,N,A,Y,A,H,D,A,01,N,03,C,,,,,C,Y,N,D,1,0,0,0,22350.0,2,34.84885766,-118.87000507,4
2014,2014-08-10,2339,8,2,23,7,N,A,N,A,H,C,A,01,W,08,F,,,Y,,A,Y,N,D,1,0,0,1,22100.0,2,34.81793734,-118.88752341,2
2014,2014-08-15,145,8,2,1,5,N,A,Y,A,H,D,-,,S,03,B,,,,,E,Y,F,D,1,0,0,0,22350.0,2,35.43838877,-119.45172267,2
2014,2014-08-02,346,8,2,3,6,N,A,Y,A,H,C,-,99,N,05,A,Y,,,,B,N,F,D,1,1,0,0,21651.0,2,35.36507448,-119.00296135,2
2014,2014-08-11,1730,8,2,17,1,N,A,N,A,H,A,L,04,E,05,H,,Y,,,G,N,N,D,1,0,1,0,21650.0,2,35.3348267,-119.07377352,4
2014,2014-08-16,1601,8,2,16,6,N,A,N,A,H,A,L,04,W,08,H,,Y,,,A,N,N,D,1,0,1,0,22107.0,1,35.38116,-119.03857,4
2014,2014-08-11,1832,8,2,18,1,Y,A,N,A,H,A,A,01,,12,A,,,,,C,Y,N,A,1,0,0,0,21453.0,2,35.31834003,-119.09229012,4
2014,2014-08-14,942,8,2,9,4,Y,A,N,A,H,A,A,01,,09,D,,,,,C,Y,N,A,1,0,0,0,21801.0,2,35.39764005,-118.96557006,3
2014,2014-08-13,2345,8,2,23,3,N,A,N,A,F,C,A,01,N,08,E,,,,,I,Y,N,D,1,0,0,0,22107.0,1,35.38070634,-119.09228811,3
2014,2014-08-18,1520,8,2,15,1,Y,A,Y,A,H,A,A,01,,09,D,,,,,C,N,N,A,1,0,0,0,21802.0,2,35.51434233,-119.28809718,4
2014,2014-08-17,1517,8,2,15,7,N,A,N,A,H,A,D,22,E,08,E,,,,,I,Y,N,D,1,0,0,0,22107.0,1,,,3
2014,2014-08-09,1819,8,2,18,6,N,A,Y,A,H,A,A,07,W,08,F,,,,,A,Y,N,D,2,0,0,0,22107.0,1,35.26718191,-119.15472089,3
2014,2014-08-13,1645,8,2,16,3,N,A,Y,A,H,A,A,07,S,03,C,,,,,C,Y,N,D,1,0,0,0,22350.0,2,35.32302571,-119.03778424,4
2014,2014-08-13,1735,8,2,17,3,N,A,Y,A,H,A,A,07,N,03,C,,,,,C,Y,N,D,1,0,0,0,22350.0,2,35.32625729,-119.03861683,4
2014,2014-08-11,1115,8,2,11,1,N,A,Y,A,H,A,C,02,E,03,E,,,Y,,I,Y,N,D,1,0,0,1,22350.0,1,35.21291437,-118.73786515,2
2014,2014-08-07,1620,8,2,16,4,N,A,N,A,H,A,A,01,S,08,E,,,,,I,Y,N,D,2,0,0,0,22107.0,1,35.6271,-118.83159218,3
2014,2014-08-02,1310,8,2,13,6,N,A,N,A,H,A,A,01,E,08,F,,,,,A,Y,N,D,1,0,0,0,22107.0,1,35.58888964,-118.47876542,3
2014,2014-08-08,847,8,2,8,5,Y,A,N,A,H,A,A,01,,09,D,,,,,C,Y,N,D,2,0,0,0,21801.0,2,35.33487008,-119.07239003,4
2014,2014-07-07,955,7,2,9,1,Y,A,N,A,H,A,A,01,,12,D,,,,,C,Y,N,A,2,0,0,0,21453.0,3,35.3540001,-119.02130005,4
2014,2014-08-02,1904,8,2,19,6,N,A,N,-,H,A,A,07,W,08,E,,,,,I,N,N,D,1,0,0,0,22107.0,1,35.35445,-119.09664584,4
2014,2014-08-04,1523,8,2,15,1,Y,A,N,A,H,A,A,01,,09,D,,,,,C,Y,N,A,1,0,0,0,21801.0,2,35.3743201,-119.01642013,4
2014,2014-08-02,457,8,2,4,6,Y,A,N,A,H,C,A,01,,12,D,,,,,C,Y,N,A,2,0,0,0,22450.0,2,35.33218,-119.01753001,4
2014,2014-08-09,1130,8,2,11,6,Y,A,N,A,H,A,A,07,,09,D,,,,,C,N,N,A,2,0,0,0,21802.0,4,35.38100002,-119.01754995,3
2014,2014-08-12,2202,8,2,22,2,Y,A,N,A,H,C,A,01,,01,D,,,,,C,Y,N,A,1,0,0,0,23152.0,3,35.28134009,-119.0212501,2
2014,2014-08-09,1422,8,2,14,6,Y,A,N,A,H,A,A,01,,08,B,,,,,C,Y,N,D,1,0,0,0,22100.0,2,35.38132,-118.99297004,3
2014,2014-08-20,2010,8,2,20,3,N,A,N,A,H,D,-,- ,E,18,E,,,,,I,Y,N,D,1,0,0,0,,1,35.39798,-119.18980621,4
2014,2014-08-08,400,8,2,4,5,N,A,Y,A,H,D,G,25,W,03,C,,,,Y,C,Y,N,D,1,0,0,0,22350.0,2,35.09915239,-118.2944784,4
2014,2014-08-22,655,8,2,6,5,N,A,N,A,H,A,D,22,E,03,C,,,,,D,Y,N,D,2,0,0,0,22350.0,2,35.13894203,-118.50034331,3
2014,2014-08-21,1456,8,2,14,4,N,A,N,A,H,A,D,22,E,- ,C,,,,,C,Y,N,D,2,0,0,0,,2,35.28134,-119.02111949,4
2014,2014-08-18,1105,8,2,11,1,N,A,Y,A,H,A,A,01,S,21,C,,,,,C,Y,N,D,2,0,0,0,22106.0,2,34.9794016,-118.15887146,4
2014,2014-08-21,1125,8,2,11,4,N,A,Y,A,H,A,A,07,W,08,E,,,,,I,Y,N,D,1,0,0,0,22107.0,1,35.59515742,-118.51781282,3
2014,2014-08-19,640,8,2,6,2,N,A,Y,A,H,B,A,01,S,08,F,,,,,A,Y,N,D,1,0,0,0,22107.0,1,35.66105834,-119.33079094,4
2014,2014-08-19,1310,8,2,13,2,N,A,Y,A,B,A,A,01,S,08,E,,,,,I,Y,N,D,1,0,0,0,22107.0,1,35.66481024,-119.22419781,3
2014,2014-08-23,924,8,2,9,6,N,A,Y,A,H,A,A,01,N,01,C,,,,,C,Y,N,D,2,0,0,0,23152.0,2,35.35725249,-119.33953419,3
2014,2014-08-26,845,8,2,8,2,N,A,Y,A,H,A,A,08,N,08,F,,,,,A,Y,N,D,2,0,0,0,22107.0,1,35.6316843,-119.66496213,3
2014,2014-08-19,2315,8,2,23,2,N,A,Y,A,H,D,A,01,N,05,A,,,,,C,Y,N,D,3,0,0,0,21460.0,2,35.06650488,-119.40200259,2
2014,2014-06-11,1558,6,2,15,3,N,A,N,A,H,A,A,01,S,03,D,,,,,C,Y,N,D,2,0,0,0,22350.0,2,35.52724288,-118.96929224,1
2014,2014-06-10,455,6,2,4,2,N,A,Y,A,H,B,A,01,E,03,C,,,,,C,Y,N,D,1,0,0,0,22350.0,2,35.65172639,-117.70253253,1
2014,2014-07-29,642,7,2,6,2,N,A,N,A,H,A,D,22,E,08,G,Y,,,,B,Y,N,D,0,0,0,0,22107.0,2,35.33079831,-119.06455266,1
2014,2014-07-19,910,7,2,9,6,N,A,N,A,H,A,A,01,N,03,E,,,,,I,Y,N,A,0,0,0,0,22350.0,1,35.76249277,-119.2232,1
2014,2014-06-08,845,6,2,8,7,N,A,Y,A,H,A,A,01,N,01,E,,,,,I,Y,N,D,1,0,0,0,23152.0,1,35.20951682,-119.01029426,1
2014,2014-06-20,1744,6,2,17,5,N,A,N,A,G,A,A,01,N,21,G,Y,,,,B,Y,N,D,0,0,0,0,22106.0,2,,,1
2014,2014-02-27,2205,2,4,22,4,Y,B,N,A,H,C,A,01,,09,D,,,Y,,C,Y,N,D,0,0,0,0,21801.0,2,35.33946002,-119.04778011,1
2014,2014-07-30,1156,7,2,11,3,N,A,N,A,H,A,A,01,N,03,C,,,,,C,Y,N,A,1,0,0,0,22350.0,2,35.35301116,-119.01894,4
2014,2014-09-01,1830,9,3,18,1,Y,A,Y,A,H,A,F,55,,09,D,,,,Y,C,Y,N,A,4,0,0,0,21802.0,2,,,2
2014,2014-08-09,1747,8,2,17,6,N,A,N,A,H,A,A,01,W,01,E,,,,,I,Y,N,A,1,0,0,0,23152.0,1,35.28138899,-119.04789385,4
2014,2014-08-20,1414,8,2,14,3,N,-,N,-,-,-,-,- ,S,05,-,,Y,,,-,N,N,-,1,0,1,0,21202.0,3,35.32350746,-119.03899267,3
2014,2014-08-10,1946,8,2,19,7,N,A,N,A,H,A,A,07,E,17,H,Y,,,,B,Y,N,D,1,1,0,0,21712.0,2,35.28200574,-119.03411445,2
2014,2014-08-12,2120,8,2,21,2,N,A,N,A,H,C,A,01,E,01,C,,,,,C,N,M,A,1,0,0,0,23152.0,2,35.35424943,-119.04772947,4
2014,2014-08-16,2340,8,2,23,6,N,A,N,A,H,A,-,,S,10,G,Y,,,,B,N,F,A,1,1,0,0,21950.0,2,35.35031092,-119.02130734,3
2014,2014-08-21,737,8,2,7,4,N,A,N,A,H,A,A,01,W,03,C,,,,,C,N,N,A,1,0,0,0,22350.0,2,35.32529,-119.12373063,4
2014,2014-08-21,1352,8,2,13,4,N,A,N,A,D,A,A,01,N,03,C,,,,,C,Y,N,D,3,0,0,0,22350.0,3,35.36677305,-119.01887029,4
2014,2014-08-24,157,8,2,1,7,Y,A,N,A,H,C,A,01,,01,B,,,,,C,Y,N,A,1,0,0,0,23152.0,2,35.37354003,-119.03867009,4
2014,2014-08-17,1835,8,2,18,7,N,A,N,A,H,A,A,01,S,01,E,,,,,J,Y,M,D,1,0,0,0,23152.0,1,35.29589,-119.00301,3
2014,2014-08-18,1500,8,2,15,1,Y,A,Y,A,D,A,A,01,,12,D,,,,,C,Y,N,A,2,0,0,0,21453.0,2,35.26701881,-118.91440334,3
2014,2014-08-24,2034,8,2,20,7,N,A,N,A,H,C,D,22,N,01,G,Y,,,,B,Y,F,D,2,2,0,0,23152.0,3,35.36399219,-118.98523,4
2014,2014-08-27,1803,8,2,18,3,N,A,N,A,H,A,A,01,W,01,C,,,,,C,Y,N,D,1,0,0,0,23152.0,4,35.29593128,-119.04843258,4
2014,2014-08-12,211,8,2,2,2,Y,A,N,A,H,C,-,- ,,00,D,,,,,C,Y,N,A,2,0,0,0,,2,35.38004925,-119.02114391,3
2014,2014-08-22,817,8,2,8,5,N,A,N,A,H,A,C,02,E,03,D,,,Y,Y,C,Y,N,D,1,0,0,1,22350.0,2,35.31309702,-119.07099527,4
2014,2014-08-22,1009,8,2,10,5,Y,A,N,A,H,A,A,01,,12,D,,,,,C,Y,N,A,1,0,0,0,21453.0,3,35.33217004,-119.05823009,3
2014,2014-08-23,1026,8,2,10,6,Y,A,N,A,H,A,D,22,,09,D,,,Y,,C,Y,N,A,1,0,0,1,21802.0,2,35.35034007,-119.01185,4
2014,2014-08-21,756,8,2,7,4,Y,A,N,A,H,A,A,01,,08,D,,,,,C,Y,N,D,1,0,0,0,22100.0,2,35.77192004,-119.26528992,4
2014,2014-08-15,654,8,2,6,5,N,A,N,A,H,A,A,01,N,08,D,,,,,C,Y,N,A,2,0,0,0,22107.0,2,35.79048087,-119.22341108,4
2014,2014-08-17,2113,8,2,21,7,N,A,N,A,H,C,-,- ,S,18,B,,Y,,,G,N,N,A,1,0,1,0,,2,35.77296682,-119.24657983,4
2014,2014-07-22,1600,7,2,16,2,N,A,Y,A,H,A,A,07,S,08,F,,,,,A,Y,N,D,1,0,0,0,22107.0,1,35.79008014,-119.05342377,3
2014,2014-08-30,1715,8,2,17,6,N,A,Y,A,H,A,A,01,N,03,C,,,,Y,C,Y,N,D,1,0,0,0,22350.0,2,35.53237224,-119.57034124,3
2014,2014-08-27,2303,8,2,23,3,N,A,N,A,H,D,A,01,N,01,A,,,,,E,Y,N,D,1,0,0,0,23153.0,2,35.36373152,-118.98139919,4
2014,2014-08-23,2058,8,2,20,6,N,A,N,A,H,C,A,01,N,09,D,,,,,C,Y,N,D,2,0,0,0,21804.0,2,35.31972267,-119.03900027,4
2014,2014-08-20,714,8,2,7,3,N,A,N,A,H,A,A,01,N,03,C,,,,,C,Y,N,A,2,0,0,0,22350.0,2,35.30826153,-119.11002097,4
2014,2014-08-19,1825,8,2,18,2,N,A,N,A,H,A,A,07,E,03,C,,,,,C,Y,N,D,2,0,0,0,22350.0,2,35.39764,-118.96536894,4
2014,2014-08-16,1344,8,2,13,6,N,A,N,A,H,A,A,01,W,08,A,,,,,C,Y,N,D,4,0,0,0,22107.0,2,35.29601787,-118.95700206,2
2014,2014-08-18,1125,8,2,11,1,N,A,Y,A,H,A,A,01,E,03,C,,,,,C,N,N,A,1,0,0,0,22350.0,2,35.38225941,-119.04123105,4
2014,2014-08-27,736,8,2,7,3,Y,A,N,A,H,A,A,07,,12,D,,,,,C,Y,N,A,2,0,0,0,21453.0,3,35.35439,-119.14554,3
2014,2014-08-28,1903,8,2,19,4,N,A,N,A,H,A,A,01,W,08,G,Y,,,,B,N,N,D,1,1,0,0,22107.0,2,35.15142162,-119.45270052,2
2014,2014-09-01,1710,9,3,17,1,Y,A,N,A,H,A,A,01,,03,C,,,,,C,Y,N,A,1,0,0,0,22350.0,3,35.44207166,-119.36814308,3
2014,2014-09-04,650,9,3,6,4,N,A,N,A,H,A,A,07,N,08,F,,,,,A,Y,N,D,1,0,0,0,22107.0,1,35.03396357,-118.92445114,3
2014,2014-08-19,630,8,2,6,2,Y,A,Y,A,H,A,A,01,,01,A,,,,,C,Y,N,A,1,0,0,0,23152.0,2,35.1449109,-119.46515348,2
2014,2014-07-30,1425,7,2,14,3,Y,-,Y,-,-,-,F,25,,09,-,,,,Y,-,Y,N,-,1,0,0,0,21801.0,2,35.14078555,-119.45206956,4
2014,2014-08-10,800,8,2,8,7,Y,A,N,A,H,A,A,01,,08,H,,,,,A,N,N,D,1,0,0,0,22107.0,1,35.1369501,-119.41277991,3
2014,2014-08-24,525,8,2,5,7,N,A,N,A,H,D,A,01,S,08,E,,,,,I,Y,N,D,1,0,0,0,22107.0,1,35.42601057,-119.01256115,4
2014,2014-08-18,830,8,2,8,1,N,A,N,A,H,A,A,01,W,08,D,,Y,,,C,Y,N,D,1,0,1,0,22107.0,2,35.38967697,-118.97995893,3
2014,2014-08-27,1850,8,2,18,3,N,A,N,A,H,A,A,07,S,08,F,,,Y,,A,N,N,A,1,0,0,1,22107.0,2,35.38184977,-119.07436967,3
2014,2014-08-18,955,8,2,9,1,Y,A,N,A,H,A,A,01,,09,D,,,,,C,Y,N,A,2,0,0,0,21802.0,2,35.39337009,-118.98759005,4
2014,2014-08-21,34,8,2,0,4,N,-,N,A,H,C,A,01,N,03,E,Y,,,,J,N,N,D,1,1,0,0,22350.0,2,35.38835719,-118.9498,3
2014,2014-08-24,2020,8,2,20,7,N,A,Y,A,H,D,-,99,E,03,C,,,Y,,C,Y,F,D,1,0,0,1,22350.0,2,35.60143539,-119.43222239,2
2014,2014-08-30,2303,8,2,23,6,Y,A,N,A,H,C,D,22,,12,D,,,,,C,Y,N,A,2,0,0,0,21453.0,3,35.31779007,-119.03909008,3
2014,2014-08-25,1842,8,2,18,1,Y,A,Y,A,H,A,A,01,,12,D,,,,,C,Y,N,A,1,0,0,0,21453.0,2,35.3198754,-119.03695905,3
2014,2014-08-24,2139,8,2,21,7,N,A,Y,A,H,C,D,22,N,01,C,,,,,C,Y,N,A,2,0,0,0,23152.0,2,35.37627186,-119.00291205,4
2014,2014-08-23,1256,8,2,12,6,Y,A,N,A,H,A,D,22,,12,D,,,,,C,Y,N,A,1,0,0,0,21453.0,2,35.38097011,-118.96754007,4
2014,2014-08-26,1040,8,2,10,2,Y,A,N,A,H,A,D,22,,10,G,Y,,,,B,N,N,A,1,1,0,0,21950.0,2,35.33641007,-119.06599012,3
2014,2014-08-27,727,8,2,7,3,Y,A,N,A,H,A,D,22,,12,D,,,,,C,N,N,A,1,0,0,0,22450.0,2,35.38678001,-119.10103011,4
2014,2014-09-11,1519,9,3,15,4,Y,A,N,A,H,A,A,01,,- ,C,,,,,C,Y,N,D,2,0,0,0,,2,35.12599005,-117.98819013,4
2014,2014-08-28,1513,8,2,15,4,N,A,N,A,H,A,A,07,,- ,A,,,,,C,Y,N,D,2,0,0,0,,2,35.12544655,-118.11485231,3
2014,2014-08-23,1618,8,2,16,6,Y,A,N,A,H,A,A,01,,09,D,,,,,C,Y,N,D,1,0,0,0,21800.0,2,35.36266008,-119.0095101,4
2014,2014-08-31,2225,8,2,22,7,Y,A,N,A,H,D,A,01,,07,B,,,,,C,N,F,D,1,0,0,0,21658.0,2,35.78314005,-119.25864988,4
2014,2014-08-22,1809,8,2,18,5,N,A,N,A,H,A,A,01,,03,C,,,,,C,N,N,A,1,0,0,0,22350.0,2,35.74689322,-119.24669176,4
2014,2014-08-17,2005,8,2,20,7,N,A,N,A,H,B,A,01,S,10,G,Y,,,,B,N,N,D,1,1,0,0,21950.0,2,35.75641628,-119.24077,4
2014,2014-08-17,1010,8,2,10,7,N,A,Y,A,H,A,C,02,W,03,F,,,Y,,A,N,N,D,1,0,0,1,22350.0,1,35.73842933,-118.62643149,4
2014,2014-08-27,2010,8,2,20,3,N,A,N,A,H,D,N,60,W,11,G,Y,,,,B,N,N,D,1,1,0,0,21954.0,2,35.29609198,-118.91629279,4
2014,2014-08-22,535,8,2,5,5,N,A,N,A,H,B,N,60,E,11,G,Y,,,,B,Y,N,D,2,1,0,0,21954.0,2,35.52873712,-119.43389151,2
2014,2014-08-27,545,8,2,5,3,N,A,N,A,H,B,N,60,W,11,G,Y,,,,B,N,N,D,1,1,0,0,21954.0,2,35.71794209,-119.22667341,2
2014,2014-08-16,1418,8,2,14,6,N,A,N,A,D,A,A,08,W,03,C,,,,,C,Y,N,D,1,0,0,0,22350.0,2,35.29589,-119.00381937,4
2014,2014-08-16,2246,8,2,22,6,Y,A,N,A,H,C,-,- ,,12,A,,,,,D,Y,N,A,3,0,0,0,21453.0,2,35.33482008,-119.07447001,4
2014,2014-08-19,1155,8,2,11,2,Y,A,N,A,H,A,A,07,,12,D,,,,,C,Y,N,A,2,0,0,0,21453.0,2,35.34882008,-119.11446009,3
2014,2014-08-23,2210,8,2,22,6,N,A,N,A,H,D,A,01,N,01,F,,,,,A,Y,N,D,1,0,0,0,23152.0,1,35.01817888,-117.91703127,3
2014,2014-08-11,1615,8,2,16,1,Y,A,N,A,H,A,A,01,,12,D,Y,,,,B,N,F,A,1,1,0,0,22450.0,2,35.42351,-119.13664,3
2014,2014-08-22,1733,8,2,17,5,Y,A,N,A,H,A,A,01,,01,D,,,,,C,N,N,A,1,0,0,0,23152.0,2,35.34562006,-119.07395008,4
2014,2014-09-01,1625,9,3,16,1,N,A,N,A,H,A,L,04,N,08,D,,Y,,,G,N,N,B,1,0,1,0,22107.0,2,35.34208347,-119.0433884,4
2014,2014-09-02,40,9,3,0,2,N,A,Y,A,H,D,A,01,S,03,C,,,,,C,Y,N,D,5,0,0,0,22350.0,2,35.15894263,-118.99975927,4
2014,2014-09-01,1452,9,3,14,1,N,A,N,A,H,A,A,01,E,09,D,,,,,C,N,N,D,1,0,0,0,21801.0,2,35.41784234,-119.05087532,4
2014,2014-09-03,1325,9,3,13,3,N,A,N,A,H,A,A,08,W,09,D,,,,,C,Y,N,D,3,0,0,0,21804.0,2,35.39041696,-118.95126728,4
2014,2014-08-10,1130,8,2,11,7,N,A,N,A,H,A,A,08,W,03,C,,,,,C,N,M,A,1,0,0,0,22350.0,2,35.74688,-119.24372,4
2013,2013-11-27,30,11,3,0,3,N,A,Y,A,H,D,-,- ,N,18,H,,,,,A,N,F,D,1,0,0,0,,1,35.4597463,-119.111397,2
2014,2014-09-02,1223,9,3,12,2,N,A,N,A,H,A,C,02,N,05,D,,,Y,,C,Y,N,D,1,0,0,1,21460.0,2,34.87253697,-118.22923,3
2014,2014-09-04,1025,9,3,10,4,N,A,Y,A,H,A,D,23,N,09,D,,,,Y,C,Y,N,A,1,0,0,0,21802.0,2,35.60164538,-117.90295862,4
2014,2014-09-02,1048,9,3,10,2,N,A,N,A,H,A,D,22,S,21,C,,,,,E,N,N,D,1,0,0,0,22106.0,2,35.12521328,-118.48613083,4
2014,2014-09-05,10,9,3,0,5,N,A,Y,A,H,D,D,23,S,01,F,,,,,A,Y,N,D,1,0,0,0,23152.0,1,35.11589136,-118.53139364,4
2014,2014-08-28,103,8,2,1,4,N,A,Y,A,H,C,D,22,N,01,E,,,,,I,Y,N,D,1,0,0,0,23152.0,1,35.39017275,-119.04469457,3
2014,2014-08-27,1740,8,2,17,3,N,A,Y,A,H,B,D,22,E,03,C,,,,,C,Y,N,D,1,0,0,0,22350.0,2,35.38006531,-119.01498942,4
2014,2014-09-02,545,9,3,5,2,Y,A,N,A,H,D,M,58,,09,B,,,,,C,Y,N,A,6,0,0,0,21802.0,2,35.15089004,-118.85083009,4
2014,2014-08-31,1920,8,2,19,7,N,A,N,A,H,A,D,22,S,08,E,,,,,I,Y,N,A,1,0,0,0,22107.0,1,35.33979318,-118.89641989,3
2014,2014-08-29,1325,8,2,13,5,Y,A,N,A,H,A,A,01,,12,D,,,,,C,Y,N,A,1,0,0,0,21453.0,2,35.37227002,-118.94982005,4
2014,2014-09-09,905,9,3,9,2,N,A,Y,A,H,A,A,01,W,03,C,,,,,C,Y,N,D,1,0,0,0,22350.0,2,35.35256503,-118.98647083,4
2014,2014-08-22,1543,8,2,15,5,N,A,Y,A,H,A,D,22,S,03,C,,,,,C,Y,N,D,5,0,0,0,22350.0,3,35.52494821,-119.18780462,4
2014,2014-08-29,2213,8,2,22,5,N,A,N,A,H,C,A,07,W,01,C,,,,,C,Y,N,D,1,0,0,0,23152.0,2,35.42611241,-119.02841637,3
2014,2014-08-17,100,8,2,1,7,N,A,N,A,H,D,A,01,S,01,F,,,,,A,Y,N,D,1,0,0,0,23152.0,1,35.58792514,-118.500906,4
2014,2014-08-24,1140,8,2,11,7,N,A,N,A,H,A,A,01,E,08,A,,,,,E,Y,N,D,1,0,0,0,22107.0,2,35.38492652,-118.98414605,3
2014,2014-08-27,1925,8,2,19,3,Y,A,N,A,H,A,A,07,,12,D,,,,,C,Y,N,A,2,0,0,0,22450.0,2,35.40156605,-118.98522198,4
2014,2014-08-31,1200,8,2,12,7,Y,A,N,A,H,A,A,01,,09,D,,,,,C,Y,N,A,1,0,0,0,21802.0,2,35.36146011,-118.94090005,4
2014,2014-08-28,745,8,2,7,4,N,A,Y,A,H,A,A,01,E,03,C,,,,,C,Y,N,D,2,0,0,0,22350.0,2,35.0310749,-118.09602264,4
2014,2014-08-30,2141,8,2,21,6,N,A,Y,A,H,C,A,07,E,03,E,,,,,J,Y,N,D,1,0,0,0,22350.0,1,35.65011028,-118.00139156,4
2014,2014-08-27,1325,8,2,13,3,N,A,N,A,H,A,A,01,S,01,E,,,,,I,Y,N,D,1,0,0,0,23152.0,1,35.15941508,-118.32394357,3
2014,2014-09-05,1712,9,3,17,5,N,A,Y,A,H,A,A,01,N,08,F,,,,,A,Y,N,D,1,0,0,0,22107.0,1,35.63121461,-119.66416657,3
2014,2014-09-04,450,9,3,4,4,N,A,N,A,H,D,C,02,S,08,F,,,Y,,A,Y,N,D,1,0,0,1,22107.0,1,35.08817861,-118.39603315,3
2014,2014-09-03,1645,9,3,16,3,N,A,N,A,H,A,A,07,S,04,C,,,,,C,Y,N,D,2,0,0,0,21703.0,2,34.84713516,-118.16702,4
2014,2014-09-15,600,9,3,6,1,N,A,Y,A,H,D,A,01,N,03,C,,,,,C,Y,F,D,1,0,0,0,22350.0,3,35.41345061,-119.05598866,4
2014,2014-09-07,1705,9,3,17,7,Y,A,Y,A,H,A,A,01,,01,D,,,,Y,C,Y,N,A,1,0,0,0,23152.0,2,35.20871326,-118.91443188,4
2014,2014-09-15,1505,9,3,15,1,N,A,Y,A,H,A,-,- ,S,18,F,,,,,A,Y,N,D,1,0,0,0,,1,35.6394482,-119.33105401,3
2014,2014-09-13,925,9,3,9,6,Y,A,N,A,H,A,A,01,,03,D,,,,Y,E,Y,N,D,1,0,0,0,22350.0,2,35.26259005,-118.92170993,4
2014,2014-09-11,1555,9,3,15,4,N,A,N,A,H,A,M,96,E,10,G,Y,,,,B,N,N,A,1,1,0,0,21950.0,2,35.41636,-119.03911654,4
2014,2014-09-11,1235,9,3,12,4,N,A,Y,A,H,A,-,- ,W,00,B,,,,Y,C,Y,N,D,1,0,0,0,,2,35.15998531,-118.47398203,4
2014,2014-09-05,2305,9,3,23,5,N,A,Y,A,H,D,A,01,W,03,C,,,,Y,C,Y,N,D,1,0,0,0,22350.0,2,35.05873537,-118.11273304,3
2014,2014-08-27,926,8,2,9,3,Y,A,N,A,H,A,D,22,,09,D,,,,,C,Y,N,A,1,0,0,0,21802.0,2,35.37316007,-118.98079001,3
2014,2014-09-01,1237,9,3,12,1,Y,A,N,A,H,A,D,22,,12,D,,,,,C,Y,N,A,3,0,0,0,21453.0,2,35.34669002,-119.01185013,4