ACCIDENT_YEAR,COLLISION_DATE,COLLISION_TIME,MONTH,SEASON,24HOURS,DAY_OF_WEEK,INTERSECTION,WEATHER_1,STATE_HWY_IND,ROAD_SURFACE,ROAD_COND_1,LIGHTING,STWD_VEHTYPE_AT_FAULT,CHP_VEHTYPE_AT_FAULT,DIRECTION,PCF_VIOL_CATEGORY,TYPE_OF_COLLISION,PEDESTRIAN_ACCIDENT,BICYCLE_ACCIDENT,MOTORCYCLE_ACCIDENT,TRUCK_ACCIDENT,MVIW,TOW_AWAY,HIT_AND_RUN,CONTROL_DEVICE,NUMBER_INJURED,COUNT_PED_INJURED,COUNT_BICYCLIST_INJURED,COUNT_MC_INJURED,PCF_VIOLATION,PARTY_COUNT,POINT_Y,POINT_X,COLLISION_SEVERITY
2014,2014-11-19,2232,11,3,22,3,N,A,N,A,H,D,C,02,S,01,H,,,Y,,A,Y,N,D,1,0,0,1,23152.0,1,35.41218194,-118.914148,4
2014,2014-11-19,805,11,3,8,3,Y,B,N,A,H,A,-,- ,,00,E,,,,,I,Y,N,D,1,0,0,0,,1,35.14775007,-118.61429001,4
2014,2014-11-05,1807,11,3,18,3,Y,A,Y,A,H,C,A,01,,10,G,Y,,,,B,N,N,A,1,1,0,0,21950.0,2,,,4
2014,2014-11-29,1650,11,3,16,6,N,A,Y,A,H,A,D,22,S,08,C,,,,,C,Y,N,D,2,0,0,0,22107.0,3,34.91266911,-118.92320055,3
2014,2014-11-30,1515,11,3,15,7,N,A,Y,A,H,A,A,01,N,03,C,,,,,C,N,N,D,2,0,0,0,22350.0,5,34.99703402,-118.94853142,4
2014,2014-11-19,1310,11,3,13,3,N,A,Y,A,H,A,G,25,N,03,E,,,,Y,I,Y,N,D,1,0,0,0,22350.0,1,34.94211649,-118.93115269,3
2014,2014-11-29,1330,11,3,13,6,N,A,Y,A,H,A,A,01,N,03,C,,,,,C,Y,N,D,1,0,0,0,22350.0,2,,,4
2014,2014-11-25,1830,11,3,18,2,N,A,Y,A,H,D,A,07,N,08,F,,,,,A,Y,N,D,3,0,0,0,22107.0,1,35.03274798,-118.95986104,3
2014,2014-12-01,1700,12,4,17,1,N,B,Y,A,H,D,D,22,N,08,F,,,,,A,Y,N,A,2,0,0,0,22107.0,1,35.58379955,-119.62460453,3
2014,2014-11-23,833,11,3,8,7,N,A,Y,A,H,A,D,22,S,08,F,,,,,A,Y,N,D,1,0,0,0,22107.0,1,35.72749738,-119.73626803,3
2014,2014-11-26,1510,11,3,15,3,N,A,N,A,H,A,A,01,S,08,E,,,,,I,Y,N,D,1,0,0,0,22107.0,1,35.07094299,-119.13020291,4
2014,2014-11-30,2156,11,3,21,7,N,A,Y,A,H,D,A,01,N,03,C,,,,,C,Y,N,D,2,0,0,0,22350.0,2,35.40080034,-119.40024061,4
2014,2014-11-28,1808,11,3,18,5,Y,A,N,A,H,C,-,- ,,12,D,,,,,C,Y,N,A,2,0,0,0,21453.0,2,35.37358006,-118.99405013,4
2014,2014-11-28,1528,11,3,15,5,N,A,N,A,H,A,A,07,W,09,C,,,Y,,C,N,N,D,1,0,0,1,21804.0,3,35.29584761,-119.05701968,3
2014,2014-11-25,749,11,3,7,2,N,A,N,A,H,A,A,01,W,07,D,,,,,C,Y,N,D,5,0,0,0,21658.0,3,35.38205642,-118.99120237,3
2014,2014-11-17,936,11,3,9,1,Y,A,N,A,H,A,A,01,,17,D,,,,,C,N,N,A,1,0,0,0,21657.0,2,35.38201004,-118.9910201,4
2014,2014-11-24,1615,11,3,16,1,N,A,N,A,H,A,D,22,W,08,D,,,,,C,Y,N,D,1,0,0,0,22107.0,2,35.31316,-119.09032391,4
2014,2014-11-25,2050,11,3,20,2,N,A,N,A,H,D,D,22,W,03,H,,,,,A,N,N,A,2,0,0,0,22350.0,1,35.68914,-119.17759455,2
2014,2014-12-02,1045,12,4,10,2,Y,B,N,B,H,A,A,07,,12,D,,,,,C,Y,N,A,1,0,0,0,21453.0,2,35.40864003,-119.02108005,4
2014,2014-12-02,610,12,4,6,2,Y,B,N,B,H,C,D,22,,12,D,,,,,C,Y,N,A,2,0,0,0,21453.0,2,35.41227007,-119.03892014,4
2014,2014-12-02,835,12,4,8,2,N,C,Y,B,H,A,A,08,S,03,D,,,,Y,C,Y,N,D,1,0,0,0,22350.0,2,35.36777208,-119.04152327,4
2014,2014-11-29,1742,11,3,17,6,Y,A,N,A,H,A,A,01,,01,D,,,,,C,Y,F,A,2,0,0,0,23152.0,2,35.36496008,-118.96760013,3
2014,2014-11-28,1910,11,3,19,5,N,A,Y,A,H,D,A,01,E,03,A,,,,,C,Y,N,D,2,0,0,0,22350.0,3,35.46561646,-118.75623458,3
2014,2014-11-22,317,11,3,3,6,N,A,Y,A,H,C,A,01,E,03,D,,,,,C,Y,N,D,2,0,0,0,22350.0,2,35.35228669,-118.97646944,3
2014,2014-11-25,2050,11,3,20,2,Y,A,N,A,H,C,A,01,,12,A,,,,,C,Y,N,A,1,0,0,0,21453.0,2,35.37624001,-118.93204008,4
2014,2014-12-01,1715,12,4,17,1,N,A,N,A,H,C,D,22,S,03,C,,,,,C,N,N,D,1,0,0,0,22350.0,3,35.37558686,-118.96758,4
2014,2014-11-28,1700,11,3,17,5,N,A,Y,A,H,C,A,08,N,03,C,,,,,C,N,N,A,2,0,0,0,22350.0,2,35.35423744,-119.03963,4
2014,2014-11-29,1230,11,3,12,6,N,A,Y,A,H,A,C,02,W,08,H,,,Y,,I,Y,N,D,1,0,0,1,22107.0,1,35.72625018,-118.53503273,2
2014,2014-11-26,1555,11,3,15,3,N,A,Y,A,H,A,A,01,S,03,C,,,,,C,N,N,D,1,0,0,0,22350.0,2,,,4
2014,2014-11-27,216,11,3,2,4,N,A,N,A,H,C,C,02,S,08,H,,,Y,,A,N,N,D,1,0,0,1,22107.0,1,35.43567769,-119.11201809,3
2014,2014-11-27,737,11,3,7,4,N,A,N,A,H,A,A,07,E,08,E,,,,,I,Y,N,D,1,0,0,0,22107.0,2,35.35884,-119.00580262,4
2014,2014-11-22,1146,11,3,11,6,N,A,N,A,H,A,C,02,W,03,C,,,Y,,C,N,N,A,1,0,0,1,22350.0,4,35.36871,-119.0391485,4
2014,2014-12-01,1625,12,4,16,1,N,A,Y,A,H,A,A,07,S,03,C,,,,,C,Y,N,D,1,0,0,0,22350.0,2,,,4
2014,2014-12-02,750,12,4,7,2,N,B,Y,B,H,A,A,07,E,03,E,,,,,I,Y,N,D,1,0,0,0,22350.0,1,35.35256125,-118.9848302,4
2014,2014-12-01,1545,12,4,15,1,N,B,Y,A,H,A,A,07,E,03,C,,,,,C,Y,N,D,1,0,0,0,22350.0,2,35.41238,-119.05517972,4
2014,2014-12-03,1615,12,4,16,3,N,A,Y,A,H,A,-,- ,W,18,H,,,,,A,N,N,D,1,0,0,0,,1,,,4
2014,2014-11-24,1600,11,3,16,1,N,A,N,A,H,A,L,04,N,09,D,,Y,,,G,N,N,D,1,0,1,0,21804.0,2,35.37706644,-118.98274088,3
2014,2014-11-25,1218,11,3,12,2,N,A,N,A,H,A,L,04,E,03,C,,Y,,,G,N,N,D,1,0,1,0,22350.0,2,35.41165,-118.89043281,2
2014,2014-12-03,1718,12,4,17,3,N,A,Y,A,H,D,A,01,N,03,C,,,,,C,Y,N,D,1,0,0,0,22350.0,2,35.34246016,-119.03944867,4
2014,2014-11-19,1227,11,3,12,3,N,A,N,A,H,A,A,01,W,03,C,,,,,C,Y,N,D,1,0,0,0,22350.0,2,35.3182441,-119.07018468,4
2014,2014-12-04,1300,12,4,13,4,N,A,Y,A,H,A,D,22,N,03,C,,,,,C,N,N,D,2,0,0,0,22350.0,2,,,4
2014,2014-12-02,1750,12,4,17,2,N,B,Y,B,H,C,A,07,W,09,D,,,,,C,Y,N,A,2,0,0,0,21804.0,2,35.26707984,-119.2285599,3
2014,2014-12-04,615,12,4,6,4,N,A,Y,A,H,B,A,01,W,03,C,,,,,C,Y,N,D,2,0,0,0,22350.0,2,35.61607419,-119.67092069,3
2014,2014-08-10,720,8,2,7,7,N,A,Y,A,H,A,-,,N,01,F,,,,,-,Y,N,D,1,0,0,0,23152.0,1,35.57328347,-119.33408391,4
2014,2014-11-18,2057,11,3,20,2,N,A,Y,A,H,D,A,01,W,01,C,,,,Y,C,Y,N,D,1,0,0,0,23152.0,2,35.26360088,-118.63467911,3
2014,2014-12-07,1718,12,4,17,7,N,A,N,A,H,C,D,22,W,01,A,,,,,C,Y,N,D,2,0,0,0,23152.0,2,35.25245702,-118.90105294,2
2014,2014-11-22,330,11,3,3,6,N,B,Y,A,H,D,D,22,E,01,F,,,,,A,Y,N,D,1,0,0,0,23152.0,1,35.76149243,-119.15116984,3
2014,2014-11-26,1635,11,3,16,3,N,A,N,A,H,B,D,22,S,01,C,,,,,C,N,M,D,2,0,0,0,23152.0,3,35.46040941,-119.2220526,4
2014,2014-11-26,1020,11,3,10,3,N,A,Y,A,H,A,A,01,S,08,B,,,,Y,C,Y,N,D,2,0,0,0,22107.0,2,35.63849583,-119.21804648,3
2014,2014-11-27,2230,11,3,22,4,Y,A,N,A,H,D,D,22,,01,D,,,,,C,Y,N,D,1,0,0,0,23152.0,2,35.44740005,-119.02913007,3
2014,2014-12-02,1030,12,4,10,2,N,B,Y,B,H,A,D,22,W,03,B,,,,,C,Y,N,D,1,0,0,0,22350.0,2,,,4
2014,2014-12-02,1300,12,4,13,2,N,B,Y,B,H,A,A,01,E,03,E,,,,Y,I,Y,N,D,1,0,0,0,22350.0,2,35.26391812,-118.64887168,4
2014,2014-11-25,1645,11,3,16,2,N,A,Y,A,H,D,A,01,E,01,E,,,,,I,Y,N,D,1,0,0,0,23152.0,1,,,4
2014,2014-11-21,2255,11,3,22,5,N,A,Y,A,H,D,A,01,N,01,E,,,,,I,Y,N,D,1,0,0,0,23152.0,1,35.29747084,-119.03107041,3
2014,2014-11-16,150,11,3,1,7,N,A,N,A,H,D,A,07,E,01,E,,,,,I,Y,N,D,1,0,0,0,23152.0,1,35.30321,-118.99161,2
2014,2014-11-30,15,11,3,0,7,N,A,N,A,H,C,N,60,S,11,G,Y,,,,B,N,N,D,1,1,0,0,21954.0,2,35.41782306,-119.03915695,2
2014,2014-11-30,2130,11,3,21,7,Y,A,Y,A,H,C,A,01,,01,E,,,,,I,Y,N,A,1,0,0,0,23152.0,1,35.38350855,-119.15440001,4
2014,2014-12-30,355,12,4,3,2,N,A,Y,A,H,D,A,01,S,08,E,,,,,I,Y,N,D,1,0,0,0,22107.0,1,35.08413036,-119.02591944,4
2014,2014-12-31,655,12,4,6,3,N,A,Y,A,H,A,A,07,W,05,A,,,,,C,Y,N,D,3,0,0,0,21650.0,2,35.26709247,-119.23585972,2
2015,2015-01-05,525,1,4,5,1,N,A,Y,A,H,D,D,22,E,06,B,,,,,C,Y,N,A,1,0,0,0,21751.0,3,35.20998479,-119.4045869,4
2014,2014-12-28,945,12,4,9,7,N,A,Y,A,H,A,A,01,S,03,C,,,,,C,N,N,D,1,0,0,0,22350.0,2,35.4365275,-119.4491727,4
2014,2014-12-30,1721,12,4,17,2,N,D,Y,C,H,D,A,07,S,08,B,,,,Y,C,Y,M,D,1,0,0,0,22107.0,4,34.96467518,-119.44463694,4
2014,2014-12-30,1720,12,4,17,2,N,D,Y,C,H,D,G,25,S,03,B,Y,,,Y,C,Y,N,D,1,1,0,0,22350.0,4,34.96078765,-119.44770657,4
2014,2014-12-07,1345,12,4,13,7,Y,A,N,A,H,A,D,22,,12,B,,,,,C,Y,N,A,1,0,0,0,21453.0,3,35.77586006,-119.23201989,4
2014,2014-12-01,610,12,4,6,1,N,B,N,A,H,D,A,01,E,03,C,,,,,C,Y,N,D,1,0,0,0,22350.0,2,35.29629744,-118.8741127,4
2014,2014-12-01,2103,12,4,21,1,Y,A,N,A,H,C,A,01,,10,G,Y,,,,B,N,F,A,1,1,0,0,21950.0,2,35.76140002,-119.24837997,4
2014,2014-10-30,1530,10,3,15,4,N,A,N,A,B,A,A,01,E,03,F,,,,,A,Y,N,D,1,0,0,0,22350.0,1,35.76143,-119.23196327,3
2014,2014-12-01,1055,12,4,10,1,N,B,N,A,H,A,A,01,N,08,D,,,,,C,Y,N,D,1,0,0,0,22107.0,2,35.4047164,-119.41218535,4
2014,2014-12-02,550,12,4,5,2,N,B,N,B,H,D,A,01,S,03,E,,,,,I,Y,N,D,1,0,0,0,22350.0,1,34.82162147,-118.88392908,3
2014,2014-11-30,1015,11,3,10,7,N,A,Y,A,H,A,A,01,N,03,C,,,,,C,Y,N,A,1,0,0,0,22350.0,2,34.99311224,-118.94730688,3
2014,2014-11-26,1540,11,3,15,3,N,A,Y,A,H,A,A,01,E,03,C,,,,,C,Y,N,D,1,0,0,0,22350.0,3,,,4
2014,2014-11-21,530,11,3,5,5,Y,A,N,A,H,C,A,01,,09,D,,Y,,,G,N,F,D,1,0,1,0,21802.0,2,35.37626003,-118.92899014,4
2014,2014-11-23,1920,11,3,19,7,N,A,N,A,H,D,A,01,S,08,E,,,,,I,Y,N,D,1,0,0,0,22107.0,1,35.36037513,-119.19874417,3
2014,2014-11-23,1310,11,3,13,7,N,A,N,A,H,A,N,60,W,11,G,Y,,,,B,N,N,D,1,1,0,0,21954.0,2,35.41726,-119.0399109,2
2014,2014-11-27,1705,11,3,17,4,N,A,N,A,H,B,N,60,E,11,G,Y,,,,B,N,F,D,1,1,0,0,21954.0,2,35.40495729,-119.02420359,3
2014,2014-11-26,1720,11,3,17,3,N,A,Y,A,H,D,A,01,E,08,E,,,,,I,Y,N,D,1,0,0,0,22107.0,1,35.20897136,-118.85003962,3
2014,2014-11-27,1758,11,3,17,4,Y,A,N,A,H,C,A,01,,10,G,Y,,,,B,N,M,D,1,1,0,0,21950.0,2,35.39960001,-118.99147008,3
2014,2014-11-07,1606,11,3,16,5,N,A,Y,A,H,A,A,01,W,08,E,,,,,I,Y,N,D,1,0,0,0,22107.0,1,35.14577288,-119.46784702,3
2014,2014-11-06,1605,11,3,16,4,N,A,N,A,H,A,A,01,S,04,C,,,,,C,Y,N,D,1,0,0,0,21703.0,2,35.14795994,-119.454004,4
2015,2015-05-04,1919,5,1,19,1,N,A,Y,A,H,D,A,01,W,08,F,,,,,I,Y,N,D,3,0,0,0,22107.0,1,35.01578927,-117.96604702,1
2015,2015-05-03,650,5,1,6,7,N,A,Y,A,H,A,A,01,E,08,F,,,,,A,Y,N,D,2,0,0,0,22107.0,1,35.14041995,-118.46340167,1
2014,2014-11-12,1338,11,3,13,3,N,A,N,A,H,A,N,60,N,11,G,Y,,,,B,N,N,D,1,1,0,0,21950.0,2,35.144221,-119.45911874,3
2014,2014-12-08,652,12,4,6,1,Y,B,Y,A,H,B,G,25,,09,D,,,,Y,C,Y,N,A,4,0,0,0,21802.0,2,35.26723476,-119.12791982,3
2014,2014-12-02,1435,12,4,14,2,N,C,Y,B,H,A,A,08,S,03,A,,,,,C,N,N,D,1,0,0,0,22350.0,2,35.3672868,-119.04149247,4
2014,2014-11-29,1334,11,3,13,6,N,A,N,A,H,A,D,72,S,09,D,,,,,C,Y,N,D,2,0,0,0,21804.0,2,35.46869586,-119.15350447,3
2014,2014-12-03,1515,12,4,15,3,N,A,N,A,H,A,A,08,S,08,D,,,,,C,N,N,D,1,0,0,0,22105.0,2,35.49938837,-119.17019,4
2014,2014-12-04,615,12,4,6,4,N,A,Y,A,H,C,D,22,W,10,G,Y,,,,B,N,N,A,1,1,0,0,21950.0,2,35.38328336,-119.05198039,3
2014,2014-12-07,2103,12,4,21,7,N,A,Y,A,D,C,A,01,W,01,C,,,,,C,Y,M,A,2,0,0,0,23152.0,2,35.35225406,-118.99296,4
2014,2014-12-03,550,12,4,5,3,Y,B,N,A,H,D,D,22,,09,D,,,,,C,Y,N,A,2,0,0,0,21802.0,2,35.25273004,-118.82471011,2
2014,2014-12-11,1652,12,4,16,4,Y,E,N,A,H,C,D,22,,09,D,,,,,C,Y,N,B,1,0,0,0,21800.0,2,35.31775011,-119.00313005,4
2014,2014-12-13,1245,12,4,12,6,N,A,N,A,H,A,D,22,S,08,E,,,,,I,Y,N,D,1,0,0,0,22107.0,1,35.71538657,-118.44037771,4
2014,2014-12-13,1640,12,4,16,6,N,A,N,A,H,B,A,01,W,08,C,,,,,E,Y,N,D,1,0,0,0,22107.0,4,35.39752708,-118.99123897,4
2014,2014-12-12,2010,12,4,20,5,Y,A,Y,B,H,C,D,22,,09,A,,,,,C,Y,N,D,1,0,0,0,21801.0,2,35.26689724,-119.03611048,4
2014,2014-12-07,2055,12,4,20,7,N,A,Y,A,H,D,D,22,E,03,C,,,,Y,C,Y,N,D,1,0,0,0,22350.0,2,35.35218148,-118.92930035,4
2014,2014-12-07,1230,12,4,12,7,N,A,N,A,H,A,A,01,W,03,C,,,,,C,Y,N,D,2,0,0,0,22350.0,3,35.31774951,-119.00591721,4
2014,2014-11-30,2350,11,3,23,7,N,A,Y,A,H,D,F,25,E,03,C,,,,Y,C,Y,N,D,1,0,0,0,22350.0,2,35.27840785,-118.72089696,4
2014,2014-12-11,21,12,4,0,4,N,E,N,A,H,D,D,22,N,01,A,,,,,C,Y,N,D,2,0,0,0,23152.0,3,35.36854436,-118.9498308,3
2014,2014-12-09,1730,12,4,17,2,N,E,N,A,H,E,A,01,W,03,C,,,,Y,C,Y,N,D,1,0,0,0,22350.0,2,35.44110434,-119.03936863,3
2014,2014-12-05,1145,12,4,11,5,Y,A,Y,A,H,A,G,26,,12,D,,,,Y,C,Y,N,A,1,0,0,0,22450.0,2,35.05785848,-118.9699359,3
2014,2014-12-02,1200,12,4,12,2,N,B,Y,B,H,A,A,01,S,08,B,,,,Y,C,Y,N,D,4,0,0,0,22107.0,5,35.3512473,-119.03968336,4
2014,2014-11-28,1520,11,3,15,5,N,A,N,A,H,A,C,02,N,03,B,,,Y,,C,,N,D,2,0,0,2,22350.0,2,,,2
2014,2014-12-05,733,12,4,7,5,N,B,Y,A,H,A,A,01,S,08,F,,,,,I,Y,N,D,1,0,0,0,22107.0,1,35.59012066,-119.20567391,4
2014,2014-12-09,900,12,4,9,2,N,E,Y,A,H,A,A,01,N,09,D,,,,,C,Y,N,D,3,0,0,0,21804.0,2,35.30327012,-118.91433423,3
2014,2014-12-12,1755,12,4,17,5,Y,B,Y,B,H,D,A,01,,09,D,,,,,C,Y,N,D,1,0,0,0,21801.0,2,,,4
2014,2014-12-10,900,12,4,9,3,N,B,Y,A,H,A,A,01,N,08,E,,,,,I,Y,N,D,1,0,0,0,22107.0,2,35.37529532,-119.04427397,4
2014,2014-12-04,745,12,4,7,4,N,A,N,A,H,A,A,07,E,03,C,,,,,C,Y,N,D,4,0,0,0,22350.0,2,35.38351612,-119.16163266,4
2014,2014-12-10,720,12,4,7,3,Y,E,N,A,H,A,A,01,,09,D,,,,,C,Y,N,A,1,0,0,0,21802.0,2,35.03088004,-118.92646004,4
2014,2014-12-06,1725,12,4,17,6,N,A,N,A,H,D,N,60,N,11,G,Y,,,,B,N,F,D,1,1,0,0,21954.0,2,35.48119965,-119.27855482,2
2014,2014-12-08,635,12,4,6,1,Y,E,N,A,H,A,A,07,,09,D,,,,,C,Y,N,A,1,0,0,0,21802.0,2,35.7178201,-119.20505994,4
2014,2014-12-08,755,12,4,7,1,Y,E,N,B,H,A,A,01,,12,D,,,,,C,Y,N,A,2,0,0,0,22450.0,2,35.52975011,-119.15154996,3
2014,2014-12-13,1624,12,4,16,6,N,A,N,A,H,A,A,01,N,08,F,,,,,A,Y,N,D,3,0,0,0,22107.0,1,35.3003711,-118.82508286,3
2014,2014-12-05,320,12,4,3,5,N,B,Y,A,H,C,A,01,N,01,C,,,,Y,C,Y,N,D,1,0,0,0,23152.0,2,35.61698438,-119.6540108,2
2014,2014-12-04,1553,12,4,15,4,N,A,Y,A,H,A,D,22,W,- ,B,,Y,,,G,N,N,D,1,0,1,0,,2,35.23070406,-119.37363431,3
2014,2014-12-04,950,12,4,9,4,Y,A,N,A,D,A,D,22,,09,D,,,,,C,Y,N,A,1,0,0,0,21802.0,2,35.37989006,-118.99181003,4
2014,2014-12-05,1642,12,4,16,5,Y,B,N,A,H,B,A,01,,09,D,,,,,C,N,N,A,1,0,0,0,21802.0,2,35.39759005,-118.97436013,4
2014,2014-12-01,955,12,4,9,1,N,B,N,A,H,A,I,11,E,21,C,,,,,C,N,N,A,1,0,0,0,22106.0,2,35.35402076,-118.97621254,4
2014,2014-11-24,946,11,3,9,1,Y,A,N,A,H,A,A,01,,09,D,,,,,C,Y,N,A,1,0,0,0,21801.0,2,35.36080002,-119.01891003,3
2014,2014-11-27,1215,11,3,12,4,Y,A,N,A,H,A,A,01,,09,D,,,,,C,Y,N,A,1,0,0,0,21804.0,2,35.40271011,-118.96761011,4
2014,2014-12-07,1514,12,4,15,7,N,A,N,A,H,A,A,01,S,01,E,,,,,I,Y,N,D,4,0,0,0,23152.0,2,35.32763011,-119.02133,2
2014,2014-12-04,1748,12,4,17,4,N,B,N,A,H,C,N,60,N,11,G,Y,,,,B,N,F,A,1,1,0,0,21956.0,3,35.3732081,-118.98083988,4
2014,2014-12-03,1620,12,4,16,3,N,B,N,A,H,A,A,07,S,09,D,,,,,C,N,N,D,2,0,0,0,21801.0,2,35.39650711,-118.9676,4
2014,2014-12-13,624,12,4,6,6,N,B,Y,B,H,B,A,01,N,01,C,,,,,C,Y,N,C,3,0,0,0,23152.0,2,35.07632,-119.01757,3
2014,2014-12-13,1130,12,4,11,6,N,A,N,A,H,A,A,01,S,08,F,,,,,A,Y,N,D,1,0,0,0,22107.0,1,35.42543082,-119.51856,4
2014,2014-12-03,1340,12,4,13,3,N,B,Y,A,H,A,A,01,S,08,F,,,,,A,Y,N,D,2,0,0,0,22107.0,1,35.31102667,-117.98814753,4
2014,2014-12-05,1918,12,4,19,5,N,A,N,A,H,C,A,01,N,01,C,,,,,C,Y,N,D,2,0,0,0,23152.0,2,34.84733523,-118.16702631,2
2014,2014-11-26,1615,11,3,16,3,N,A,Y,A,H,A,A,01,W,01,E,,,,,I,Y,N,D,1,0,0,0,23152.0,1,35.17452325,-118.47973967,3
2014,2014-12-07,15,12,4,0,7,N,A,Y,A,H,C,A,01,W,03,C,,,,,C,N,N,A,1,0,0,0,22350.0,2,35.39644278,-118.93000631,4
2014,2014-12-08,1330,12,4,13,1,Y,A,N,A,H,A,C,06,,03,H,,,Y,,A,N,N,D,2,0,0,2,22350.0,1,35.37246002,-119.10754002,2
2014,2014-12-04,535,12,4,5,4,N,A,N,B,H,D,A,01,N,03,E,,,,,I,Y,N,D,2,0,0,0,22350.0,1,35.52012851,-118.51432621,3
2014,2014-12-10,655,12,4,6,3,N,E,Y,B,H,B,C,02,N,03,C,,,Y,,C,Y,N,D,0,0,0,0,22350.0,2,35.26146414,-118.91440891,1
2014,2014-12-10,2105,12,4,21,3,N,E,N,A,H,C,A,01,S,08,E,,,,,I,N,N,D,1,0,0,0,22107.0,1,35.39193698,-119.14551229,4
2014,2014-09-21,110,9,3,1,7,N,A,N,A,H,D,A,01,W,01,E,,,,,I,N,N,D,1,0,0,0,23152.0,1,35.38728362,-118.97936466,4
2014,2014-12-25,40,12,4,0,4,N,G,Y,A,H,D,-,- ,S,18,F,,,,Y,A,Y,N,D,1,0,0,0,,1,35.09740323,-118.14554824,3
2014,2014-12-12,1650,12,4,16,5,Y,C,N,B,H,C,-,,,04,C,,,,,C,N,N,-,2,0,0,0,21703.0,2,35.60344001,-119.33588996,4
2014,2014-12-16,1740,12,4,17,2,Y,A,N,A,H,C,D,22,,04,C,,,,,C,N,N,D,1,0,0,0,21703.0,2,35.76141006,-119.24524989,4
2014,2014-12-30,943,12,4,9,2,N,B,Y,A,H,A,A,01,W,08,E,,,,,I,Y,N,D,2,0,0,0,22107.0,1,35.15713474,-118.47376,3
2014,2014-12-12,1620,12,4,16,5,Y,B,N,B,H,B,N,60,,11,G,Y,,,,B,N,N,A,1,1,0,0,21456.0,2,35.41979011,-119.13663012,3
2015,2015-04-24,1457,4,1,14,5,Y,B,N,A,H,A,J,48,,09,D,,,,,C,N,N,A,2,0,0,0,21801.0,2,35.33183005,-119.06005007,3
2014,2014-12-23,1105,12,4,11,2,N,A,N,A,H,A,A,01,N,03,C,,,,,C,N,N,A,1,0,0,0,22350.0,2,35.35436603,-118.93202965,4
2014,2014-12-25,600,12,4,6,4,N,A,Y,A,H,E,A,01,N,08,E,,,,,I,Y,N,D,1,0,0,0,22107.0,1,35.44559518,-119.09215857,4
2014,2014-12-24,1550,12,4,15,3,N,B,Y,A,H,A,A,01,E,03,C,,,,,C,Y,N,D,2,0,0,0,22350.0,3,,,3
2014,2014-12-23,510,12,4,5,2,Y,A,N,A,H,C,A,01,,09,A,,,,,C,Y,N,A,3,0,0,0,21802.0,2,35.43413001,-119.03899008,3
2014,2014-12-22,1220,12,4,12,1,N,B,Y,A,H,A,A,01,E,08,E,,,,,I,Y,N,D,1,0,0,0,22107.0,1,35.60110675,-119.47379036,4
2014,2014-12-22,920,12,4,9,1,N,A,N,A,H,A,A,01,W,12,D,,Y,,,G,N,N,D,1,0,1,0,22450.0,2,35.4136591,-119.03004027,4
2014,2014-12-17,845,12,4,8,3,N,A,N,A,H,A,A,01,N,03,C,,,,,C,N,N,D,1,0,0,0,22350.0,2,35.41254436,-119.03909508,4
2014,2014-12-20,2025,12,4,20,6,N,B,Y,A,H,C,-,99,S,07,B,,,,,C,Y,M,D,1,0,0,0,21658.0,2,35.32984488,-119.03925581,4
2014,2014-12-19,400,12,4,4,5,N,A,Y,A,H,D,A,01,W,08,E,,,,,I,Y,N,D,1,0,0,0,22107.0,1,,,4
2014,2014-12-18,1815,12,4,18,4,Y,A,N,A,H,C,A,01,,09,D,,,,,C,Y,N,A,1,0,0,0,21802.0,3,35.36868008,-118.96529007,4
2014,2014-12-01,2200,12,4,22,1,N,A,N,A,H,D,A,01,E,01,E,,,,,J,Y,N,D,1,0,0,0,23152.0,1,35.64542,-119.23208552,3
2014,2014-12-15,1820,12,4,18,1,Y,A,Y,A,H,C,-,- ,,12,A,,,,,C,Y,N,A,3,0,0,0,21453.0,2,35.29674001,-118.91434443,3
2014,2014-12-23,1705,12,4,17,2,N,A,Y,A,H,B,A,07,S,03,C,,,,,C,Y,N,D,2,0,0,0,22350.0,2,35.35047745,-119.03966651,4
2014,2014-12-26,1720,12,4,17,5,N,A,Y,A,G,D,A,01,N,03,C,,,,,C,Y,N,D,2,0,0,0,22350.0,2,35.3430492,-119.03974667,4
2014,2014-12-23,1700,12,4,17,2,N,A,Y,A,H,A,A,01,S,03,C,,,,,C,Y,N,D,2,0,0,0,22350.0,2,35.34545086,-119.03968881,4
2014,2014-12-25,415,12,4,4,4,N,A,Y,A,H,D,A,01,N,08,E,,,,,I,Y,N,D,1,0,0,0,22107.0,1,35.71912794,-119.23759478,4
2014,2014-12-25,1508,12,4,15,4,N,A,N,A,H,A,C,02,S,21,E,,,Y,,I,N,N,D,1,0,0,1,22106.0,1,35.43157312,-119.00951475,4
2014,2014-12-28,1910,12,4,19,7,N,A,Y,A,H,D,A,01,W,08,E,,,,,I,Y,N,D,1,0,0,0,22107.0,1,35.20878807,-119.06730998,2
2014,2014-12-20,300,12,4,3,6,N,B,Y,A,H,D,-,- ,E,18,H,,,,,A,N,N,D,1,0,0,0,,1,,,2
2014,2014-12-23,1440,12,4,14,2,N,A,Y,A,D,A,A,07,W,03,C,,,,,C,Y,N,D,1,0,0,0,22350.0,2,,,4
2014,2014-12-14,435,12,4,4,7,N,A,Y,A,H,D,D,22,S,08,F,,,,,A,Y,N,D,1,0,0,0,22107.0,1,35.05099255,-118.99005514,2
2014,2014-12-29,1450,12,4,14,1,N,A,Y,A,H,A,A,01,N,03,C,,,,,C,Y,N,A,1,0,0,0,22350.0,4,34.90624521,-118.92357416,3
2014,2014-12-11,1511,12,4,15,4,Y,B,N,A,H,A,A,01,,09,D,,,,,C,Y,N,D,1,0,0,0,21800.0,2,35.13977006,-118.5096501,4
2014,2014-12-14,1450,12,4,14,7,N,A,N,A,H,A,C,06,E,08,F,,,Y,,A,N,N,D,1,0,0,1,22107.0,1,35.31509937,-118.05558166,4
2014,2014-12-27,1529,12,4,15,6,N,A,N,A,H,A,A,01,E,03,C,,,,,C,N,N,D,1,0,0,0,22350.0,2,35.29596011,-119.03306,4