ACCIDENT_YEAR,COLLISION_DATE,COLLISION_TIME,MONTH,SEASON,24HOURS,DAY_OF_WEEK,INTERSECTION,WEATHER_1,STATE_HWY_IND,ROAD_SURFACE,ROAD_COND_1,LIGHTING,STWD_VEHTYPE_AT_FAULT,CHP_VEHTYPE_AT_FAULT,DIRECTION,PCF_VIOL_CATEGORY,TYPE_OF_COLLISION,PEDESTRIAN_ACCIDENT,BICYCLE_ACCIDENT,MOTORCYCLE_ACCIDENT,TRUCK_ACCIDENT,MVIW,TOW_AWAY,HIT_AND_RUN,CONTROL_DEVICE,NUMBER_INJURED,COUNT_PED_INJURED,COUNT_BICYCLIST_INJURED,COUNT_MC_INJURED,PCF_VIOLATION,PARTY_COUNT,POINT_Y,POINT_X,COLLISION_SEVERITY
2014,2014-07-27,1742,7,2,17,7,N,A,Y,A,H,A,D,22,W,03,C,,,,,C,N,N,A,1,0,0,0,22350.0,2,35.62979726,-117.6699415,4
2014,2014-07-15,1519,7,2,15,2,Y,A,Y,A,H,A,A,01,,12,D,,,,,C,N,F,A,1,0,0,0,21453.0,2,35.62248011,-117.66995006,4
2014,2014-08-21,1720,8,2,17,4,N,A,Y,A,H,A,D,22,W,08,D,,,,,C,Y,N,D,2,0,0,0,22107.0,2,35.6517295,-117.67043594,3
2014,2014-12-11,1254,12,4,12,4,N,A,N,A,H,A,A,08,N,09,C,,,Y,,C,Y,N,D,1,0,0,1,21804.0,2,35.62512882,-117.6711652,3
2014,2014-11-13,1658,11,3,16,4,Y,A,N,A,H,C,A,01,,09,D,,,,,-,Y,N,D,3,0,0,0,21801.0,2,35.41842011,-119.12277011,2
2015,2015-01-01,1248,1,4,12,4,Y,A,N,A,H,A,A,01,,12,D,,,,,C,Y,N,A,3,0,0,0,21453.0,2,35.34974008,-119.09233006,3
2015,2015-01-02,1947,1,4,19,5,Y,A,N,A,H,C,-,- ,,12,D,,,,,C,Y,N,A,1,0,0,0,21453.0,2,35.3781401,-119.02118004,4
2015,2015-01-04,1855,1,4,18,7,Y,A,N,A,H,C,A,01,,01,E,,,,,I,Y,N,A,3,0,0,0,23152.0,2,35.29593001,-119.04565004,3
2015,2015-01-01,44,1,4,0,4,N,A,N,A,H,C,A,01,W,01,B,,,,,C,Y,N,D,1,0,0,0,23152.0,2,35.31764,-119.04315731,4
2015,2015-01-01,1449,1,4,14,4,Y,A,N,A,H,A,A,01,,08,B,,,,,C,N,N,A,1,0,0,0,22100.0,2,35.38609002,-119.10993014,4
2015,2015-01-02,1,1,4,0,5,N,A,N,A,H,C,A,07,E,01,C,,,Y,,C,Y,F,A,1,0,0,1,23152.0,2,35.39030133,-119.00274087,3
2015,2015-01-02,1527,1,4,15,5,Y,A,N,A,H,A,A,07,,12,D,,,,,C,Y,F,D,2,0,0,0,21453.0,2,35.35300009,-119.02121012,3
2015,2015-01-06,653,1,4,6,2,N,A,N,A,H,A,A,01,E,03,C,,,,,C,Y,N,D,1,0,0,0,22350.0,2,35.44225973,-119.42041125,4
2015,2015-01-17,610,1,4,6,6,N,E,N,A,H,D,A,01,S,08,F,,,,,A,Y,N,D,1,0,0,0,22107.0,1,35.48444348,-119.59348019,4
2014,2014-12-25,1602,12,4,16,4,Y,A,N,A,H,A,-,,,- ,G,Y,,,,B,N,F,A,1,1,0,0,,2,35.58534004,-119.3505399,4
2014,2014-12-28,1416,12,4,14,7,N,A,N,A,H,A,-,,E,04,C,,,,,C,N,N,A,1,0,0,0,21703.0,2,35.57979949,-119.34482593,4
2014,2014-12-30,1530,12,4,15,2,N,D,N,C,C,A,A,07,W,03,E,,,,,I,Y,N,A,1,0,0,0,22350.0,1,34.84463143,-119.08458857,4
2014,2014-12-01,725,12,4,7,1,N,A,N,A,H,A,A,01,S,08,E,,,,,I,Y,N,D,2,0,0,0,22107.0,1,35.3931035,-118.97633,4
2014,2014-10-20,1009,10,3,10,1,N,A,N,A,H,A,A,01,W,03,E,,,,,I,Y,N,D,1,0,0,0,22350.0,1,35.63337897,-117.66542728,2
2015,2015-01-08,1658,1,4,16,4,Y,A,N,A,H,A,A,01,,09,H,,,,,C,N,N,A,2,0,0,0,21804.0,3,35.20910002,-118.82872005,4
2014,2014-07-11,2230,7,2,22,5,N,A,N,A,H,C,N,60,S,11,G,Y,,,,B,N,N,D,1,1,0,0,21954.0,2,35.61827735,-117.67002009,3
2015,2015-01-12,745,1,4,7,1,Y,A,N,A,H,A,-,- ,,09,D,,,,,C,Y,N,A,1,0,0,0,21800.0,2,35.42708007,-119.1100001,4
2015,2015-01-09,750,1,4,7,5,N,A,N,A,H,A,A,01,N,21,C,,,,,C,N,N,A,2,0,0,0,22106.0,2,35.4233372,-119.02129,4
2015,2015-01-16,1600,1,4,16,5,N,A,Y,A,H,A,D,22,E,21,C,,,,,C,N,N,D,1,0,0,0,22106.0,2,35.38331583,-119.06252196,4
2015,2015-01-09,1513,1,4,15,5,N,A,N,A,H,A,D,22,E,21,B,,,,,C,Y,N,D,2,0,0,0,22106.0,2,35.41320221,-119.03627965,4
2015,2015-01-08,915,1,4,9,4,N,A,Y,A,H,A,D,22,S,03,C,,,,,C,Y,N,D,1,0,0,0,22350.0,2,35.73187481,-118.54782944,4
2015,2015-01-20,1735,1,4,17,2,N,A,Y,A,H,B,D,22,N,03,C,,,,,C,Y,N,D,1,0,0,0,22350.0,2,35.37512611,-119.04425036,4
2015,2015-01-15,2135,1,4,21,4,N,A,Y,A,H,C,A,07,N,01,F,,,,,A,Y,N,D,1,0,0,0,23152.0,1,35.26969822,-119.02377666,4
2015,2015-01-13,800,1,4,8,2,N,E,N,A,H,A,A,01,E,08,E,,,,,I,Y,N,D,1,0,0,0,22107.0,1,35.61637016,-119.27671295,4
2015,2015-01-13,1915,1,4,19,2,N,A,N,A,H,E,-,99,E,10,G,Y,,,,B,N,F,D,1,1,0,0,21950.0,2,35.39025967,-118.98642325,2
2015,2015-01-14,850,1,4,8,3,N,A,Y,A,H,A,A,01,S,07,F,,,,,A,Y,F,D,1,0,0,0,21658.0,2,35.34418476,-119.03943879,3
2015,2015-01-19,1310,1,4,13,1,Y,B,N,A,H,A,A,07,,12,D,,,,,C,N,N,A,3,0,0,0,21453.0,2,35.37608001,-118.94082009,4
2015,2015-01-21,700,1,4,7,3,N,B,Y,B,H,A,A,01,S,03,E,,,,,I,N,N,D,1,0,0,0,22350.0,1,35.49958577,-119.16354988,4
2015,2015-01-06,2105,1,4,21,2,N,A,Y,A,H,D,-,- ,W,18,H,,,,,H,Y,N,D,2,0,0,0,,1,35.64908415,-118.42765538,2
2015,2015-01-10,1300,1,4,13,6,N,B,N,A,H,A,A,01,W,03,C,,,,,C,Y,N,D,3,0,0,0,22350.0,3,35.37609225,-118.93810799,4
2015,2015-01-17,1125,1,4,11,6,N,A,Y,A,H,A,A,01,S,03,D,,,,Y,E,Y,N,D,1,0,0,0,22350.0,2,35.24155275,-118.91443625,4
2014,2014-11-10,1558,11,3,15,1,Y,A,N,A,H,A,A,07,,09,D,,,,,C,N,N,A,2,0,0,0,21801.0,2,35.64218007,-117.68774005,3
2015,2015-01-20,2340,1,4,23,2,N,A,N,A,H,D,A,07,E,03,F,,,,,A,Y,N,D,1,0,0,0,22350.0,1,35.41859898,-117.76134849,3
2015,2015-01-02,800,1,4,8,5,N,A,N,A,H,A,A,01,W,08,A,,,,,I,N,N,D,2,0,0,0,22107.0,1,35.77105832,-119.2585201,4
2015,2015-01-05,850,1,4,8,1,Y,A,N,A,G,A,A,01,,09,A,,,,,C,N,N,A,1,0,0,0,21802.0,2,35.77057008,-119.24461999,4
2015,2015-01-05,1210,1,4,12,1,Y,A,Y,A,H,A,A,01,,03,C,,,,,C,Y,N,D,1,0,0,0,22350.0,2,35.76140324,-119.24399211,4
2015,2015-01-20,1540,1,4,15,2,N,B,Y,A,H,A,A,01,N,03,B,,,,Y,C,Y,N,D,1,0,0,0,22350.0,2,35.7767724,-119.25254608,4
2015,2015-01-14,750,1,4,7,3,Y,E,N,B,H,A,G,27,,09,D,,,,Y,C,Y,N,A,1,0,0,0,21802.0,2,35.55821005,-119.27752994,3
2015,2015-01-21,2314,1,4,23,3,N,A,Y,A,H,D,-,- ,N,18,E,,,,,I,N,N,D,8,0,0,0,,1,35.57137404,-119.20109877,4
2015,2015-01-18,1835,1,4,18,7,Y,B,Y,A,H,C,D,22,,01,E,,,,,I,Y,N,A,2,0,0,0,23152.0,1,35.25940221,-118.91441378,2
2015,2015-01-21,1320,1,4,13,3,N,A,Y,A,H,A,D,22,E,03,C,,,,,C,Y,N,D,3,0,0,0,22350.0,2,35.65689591,-118.43986421,4
2015,2015-01-27,1114,1,4,11,2,Y,A,N,A,H,A,D,22,,09,D,,,,,C,Y,N,D,2,0,0,0,21800.0,2,35.39231001,-118.9907901,4
2015,2015-01-24,1230,1,4,12,6,N,A,N,A,H,A,F,26,E,03,F,,,,Y,A,Y,N,D,1,0,0,0,22350.0,1,35.62968421,-118.79697052,4
2015,2015-01-09,2228,1,4,22,5,N,A,Y,A,H,D,A,01,S,01,C,,,,Y,C,Y,N,D,1,0,0,0,23152.0,2,35.71466575,-119.235841,2
2015,2015-01-13,1335,1,4,13,2,N,A,Y,A,H,A,D,22,N,08,E,,,,,I,Y,N,D,1,0,0,0,22107.0,1,35.66323251,-119.07654964,3
2015,2015-01-26,1510,1,4,15,1,N,B,N,A,H,A,A,01,W,09,D,,,,,C,Y,N,D,1,0,0,0,21804.0,2,35.4123,-119.04479757,4
2015,2015-01-25,1510,1,4,15,7,Y,A,N,A,H,A,A,07,,12,A,,,,,C,Y,N,A,2,0,0,0,21453.0,2,35.42320004,-119.02129006,3
2015,2015-01-27,1355,1,4,13,2,N,B,Y,A,H,A,A,01,S,03,C,,,,,C,Y,N,D,4,0,0,0,22350.0,3,35.31781357,-119.03641956,4
2015,2015-01-25,715,1,4,7,7,N,E,N,B,H,A,A,01,S,12,E,,,,,I,Y,N,A,2,0,0,0,22450.0,1,35.63098288,-119.20680106,4
2015,2015-01-23,1730,1,4,17,5,N,A,Y,A,H,D,A,07,N,03,C,,,,,C,N,N,D,1,0,0,0,22350.0,2,35.2971469,-119.03097997,4
2015,2015-01-21,1700,1,4,17,3,N,A,Y,A,H,A,A,07,W,03,C,,,,,C,Y,N,D,1,0,0,0,22350.0,2,35.39538938,-119.04460402,4
2015,2015-01-23,1305,1,4,13,5,N,A,N,A,B,A,C,03,E,03,F,,,Y,,A,N,N,A,1,0,0,1,22350.0,1,35.33947548,-119.00280024,3
2014,2014-12-19,1330,12,4,13,5,N,A,N,A,H,A,L,04,W,05,H,,Y,,,G,N,N,D,1,0,1,0,21650.0,1,35.64436,-117.67243,3
2015,2015-01-17,1130,1,4,11,6,N,A,N,A,H,A,A,07,N,03,E,,,,,I,N,N,D,1,0,0,0,22350.0,1,35.5622392,-118.95533104,4
2015,2015-01-16,750,1,4,7,5,N,B,Y,A,H,A,A,01,W,03,C,,,,,C,N,N,D,2,0,0,0,22350.0,5,35.35257626,-118.99774027,4
2015,2015-01-27,1235,1,4,12,2,N,A,N,A,H,A,A,07,E,03,C,,,,,C,Y,N,D,2,0,0,0,22350.0,2,35.40863,-119.0247021,4
2015,2015-01-20,1320,1,4,13,2,N,B,N,A,H,A,A,08,E,08,C,,,,,E,Y,N,D,3,0,0,0,22107.0,4,35.34669178,-119.02429242,4
2015,2015-01-20,900,1,4,9,2,N,B,N,A,H,A,A,07,W,08,D,,,,,C,,N,D,1,0,0,0,22107.0,2,35.38477807,-118.98355227,4
2015,2015-01-20,540,1,4,5,2,N,B,N,B,H,C,A,01,E,03,C,,,,,C,Y,M,D,1,0,0,0,22350.0,2,35.33946,-119.00106668,4
2015,2015-01-15,748,1,4,7,4,Y,A,N,A,H,A,D,22,,09,D,,,,,C,Y,N,D,2,0,0,0,21802.0,2,35.3833201,-118.92716012,4
2015,2015-01-07,1744,1,4,17,3,N,A,N,A,H,C,D,22,S,08,B,,,,,C,Y,N,A,1,0,0,0,22107.0,2,35.38094049,-119.03857076,4
2015,2015-01-20,1536,1,4,15,2,N,B,N,A,H,A,D,22,E,03,C,,,,,C,Y,N,D,1,0,0,0,22350.0,3,35.33953104,-119.03432913,4
2015,2015-01-25,203,1,4,2,7,N,E,N,B,H,C,A,01,N,03,C,,,,,C,Y,F,A,1,0,0,0,22350.0,3,35.36871817,-119.02123,3
2014,2014-09-18,1758,9,3,17,4,N,A,N,A,H,A,L,04,N,12,D,,Y,,,G,N,N,A,1,0,1,0,21453.0,2,35.60528,-117.67273,3
2014,2014-09-06,2047,9,3,20,6,Y,A,N,A,H,C,A,07,,12,D,,,,,C,Y,N,D,1,0,0,0,22450.0,2,35.60782003,-117.67056001,3
2014,2014-10-26,1511,10,3,15,7,Y,A,N,A,H,A,A,01,,09,A,,,,,C,N,N,A,1,0,0,0,21800.0,2,35.60070004,-117.68826009,3
2014,2014-09-07,929,9,3,9,7,N,A,Y,A,H,A,A,01,S,09,D,,,Y,,C,Y,N,D,1,0,0,1,21801.0,2,35.6346353,-117.66976352,2
2015,2015-01-13,1655,1,4,16,2,N,A,N,A,H,A,D,22,N,03,E,Y,,,,B,Y,N,D,1,1,0,0,22350.0,2,35.40406807,-119.04006354,3
2015,2015-01-27,2215,1,4,22,2,N,E,N,B,H,D,A,01,W,03,F,,,,,A,Y,N,D,1,0,0,0,22350.0,1,35.11183679,-118.32844604,3
2015,2015-01-22,1735,1,4,17,4,Y,A,Y,A,H,C,A,07,,09,D,,,,,C,N,N,D,1,0,0,0,21802.0,2,35.02470118,-118.16569067,4
2015,2015-01-16,1849,1,4,18,5,N,A,N,A,H,C,A,01,E,01,B,,,,,C,Y,M,D,1,0,0,0,23152.0,2,35.15455041,-119.45749987,3
2015,2015-01-24,24,1,4,0,6,N,A,Y,A,H,D,A,01,S,08,E,,,,,I,Y,N,D,2,0,0,0,22107.0,1,34.92639734,-118.92219951,3
2015,2015-01-16,2115,1,4,21,5,N,A,Y,A,H,A,A,01,N,07,B,,,,,C,Y,N,D,1,0,0,0,21658.0,2,34.9866697,-118.94525544,4
2015,2015-02-02,609,2,4,6,1,Y,A,Y,A,H,D,M,57,,12,D,,,,,C,Y,N,B,4,0,0,0,22450.0,2,35.30123707,-119.62426236,3
2015,2015-01-31,1835,1,4,18,6,N,A,Y,A,H,D,A,01,W,03,C,,,,,C,Y,N,D,6,0,0,0,22350.0,2,35.39842965,-119.30992484,3
2015,2015-01-30,2135,1,4,21,5,N,A,N,A,H,D,G,25,S,08,D,,,,Y,C,Y,N,D,1,0,0,0,22100.0,2,35.40256096,-119.4002538,3
2015,2015-01-13,742,1,4,7,2,N,A,N,A,H,A,D,82,N,08,B,,,,,C,N,N,D,2,0,0,0,22107.0,2,35.67250246,-119.22647483,4
2015,2015-01-09,2330,1,4,23,5,Y,A,N,A,H,C,-,,,04,C,,,,,C,Y,F,A,1,0,0,0,21703.0,2,35.57980008,-119.34938986,3
2015,2015-01-13,1820,1,4,18,2,Y,A,Y,A,H,D,-,,,17,D,,,,,C,N,N,A,1,0,0,0,21461.0,2,35.55802689,-119.33186182,4
2015,2015-01-17,1725,1,4,17,6,Y,A,N,A,H,C,-,,,21,D,,,,,C,N,F,A,1,0,0,0,22106.0,2,35.5906301,-119.34042997,4
2015,2015-01-29,805,1,4,8,4,Y,E,Y,B,H,A,-,,,09,D,,,,,C,N,N,A,1,0,0,0,21802.0,2,35.60149095,-119.40248051,4
2015,2015-01-27,907,1,4,9,2,Y,A,N,A,H,A,A,01,,09,D,,,,,C,N,N,A,1,0,0,0,21802.0,3,35.49988004,-119.26497994,4
2015,2015-02-02,935,2,4,9,1,N,A,Y,A,H,A,A,01,S,08,E,,,,,I,Y,N,D,1,0,0,0,22107.0,1,35.57332956,-119.61457705,4
2015,2015-01-07,1022,1,4,10,3,Y,B,N,A,H,A,A,01,,12,D,,,,,C,Y,N,A,4,0,0,0,21453.0,2,35.38398008,-119.0028001,2
2015,2015-01-21,1540,1,4,15,3,N,A,Y,A,H,A,D,22,W,08,F,,,,,A,Y,N,D,1,0,0,0,22107.0,1,35.61441901,-119.9609756,2
2014,2014-12-15,1828,12,4,18,1,Y,C,N,B,H,C,-,,,09,B,,,,,C,N,N,A,1,0,0,0,21800.0,2,35.58702002,-119.3449299,4
2014,2014-10-12,2204,10,3,22,7,Y,A,Y,A,H,C,D,22,,01,D,,,,,C,N,N,A,3,0,0,0,23153.0,2,35.13687009,-119.44736992,4
2015,2015-01-01,536,1,4,5,4,N,A,N,C,H,C,A,01,N,01,A,,,,,E,Y,M,D,1,0,0,0,23152.0,2,35.19936275,-118.83759347,4
2015,2015-01-17,1840,1,4,18,6,Y,A,N,A,H,C,A,01,,03,C,,,,Y,C,Y,M,D,1,0,0,0,22350.0,2,35.14317005,-119.45962995,3
2015,2015-01-07,1332,1,4,13,3,Y,A,N,A,H,A,A,07,,12,D,,,Y,,C,Y,N,A,1,0,0,1,21453.0,2,35.35391006,-118.99413006,3
2015,2015-01-18,1033,1,4,10,7,N,B,N,A,H,A,A,01,S,08,B,,,,,E,Y,N,D,1,0,0,0,22107.0,3,35.40782092,-118.93202077,4
2015,2015-01-19,1628,1,4,16,1,Y,B,N,A,H,B,A,01,,03,C,,,,,C,Y,N,A,2,0,0,0,22350.0,2,35.38312104,-119.0476951,4
2015,2015-01-17,2204,1,4,22,6,N,A,N,A,H,C,-,- ,W,00,E,,Y,,,G,N,N,A,1,0,1,0,,1,35.33969311,-119.05519019,3
2015,2015-01-16,1114,1,4,11,5,Y,A,N,A,H,A,A,01,,12,D,,Y,,,G,N,N,A,1,0,1,0,22450.0,2,35.38647011,-119.0105601,2
2015,2015-01-23,1540,1,4,15,5,N,A,N,A,H,A,-,,E,17,E,,,,,I,N,M,D,1,0,0,0,21657.0,2,35.38284914,-118.99688055,4
2015,2015-01-12,1749,1,4,17,1,Y,B,N,A,H,C,A,01,,09,D,,,,,C,Y,N,D,1,0,0,0,21801.0,2,35.36846004,-118.98027007,4
2015,2015-01-15,1020,1,4,10,4,Y,A,N,A,H,A,-,,,12,D,,,,,C,Y,N,A,2,0,0,0,21453.0,2,35.39050006,-119.01054,4
2015,2015-01-14,951,1,4,9,3,N,A,N,A,H,A,A,01,W,03,C,,,,,C,N,N,D,2,0,0,0,22350.0,2,35.37295953,-119.05009645,4
2015,2015-01-14,1559,1,4,15,3,N,A,N,A,H,A,A,07,S,03,C,,,,,C,N,N,A,1,0,0,0,22350.0,2,35.4196267,-119.12782919,4
2014,2014-01-22,1022,1,4,10,3,Y,A,N,A,H,A,A,07,,03,C,,,,,C,N,N,A,1,0,0,0,22350.0,2,35.38103005,-119.02346009,4
2015,2015-01-06,1845,1,4,18,2,Y,A,N,A,H,C,A,01,,12,D,,,,,C,N,N,A,1,0,0,0,21453.0,3,35.40164005,-119.09234013,4
2015,2015-01-22,1254,1,4,12,4,N,A,N,A,H,A,A,01,S,03,C,,,,,C,Y,N,D,1,0,0,0,22350.0,2,35.3568622,-119.02128086,4
2015,2015-01-09,1214,1,4,12,5,N,A,Y,A,H,A,A,08,W,08,E,,,,,I,Y,N,D,2,0,0,0,22107.0,1,35.39307076,-118.97241041,2
2015,2015-01-09,1715,1,4,17,5,N,A,N,A,H,C,A,07,N,03,C,,,,,C,N,N,D,1,0,0,0,22350.0,3,35.34003878,-119.00311,4
2015,2015-01-13,1508,1,4,15,2,N,B,N,A,H,A,N,60,E,11,G,Y,,,,B,N,N,A,1,1,0,0,21950.0,2,35.37308,-118.96758,4
2015,2015-01-13,640,1,4,6,2,Y,B,N,A,H,A,A,07,,05,D,,,,,C,Y,N,D,2,0,0,0,21752.0,2,35.33267009,-118.87862012,4
2015,2015-01-14,630,1,4,6,3,N,E,N,A,H,D,A,01,N,03,E,,,,,I,Y,N,D,1,0,0,0,22350.0,2,35.39432981,-119.14553,4
2015,2015-01-14,1740,1,4,17,3,N,A,N,A,H,C,N,60,S,11,G,Y,,,,B,N,N,D,1,1,0,0,21954.0,2,35.37504793,-118.96758,3
2015,2015-01-15,830,1,4,8,4,N,A,N,A,H,A,A,07,S,08,E,,,,,I,Y,N,D,2,0,0,0,22107.0,1,35.36699,-118.95018,4
2015,2015-01-07,1430,1,4,14,3,Y,A,N,A,H,A,C,02,,12,D,,,Y,,C,Y,N,A,1,0,0,1,22450.0,2,35.3503201,-118.98539008,3
2015,2015-01-01,1530,1,4,15,4,Y,A,N,A,H,A,C,02,,09,B,,,Y,,C,Y,N,D,1,0,0,1,21800.0,2,35.38880506,-119.18332636,3
2015,2015-01-01,250,1,4,2,4,N,B,Y,A,H,C,A,01,W,01,C,,,,,C,Y,N,A,3,0,0,0,23152.0,2,35.38332706,-119.06558697,3
2015,2015-01-11,1915,1,4,19,7,Y,B,N,A,H,C,L,04,,12,D,,Y,,,G,N,N,A,1,0,1,0,21453.0,2,35.39875009,-119.14730012,3
2015,2015-01-10,635,1,4,6,6,Y,B,N,A,H,A,A,08,,09,D,,,,,C,Y,N,A,2,0,0,0,21802.0,2,35.77618011,-119.12370002,3
2015,2015-01-22,1553,1,4,15,4,N,B,N,D,H,A,F,21,E,09,D,,,,Y,C,Y,N,D,1,0,0,0,21801.0,2,35.35149388,-118.95211711,3
2015,2015-01-25,2036,1,4,20,7,N,A,N,A,H,C,D,22,S,08,E,,,,,I,Y,N,A,1,0,0,0,22107.0,1,35.3103314,-119.01189,4
2015,2015-01-26,1726,1,4,17,1,Y,A,N,A,H,C,A,01,,09,A,,,,,C,N,N,A,1,0,0,0,21802.0,3,35.37316007,-118.98079001,4
2015,2015-01-26,1630,1,4,16,1,Y,A,Y,A,H,A,D,22,,12,A,,,,,C,Y,N,A,2,0,0,0,21453.0,2,35.38231319,-119.0104986,4
2015,2015-01-13,1107,1,4,11,2,Y,A,Y,A,H,A,-,- ,,12,D,,,,,C,Y,N,A,2,0,0,0,21453.0,2,35.35238267,-119.01660716,3
2014,2014-12-29,1252,12,4,12,1,N,A,N,A,H,A,A,07,N,03,C,,,,,C,N,N,B,1,0,0,0,22350.0,2,35.38616618,-119.10996809,4
2015,2015-01-29,1220,1,4,12,4,N,B,N,A,H,A,I,11,W,03,C,,Y,,,G,Y,N,D,1,0,1,0,22350.0,2,35.37820598,-119.03880107,4
2015,2015-01-31,1335,1,4,13,6,N,A,N,A,H,A,A,01,E,08,E,,,,,I,Y,N,A,1,0,0,0,22107.0,1,35.0465887,-118.16644013,4
2015,2015-01-29,630,1,4,6,4,N,B,Y,A,H,B,A,01,S,08,E,,,,,I,Y,N,D,1,0,0,0,22107.0,1,35.68696181,-117.85308975,4
2015,2015-01-26,500,1,4,5,1,N,A,Y,A,H,D,A,07,E,08,F,,,,,A,Y,N,D,1,0,0,0,22107.0,1,35.00629159,-117.83414321,3
2015,2015-01-23,2352,1,4,23,5,Y,A,N,A,H,C,A,01,,12,D,,,,,C,Y,N,A,4,0,0,0,21453.0,2,35.28139012,-119.03898006,2
2015,2015-01-28,1328,1,4,13,3,Y,B,N,A,H,A,A,07,,09,D,,,,,C,Y,N,D,1,0,0,0,21801.0,2,35.35695,-119.02128004,4
2015,2015-01-28,1447,1,4,14,3,N,B,N,A,H,A,A,01,W,08,F,,,,,I,Y,N,D,1,0,0,0,22107.0,1,35.0939961,-118.55211354,4
2015,2015-01-27,1854,1,4,18,2,N,A,N,A,H,C,A,07,W,03,C,Y,,,,C,N,N,D,3,2,0,0,22350.0,4,35.35424,-119.04508019,4
2015,2015-01-28,1737,1,4,17,3,N,A,N,A,H,C,A,01,W,03,C,,,,,C,Y,N,D,3,0,0,0,22350.0,3,35.40156168,-119.08470408,3
2015,2015-01-24,2253,1,4,22,6,N,E,N,A,H,C,A,01,E,09,D,,,,,C,Y,M,D,2,0,0,0,21801.0,2,35.31829017,-119.08521129,3
2015,2015-01-26,1731,1,4,17,1,N,B,N,A,H,C,A,01,S,03,C,,,,,C,Y,N,A,1,0,0,0,22350.0,2,35.40158512,-119.09234,4
2015,2015-01-22,755,1,4,7,4,N,B,N,A,H,A,A,01,E,03,C,,,,,C,N,N,D,1,0,0,0,22350.0,2,35.35406167,-118.96713777,4
2015,2015-01-22,1740,1,4,17,4,N,A,N,A,H,C,N,60,S,11,G,Y,,,,B,N,N,D,1,1,0,0,21954.0,2,35.3548619,-119.01893467,3
2015,2015-01-24,2222,1,4,22,6,N,E,N,A,H,C,A,01,W,03,E,,,,,I,Y,N,D,1,0,0,0,22350.0,1,35.39803911,-119.123244,4
2015,2015-02-03,1307,2,4,13,2,N,A,N,A,H,A,A,01,W,03,C,,,,,C,Y,N,A,1,0,0,0,22350.0,2,34.8642,-118.17602317,4
2015,2015-01-20,530,1,4,5,2,N,A,N,A,H,D,D,22,W,12,G,Y,,,,B,N,F,A,1,1,0,0,22450.0,2,35.20541092,-118.83435341,4
2014,2014-09-12,2040,9,3,20,5,N,A,Y,A,H,D,-,- ,W,18,A,,,,,C,Y,N,D,2,0,0,0,,2,35.69567805,-118.19151429,2
2014,2014-12-31,1801,12,4,18,3,Y,A,N,A,H,C,A,01,,09,D,,,,,C,N,N,A,1,0,0,0,21453.0,2,35.36871007,-119.03878011,4
2015,2015-01-27,1800,1,4,18,2,Y,A,N,A,H,-,D,22,,12,D,,,,,C,Y,N,D,1,0,0,0,22450.0,2,35.28161005,-119.09216005,3
2015,2015-01-26,1719,1,4,17,1,Y,A,N,A,H,C,A,07,,09,D,,,,,C,Y,N,A,2,0,0,0,21801.0,2,35.2671001,-119.07440003,4
2015,2015-01-22,947,1,4,9,4,N,B,N,A,H,A,N,60,S,11,G,Y,,,Y,B,N,N,A,1,1,0,0,21954.0,2,35.36392024,-119.02125,3
2015,2015-01-30,1754,1,4,17,5,N,A,N,A,H,C,D,22,S,09,D,,,,,C,Y,N,D,1,0,0,0,21804.0,2,35.33373083,-119.07449398,4
2015,2015-02-04,1656,2,4,16,3,N,A,N,A,H,A,A,01,S,08,E,,,,,I,Y,N,A,1,0,0,0,22107.0,1,35.3761638,-119.01062518,4
2015,2015-01-24,1132,1,4,11,6,Y,B,N,A,H,A,-,- ,,00,D,,,,,C,Y,N,D,2,0,0,0,,2,35.37974007,-118.97674002,4
2015,2015-01-24,702,1,4,7,6,Y,E,N,A,H,B,A,01,,01,D,,,,,C,Y,N,A,1,0,0,0,23152.0,2,35.38101004,-119.0188501,4
2015,2015-01-27,1524,1,4,15,2,Y,A,N,A,H,A,A,01,,09,D,,,,,C,Y,N,A,1,0,0,0,21801.0,2,35.33737011,-119.06333008,4
2015,2015-01-20,1649,1,4,16,2,Y,A,N,A,H,A,-,- ,,00,D,,,,,C,Y,N,D,1,0,0,0,,2,35.36766001,-119.03879008,4
2015,2015-01-31,736,1,4,7,6,Y,A,N,A,H,A,-,- ,,00,D,,,,,C,Y,N,A,1,0,0,0,,2,35.39772009,-118.94855003,4
2015,2015-01-07,1143,1,4,11,3,N,A,N,A,H,A,C,02,S,08,E,,,Y,,I,Y,N,D,1,0,0,1,22107.0,1,35.30067421,-119.00313865,2
2015,2015-01-27,855,1,4,8,2,N,B,N,A,H,A,A,01,E,09,B,,,,,C,Y,N,A,1,0,0,0,21802.0,2,35.33827236,-119.06087109,4
2015,2015-01-20,735,1,4,7,2,Y,B,N,A,H,A,A,07,,09,D,,,,,C,Y,N,A,1,0,0,0,21802.0,2,35.33165003,-119.06106002,4
2015,2015-01-21,728,1,4,7,3,N,A,N,A,H,A,N,60,E,11,G,Y,,,,B,N,N,D,1,1,0,0,21954.0,2,35.32531241,-119.1271668,4
2015,2015-01-23,2312,1,4,23,5,N,A,N,A,H,C,A,01,W,01,C,,,,,C,Y,N,A,3,0,0,0,23152.0,3,35.37327,-119.01913451,3
2015,2015-01-16,4,1,4,0,5,N,E,N,B,H,C,A,01,W,01,E,,,,,I,Y,N,D,1,0,0,0,23152.0,1,35.41157425,-118.95565213,3
2015,2015-02-04,630,2,4,6,3,N,A,Y,A,H,A,-,- ,,18,H,,,,Y,J,Y,N,D,1,0,0,0,,2,35.20439693,-118.53107221,4
2015,2015-02-06,1734,2,4,17,5,Y,B,N,A,H,B,-,- ,,00,D,,,,,C,Y,N,A,2,0,0,0,,2,35.36855006,-119.01182001,4