ACCIDENT_YEAR,COLLISION_DATE,COLLISION_TIME,MONTH,SEASON,24HOURS,DAY_OF_WEEK,INTERSECTION,WEATHER_1,STATE_HWY_IND,ROAD_SURFACE,ROAD_COND_1,LIGHTING,STWD_VEHTYPE_AT_FAULT,CHP_VEHTYPE_AT_FAULT,DIRECTION,PCF_VIOL_CATEGORY,TYPE_OF_COLLISION,PEDESTRIAN_ACCIDENT,BICYCLE_ACCIDENT,MOTORCYCLE_ACCIDENT,TRUCK_ACCIDENT,MVIW,TOW_AWAY,HIT_AND_RUN,CONTROL_DEVICE,NUMBER_INJURED,COUNT_PED_INJURED,COUNT_BICYCLIST_INJURED,COUNT_MC_INJURED,PCF_VIOLATION,PARTY_COUNT,POINT_Y,POINT_X,COLLISION_SEVERITY
2015,2015-04-12,1749,4,1,17,7,N,A,Y,A,H,A,C,02,N,08,F,,,Y,,A,Y,N,A,1,0,0,1,22107.0,1,34.92322808,-118.92681513,3
2015,2015-04-12,934,4,1,9,7,N,A,N,A,H,A,A,01,S,01,E,,,,,I,Y,F,D,1,0,0,0,23152.0,1,35.41195115,-119.04155636,3
2015,2015-04-07,754,4,1,7,2,Y,A,N,A,H,A,A,01,,12,D,,,,,C,Y,N,A,3,0,0,0,21453.0,2,35.49987,-119.26051995,3
2015,2015-03-30,1827,3,1,18,1,Y,A,N,A,H,A,A,01,,08,B,,,,,C,Y,N,D,1,0,0,0,22107.0,2,35.13275002,-118.45225012,4
2015,2015-04-08,2023,4,1,20,3,N,A,N,A,H,D,A,01,N,08,E,,,,,I,N,N,D,1,0,0,0,22107.0,1,35.15492719,-117.98584,3
2015,2015-04-15,1602,4,1,16,3,Y,A,N,A,H,A,-,,,21,H,,,,,C,Y,N,A,1,0,0,0,22106.0,2,35.49985007,-119.26937,4
2015,2015-04-13,2125,4,1,21,1,N,A,Y,A,H,D,A,08,S,07,C,,,,,C,Y,N,A,1,0,0,0,21658.0,2,35.48821171,-119.51978395,4
2015,2015-04-09,2000,4,1,20,4,N,A,Y,A,H,D,A,07,N,01,F,,,,,A,Y,M,D,1,0,0,0,23152.0,1,35.7215024,-119.73180355,3
2015,2015-04-04,110,4,1,1,6,N,A,Y,A,H,D,A,01,W,08,F,,,,,A,Y,N,D,1,0,0,0,22107.0,1,35.23095816,-119.37326325,4
2015,2015-03-31,1612,3,1,16,2,Y,A,Y,A,H,A,A,07,,09,D,,,,,C,Y,N,A,2,0,0,0,21802.0,2,35.29504157,-119.25249287,3
2015,2015-04-13,2040,4,1,20,1,N,A,N,A,H,C,A,01,S,08,E,,,,,I,Y,N,D,3,0,0,0,22107.0,2,35.34261098,-119.01916667,2
2015,2015-04-22,740,4,1,7,3,N,A,N,A,H,A,D,22,E,03,C,,,,,C,N,N,D,1,0,0,0,22350.0,2,35.36513189,-118.93820456,4
2015,2015-04-14,806,4,1,8,2,N,A,N,A,H,A,F,26,W,- ,C,,,,Y,C,N,N,A,1,0,0,0,,2,35.29596,-119.03356204,4
2015,2015-04-22,1415,4,1,14,3,N,B,N,A,H,A,A,01,W,05,A,,,,,C,Y,N,A,2,0,0,0,21650.0,2,35.76134411,-119.29055343,4
2015,2015-04-10,2058,4,1,20,5,N,A,N,A,H,C,F,26,E,08,D,,,,Y,C,Y,N,D,6,0,0,0,22107.0,2,35.35388739,-119.01361044,4
2015,2015-04-14,1252,4,1,12,2,Y,A,N,A,H,A,-,- ,,- ,D,,,,,C,Y,N,D,1,0,0,0,,2,35.38307005,-118.9906701,4
2015,2015-04-15,729,4,1,7,3,N,A,N,A,H,A,A,01,N,- ,C,,,,,C,Y,N,A,3,0,0,0,,2,35.31030325,-119.03905359,3
2015,2015-04-15,1546,4,1,15,3,N,A,N,A,H,A,D,22,E,- ,C,,,,,C,Y,N,A,2,0,0,0,,3,35.26708748,-119.07272713,4
2015,2015-04-20,1520,4,1,15,1,N,A,Y,A,H,A,D,22,E,03,C,,,,,C,Y,N,D,2,0,0,0,22350.0,3,35.64857978,-118.48500041,3
2015,2015-04-15,615,4,1,6,3,N,A,Y,A,H,A,A,01,S,08,E,,,,Y,I,Y,N,D,2,0,0,0,22107.0,2,35.59662666,-119.20982023,3
2015,2015-04-09,1947,4,1,19,4,N,A,N,A,H,C,A,01,E,12,B,,,,,C,Y,M,A,1,0,0,0,21453.0,2,35.38350667,-119.09224674,4
2015,2015-04-10,1030,4,1,10,5,Y,A,N,A,H,A,-,- ,,- ,D,,,,,C,Y,N,A,1,0,0,0,,2,35.37525008,-119.01411002,4
2015,2015-04-10,1034,4,1,10,5,N,A,N,A,H,A,-,- ,E,- ,D,,,,,C,N,N,D,1,0,0,0,,2,35.31798626,-119.11215144,4
2015,2015-04-11,513,4,1,5,6,N,A,N,A,H,D,A,01,S,01,E,,,,,I,Y,N,D,1,0,0,0,23152.0,1,35.33772247,-119.11432993,3
2015,2015-04-11,1142,4,1,11,6,Y,A,N,A,H,A,-,- ,,- ,D,,,,,C,Y,N,A,1,0,0,0,,2,35.38102008,-119.0211501,4
2015,2015-04-12,1425,4,1,14,7,N,A,N,A,H,A,A,01,S,08,B,,,,,C,N,N,A,1,0,0,0,22107.0,2,35.35406024,-119.06125,4
2015,2015-04-12,1809,4,1,18,7,Y,A,N,A,H,A,A,08,,09,D,,,,,C,Y,N,A,2,0,0,0,21801.0,2,35.35391006,-118.99413006,3
2015,2015-04-06,1531,4,1,15,1,N,A,N,A,H,A,-,99,E,03,C,,,,,C,N,F,D,1,0,0,0,22350.0,3,35.39024,-118.96947922,4
2015,2015-04-06,1613,4,1,16,1,Y,A,N,A,H,A,A,01,,09,D,,,,,C,Y,N,D,1,0,0,0,21802.0,2,35.38006006,-119.02234004,4
2015,2015-04-06,1821,4,1,18,1,N,A,N,A,H,A,A,07,S,- ,C,,,,,C,N,N,A,2,0,0,0,,2,35.27406768,-119.03899042,4
2015,2015-04-07,812,4,1,8,2,N,B,N,A,H,A,A,01,E,03,C,,,,,C,Y,N,D,3,0,0,0,22350.0,2,35.36866399,-119.03114411,4
2015,2015-04-07,1252,4,1,12,2,N,B,N,A,H,A,A,07,N,03,C,,,,,C,Y,N,A,1,0,0,0,22350.0,2,35.34697781,-119.06124093,4
2015,2015-04-08,1750,4,1,17,3,Y,A,N,A,H,A,L,04,,05,H,,Y,,,G,N,N,D,1,0,1,0,21650.0,2,35.29588009,-119.01773013,4
2015,2015-04-09,903,4,1,9,4,Y,B,N,A,H,A,-,- ,,- ,D,,,,,C,Y,N,A,1,0,0,0,,2,35.39024007,-118.9675801,4
2015,2015-04-09,1624,4,1,16,4,N,A,N,A,H,A,-,- ,E,- ,F,,,Y,,A,Y,N,D,1,0,0,1,,1,35.31780798,-119.04741826,4
2015,2015-04-06,900,4,1,9,1,Y,B,N,A,H,A,-,- ,,- ,D,,,,,C,N,N,D,2,0,0,0,,2,35.38006006,-119.02234004,4
2015,2015-03-22,105,3,1,1,7,N,A,N,A,H,C,D,22,W,01,E,,,,,I,Y,N,D,1,0,0,0,23152.0,1,35.33949,-119.0034951,3
2015,2015-03-25,1705,3,1,17,3,N,A,Y,A,H,A,A,01,W,05,A,,,,,C,Y,N,D,2,0,0,0,21650.0,3,35.26711684,-119.18619274,3
2015,2015-04-15,1540,4,1,15,3,N,A,N,A,H,A,D,22,E,08,C,,,,,E,Y,N,D,1,0,0,0,22107.0,3,35.42709646,-119.02835003,4
2015,2015-04-11,15,4,1,0,6,N,A,Y,A,H,C,D,22,S,03,C,,,,,C,Y,M,D,1,0,0,0,22350.0,2,35.36695113,-119.04116324,4
2015,2015-04-09,1510,4,1,15,4,N,A,Y,A,H,A,G,27,W,03,C,,,,Y,C,Y,N,D,1,0,0,0,22350.0,3,35.2668881,-119.03433748,4
2015,2015-04-13,1555,4,1,15,1,N,A,Y,A,H,A,A,01,W,05,A,,,,,C,Y,N,A,3,0,0,0,21460.0,2,35.55891183,-118.61093845,3
2015,2015-04-16,200,4,1,2,4,N,A,N,A,H,D,A,01,S,08,F,,,,,A,N,N,D,1,0,0,0,22107.0,1,35.70304557,-119.24084038,4
2015,2015-04-08,2100,4,1,21,3,N,A,N,A,H,C,A,01,S,01,E,,,,,I,N,M,D,1,0,0,0,23152.0,1,35.37593708,-118.93969036,4
2015,2015-04-15,1550,4,1,15,3,N,A,Y,A,H,A,D,22,W,03,C,,,,,C,N,N,D,1,0,0,0,22350.0,2,35.3833069,-119.05968086,4
2015,2015-04-10,2342,4,1,23,5,N,A,N,A,H,D,A,01,S,01,C,,,,,C,Y,N,D,1,0,0,0,23152.0,2,35.24836458,-118.89624452,4
2015,2015-04-18,1635,4,1,16,6,N,A,N,A,H,A,D,22,W,03,C,,,,Y,C,N,N,D,2,0,0,0,22350.0,3,35.23783001,-118.92240153,4
2015,2015-04-15,1420,4,1,14,3,N,A,Y,A,H,A,D,22,N,03,C,,,,,C,Y,N,D,1,0,0,0,22350.0,2,35.18302054,-119.0061389,4
2015,2015-04-11,1340,4,1,13,6,Y,A,N,A,H,A,L,04,,09,D,,Y,,,G,N,N,D,1,0,1,0,21804.0,2,35.3647001,-118.9408501,2
2015,2015-04-11,1820,4,1,18,6,Y,A,N,A,H,A,A,01,,12,D,,,,,C,Y,N,A,1,0,0,0,21453.0,2,35.37608009,-118.93639005,4
2015,2015-04-07,722,4,1,7,2,N,A,Y,A,H,A,A,01,N,03,C,,,,,D,Y,N,D,3,0,0,0,22350.0,2,35.51478728,-119.28864189,4
2015,2015-04-06,1438,4,1,14,1,N,A,N,A,H,A,A,01,N,09,D,,,,,C,Y,N,D,1,0,0,0,21804.0,2,35.46631333,-119.15358251,3
2015,2015-04-09,2004,4,1,20,4,N,A,Y,A,H,D,A,01,S,01,C,,,,,C,Y,N,D,2,0,0,0,23152.0,2,35.28470427,-119.24307622,3
2015,2015-04-09,2305,4,1,23,4,N,A,Y,A,D,D,G,25,N,03,C,,,,Y,C,Y,N,A,1,0,0,0,22350.0,2,35.56039695,-119.60032696,4
2015,2015-04-19,1302,4,1,13,7,Y,A,Y,A,H,A,D,22,,09,D,,,,,C,Y,N,A,2,0,0,0,21801.0,2,35.39894803,-119.41229526,4
2015,2015-04-14,1600,4,1,16,2,N,A,N,A,H,A,-,- ,S,18,H,,,,,A,N,N,D,1,0,0,0,,1,35.2064232,-119.4072432,3
2015,2015-04-03,5,4,1,0,5,N,A,N,A,H,D,A,01,N,03,E,,,,,I,Y,F,D,2,0,0,0,22350.0,1,35.4361916,-119.01263291,3
2015,2015-04-13,1645,4,1,16,1,Y,A,N,A,H,A,A,01,,12,D,,,,,C,Y,N,A,3,0,0,0,22450.0,2,35.66007007,-119.20461996,2
2015,2015-04-18,2053,4,1,20,6,Y,A,Y,A,H,E,A,01,,17,D,,,,,C,Y,N,A,1,0,0,0,21451.0,2,35.25221104,-118.91442367,4
2015,2015-04-20,955,4,1,9,1,Y,A,Y,A,H,A,A,01,,12,D,,,,,C,Y,N,A,2,0,0,0,21453.0,2,35.25221104,-118.91442367,4
2015,2015-04-14,1250,4,1,12,2,N,B,Y,A,H,A,G,25,W,03,F,,,,Y,A,Y,N,D,1,0,0,0,22350.0,1,35.0617,-118.11304,3
2015,2015-04-16,813,4,1,8,4,N,A,Y,A,H,A,D,22,E,05,D,,,,,C,Y,N,D,1,0,0,0,21651.0,2,35.40754217,-118.85984991,3
2015,2015-04-17,1615,4,1,16,5,N,A,Y,A,H,A,A,01,N,09,D,,,,,C,N,N,D,2,0,0,0,21804.0,2,35.0680943,-118.17572089,3
2015,2015-04-21,1412,4,1,14,2,N,A,Y,A,H,A,D,22,S,08,F,,,,,A,Y,N,D,1,0,0,0,22107.0,1,35.08231133,-118.16026854,3
2015,2015-03-28,1724,3,1,17,6,N,A,Y,A,H,A,-,,E,08,H,,,,,A,Y,N,D,1,0,0,0,22107.0,1,35.01510723,-117.9613431,4
2015,2015-03-25,1751,3,1,17,3,Y,A,N,A,H,A,A,01,,03,C,,,,,C,Y,N,D,2,0,0,0,22350.0,2,35.12557005,-117.99487009,3
2015,2015-04-22,1230,4,1,12,3,N,A,Y,A,H,A,-,- ,N,18,B,,,,Y,C,Y,N,D,1,0,0,0,,2,34.82048907,-118.87911094,3
2015,2015-04-28,1855,4,1,18,2,N,A,N,A,H,A,E,22,E,04,C,,,,,C,N,N,D,2,0,0,0,21703.0,2,35.37597,-118.9395895,4
2015,2015-04-25,1230,4,1,12,6,N,C,Y,B,H,A,D,22,E,03,B,,,,,C,Y,N,D,1,0,0,0,22350.0,2,35.35215896,-118.91003041,3
2015,2015-04-18,600,4,1,6,6,N,A,Y,A,H,B,D,22,E,08,F,,,,,A,Y,N,D,2,0,0,0,22107.0,1,35.11528084,-118.37797458,3
2015,2015-04-28,813,4,1,8,2,N,A,Y,A,H,A,A,01,E,08,D,,,,,C,N,N,D,1,0,0,0,22107.0,2,35.06543297,-118.17781826,4
2015,2015-04-04,1530,4,1,15,6,N,A,Y,A,H,A,E,22,N,03,F,,,,,A,Y,N,D,1,0,0,0,22350.0,1,34.95247372,-118.16091945,3
2015,2015-04-15,1620,4,1,16,3,N,A,N,A,H,A,A,01,E,12,B,,,Y,,C,Y,N,A,1,0,0,1,21453.0,2,35.31775356,-119.03748404,4
2015,2015-04-15,842,4,1,8,3,Y,A,N,A,H,A,A,08,,12,D,,,,,C,Y,N,A,2,0,0,0,22450.0,2,35.37531001,-119.02933014,3
2015,2015-04-15,739,4,1,7,3,N,A,N,A,H,A,A,07,S,08,E,,,,,I,Y,N,D,1,0,0,0,22107.0,1,35.43650731,-119.09219981,4
2015,2015-04-14,645,4,1,6,2,Y,A,N,A,H,A,L,04,,05,H,,Y,,,G,N,N,A,1,0,1,0,21650.0,2,35.36494003,-119.03881009,4
2015,2015-04-14,1444,4,1,14,2,Y,A,N,A,H,A,-,- ,,- ,D,,,,,C,Y,N,A,1,0,0,0,,2,35.35796012,-119.0294101,3
2015,2015-04-13,947,4,1,9,1,N,A,N,A,H,A,-,- ,S,- ,E,,,Y,,I,N,N,D,1,0,0,1,,1,35.38284842,-119.01887476,4
2015,2015-04-14,733,4,1,7,2,Y,A,N,A,H,A,-,- ,,- ,D,,,,,C,Y,N,A,1,0,0,0,,2,35.35634006,-119.06124008,4
2015,2015-04-13,2205,4,1,22,1,Y,A,N,A,H,C,-,- ,,- ,D,,,,,C,Y,N,A,1,0,0,0,,2,35.35429012,-119.06125011,4
2015,2015-04-16,745,4,1,7,4,Y,A,N,A,H,A,A,01,,09,D,,,,,C,Y,N,A,1,0,0,0,21802.0,2,35.36875002,-118.95034001,3
2015,2015-04-13,1758,4,1,17,1,N,A,N,A,H,A,-,- ,N,- ,H,,Y,,,G,N,N,A,1,0,1,0,,2,35.35451116,-119.06926,4
2015,2015-04-19,1540,4,1,15,7,N,A,N,A,H,A,C,02,N,03,F,,,Y,,A,N,N,D,1,0,0,1,22350.0,1,35.74203521,-118.7158563,2
2015,2015-04-13,1738,4,1,17,1,N,A,N,A,H,A,-,- ,S,- ,C,,,,,C,N,N,A,1,0,0,0,,3,35.37626521,-119.03859391,4
2015,2015-04-22,815,4,1,8,3,Y,A,N,A,H,A,-,- ,,12,D,,,,,C,Y,N,A,2,0,0,0,21453.0,2,35.39041004,-118.98498001,4
2015,2015-04-13,1724,4,1,17,1,N,A,N,A,H,A,C,02,S,03,C,,,Y,,C,Y,N,D,1,0,0,1,22350.0,2,35.38698135,-118.9292793,3
2015,2015-04-23,135,4,1,1,4,N,A,Y,A,H,D,A,01,N,08,F,,,,,A,Y,N,D,3,0,0,0,22107.0,1,35.44997031,-119.09872552,3
2015,2015-04-15,1851,4,1,18,3,Y,A,N,A,H,B,-,- ,,- ,D,,,,,C,Y,N,A,2,0,0,0,,2,35.31781009,-119.04782001,4
2015,2015-04-13,1901,4,1,19,1,N,A,N,A,H,A,N,60,W,11,G,Y,,,,B,N,N,D,1,1,0,0,21954.0,2,35.30895205,-119.04849289,4
2015,2015-04-18,1730,4,1,17,6,N,A,N,A,H,A,A,07,N,03,C,,,,,C,Y,N,A,1,0,0,0,22350.0,3,35.37284611,-118.94981,4
2015,2015-04-06,1030,4,1,10,1,N,A,N,A,H,A,A,07,S,21,C,,,,,C,N,N,A,1,0,0,0,22106.0,2,35.40841423,-119.03894571,4
2015,2015-04-13,655,4,1,6,1,N,A,Y,A,H,A,A,01,N,03,C,,,,,C,Y,N,D,2,0,0,0,22350.0,2,35.39028928,-119.02387329,4
2015,2015-04-09,1208,4,1,12,4,N,A,N,A,H,A,C,02,S,08,B,,,Y,,C,N,N,D,1,0,0,1,22107.0,2,35.39575024,-119.14590592,3
2015,2015-04-24,1745,4,1,17,5,N,A,N,A,H,A,A,01,N,21,D,,,,,C,Y,N,D,1,0,0,0,22106.0,2,35.16161,-119.11064,4
2015,2015-04-27,1545,4,1,15,1,Y,A,N,A,H,A,C,02,,03,C,,,Y,,C,Y,F,D,1,0,0,1,22350.0,2,35.41461006,-119.03895002,2
2015,2015-04-18,222,4,1,2,6,N,A,N,A,H,D,A,01,W,01,E,,,,,I,Y,N,A,1,0,0,0,23152.0,1,35.42706215,-119.11229307,4
2015,2015-04-23,1025,4,1,10,4,N,A,Y,A,H,A,A,01,S,08,E,,,,,I,Y,N,D,1,0,0,0,22107.0,1,35.43828146,-119.08059719,3
2015,2015-04-27,2152,4,1,21,1,Y,A,N,A,H,D,N,60,,11,G,Y,,,,B,N,N,A,1,1,0,0,21954.0,2,35.40863004,-119.0255401,2
2015,2015-04-22,1310,4,1,13,3,N,B,N,A,H,A,A,07,N,08,E,,,,,I,Y,N,D,1,0,0,0,22107.0,1,35.27105854,-119.01199103,4
2015,2015-06-17,1635,6,2,16,3,Y,A,Y,A,H,A,A,01,,09,D,,,,,C,Y,N,A,3,0,0,0,21801.0,2,35.36182159,-118.91425147,3
2015,2015-06-15,1610,6,2,16,1,N,A,N,A,H,A,A,07,S,09,D,,,,,C,Y,N,A,2,0,0,0,21804.0,3,35.25101385,-118.86050484,4
2015,2015-04-16,1439,4,1,14,4,Y,A,N,A,H,A,A,07,,12,D,,,,,C,N,N,A,2,0,0,0,21453.0,3,35.31301003,-119.05669014,3
2015,2015-04-18,2032,4,1,20,6,N,A,N,A,H,A,C,02,W,03,C,,,Y,,C,N,N,D,1,0,0,1,22350.0,2,35.32498256,-119.04361766,3
2015,2015-04-16,1420,4,1,14,4,N,A,N,A,H,A,-,99,W,22,D,,,,,C,N,F,A,1,0,0,0,,2,35.38355111,-119.10131481,4
2015,2015-04-18,1030,4,1,10,6,Y,A,N,A,H,A,D,22,,12,D,,,,,C,Y,N,A,2,0,0,0,21453.0,3,35.36871007,-119.03878011,4
2015,2015-04-17,2052,4,1,20,5,N,A,N,A,H,C,C,06,E,08,E,,,Y,,I,N,N,A,1,0,0,1,22107.0,1,35.27424635,-119.06527239,4
2015,2015-04-17,1256,4,1,12,5,Y,A,Y,A,H,A,A,01,,17,D,,,,,C,Y,N,A,1,0,0,0,21461.0,2,35.38231319,-119.0104986,4
2015,2015-04-18,1030,4,1,10,6,N,A,N,A,H,A,A,01,E,03,C,,,,,C,N,N,D,4,0,0,0,22350.0,2,35.40989468,-118.97939641,3
2015,2015-04-18,1555,4,1,15,6,N,A,N,A,H,A,A,01,W,09,D,,,Y,,C,Y,N,D,1,0,0,1,21804.0,2,35.38004416,-119.01688243,3
2015,2015-04-16,1110,4,1,11,4,Y,A,N,A,H,A,L,04,,12,H,,Y,,,G,N,N,A,1,0,1,0,21453.0,2,,,3
2015,2015-04-17,600,4,1,6,5,N,A,N,A,H,B,A,01,S,03,D,,,,,E,Y,N,D,1,0,0,0,22350.0,3,35.35495526,-118.99081,4
2015,2015-03-19,1126,3,1,11,4,N,A,N,A,H,A,-,,,22,G,Y,,,,B,N,F,D,1,1,0,0,,2,35.11798446,-118.45003635,4
2015,2015-04-14,1230,4,1,12,2,N,A,N,A,H,A,A,01,W,05,A,,,,,C,Y,F,D,1,0,0,0,21650.0,3,35.36369647,-118.93668965,3
2015,2015-04-10,1547,4,1,15,5,N,A,N,A,H,A,A,01,S,09,B,,,,,C,Y,N,D,1,0,0,0,21802.0,2,35.77274115,-119.24786544,4
2015,2015-04-10,1620,4,1,16,5,N,A,N,A,H,A,A,01,N,03,C,,,,,C,Y,N,D,1,0,0,0,22350.0,4,35.77292196,-119.24790641,4
2015,2015-04-23,1701,4,1,17,4,Y,A,N,A,H,A,F,55,,09,D,,,,Y,C,Y,N,A,1,0,0,0,21802.0,2,35.15455009,-119.45251986,4
2015,2015-03-27,640,3,1,6,5,N,A,N,A,H,A,A,01,W,01,H,,,,,J,Y,N,D,1,0,0,0,23152.0,1,35.13695354,-119.43217967,4
2015,2015-03-28,940,3,1,9,6,N,A,N,A,H,A,A,01,S,08,B,,,,,C,Y,N,D,1,0,0,0,22103.0,2,35.13849085,-119.47412225,4
2015,2015-03-18,2130,3,1,21,3,N,A,Y,A,H,C,A,01,S,01,B,,,,,C,Y,F,D,2,0,0,0,23153.0,2,35.14575786,-119.46780006,3
2015,2015-03-14,2200,3,1,22,6,N,A,N,A,H,C,A,01,E,01,B,,,,,E,Y,N,D,1,0,0,0,23152.0,2,35.15044805,-119.45491325,3
2015,2015-04-19,2330,4,1,23,7,N,A,N,A,H,D,A,01,W,08,F,,,,,A,Y,N,D,1,0,0,0,22107.0,1,35.09454989,-119.10993169,4
2015,2015-04-24,1455,4,1,14,5,N,B,N,A,H,A,A,01,E,- ,C,,,,,C,N,N,A,3,0,0,0,,3,35.3830445,-119.04310852,4
2015,2015-04-21,1247,4,1,12,2,Y,A,N,A,H,A,D,22,,01,D,,,,,C,Y,M,A,1,0,0,0,23152.0,2,35.33219005,-119.01518004,4
2015,2015-04-20,129,4,1,1,1,N,A,N,A,H,C,D,22,E,08,B,,,,,E,Y,F,D,1,0,0,0,22107.0,3,35.30312,-119.0225185,4
2015,2015-04-22,918,4,1,9,3,N,A,N,A,H,A,D,22,N,08,D,,,,,C,Y,N,A,2,0,0,0,22107.0,2,35.38514281,-119.02347,4
2015,2015-05-04,743,5,1,7,1,N,A,Y,A,H,A,A,01,E,08,C,,,,Y,C,Y,N,D,1,0,0,0,22107.0,2,35.00517557,-117.8132512,4
2015,2015-05-05,2105,5,1,21,2,N,A,Y,A,H,D,D,22,W,01,C,,,,,C,Y,N,D,1,0,0,0,23152.0,3,35.12428899,-118.47377267,4
2015,2015-04-23,1215,4,1,12,4,Y,A,N,A,H,A,D,22,,09,D,,,,,C,N,N,A,1,0,0,0,21453.0,2,35.4998,-119.17018987,4
2015,2015-05-07,1545,5,1,15,4,N,A,Y,A,H,A,D,22,N,08,F,,,,,A,Y,N,D,1,0,0,0,22107.0,1,35.55119837,-119.0874554,4
2015,2015-05-07,1326,5,1,13,4,N,F,N,A,H,A,D,22,E,03,C,,,,,C,N,N,D,1,0,0,0,22350.0,2,35.29610803,-119.20107543,4
2015,2015-06-10,1743,6,2,17,3,N,B,N,A,H,A,-,- ,N,- ,E,,,,,I,Y,N,D,1,0,0,0,,1,35.31043116,-119.02763,4
2015,2015-06-07,2148,6,2,21,7,N,A,N,A,H,D,A,01,W,01,C,,,,,C,Y,N,D,1,0,0,0,23152.0,2,35.77584846,-119.27700373,4
2015,2015-06-22,1235,6,2,12,1,N,A,N,A,H,A,A,01,E,08,A,,,,Y,E,Y,N,D,1,0,0,0,22107.0,2,35.36169075,-118.90520952,3
2015,2015-06-18,500,6,2,5,4,N,A,N,A,H,B,A,01,E,08,C,,,,,C,Y,N,D,1,0,0,0,22107.0,2,35.09392099,-118.97763847,3
2015,2015-06-19,2152,6,2,21,5,Y,A,N,A,H,C,A,01,,09,A,,,,,C,Y,N,A,3,0,0,0,21453.0,2,35.31039004,-119.00299005,2
2015,2015-06-20,935,6,2,9,6,N,A,N,A,H,A,A,01,W,03,C,,,,,C,N,N,D,1,0,0,0,22350.0,2,35.41807581,-119.04967671,4
2015,2015-06-28,2105,6,2,21,7,N,A,N,A,H,D,A,01,W,03,C,,,,,C,N,N,D,3,0,0,0,22350.0,2,35.36134954,-118.95867699,4
2015,2015-04-15,1500,4,1,15,3,N,A,Y,A,H,A,-,- ,S,- ,E,,,,Y,J,Y,N,D,0,0,0,0,,2,35.20816585,-119.16161513,1
2015,2015-04-07,1815,4,1,18,2,N,A,N,A,H,A,N,60,N,11,G,Y,,,,B,N,N,D,0,0,0,0,21954.0,2,35.40679274,-119.02106,1
2015,2015-04-08,15,4,1,0,3,N,A,Y,A,H,D,A,01,N,05,A,,,,,C,Y,N,D,2,0,0,0,21460.0,2,35.4878633,-117.6583315,1
2015,2015-04-26,350,4,1,3,7,N,A,N,A,H,D,A,01,W,01,A,,,,,E,Y,N,D,1,0,0,0,23152.0,2,35.66710393,-119.25172438,3
2015,2015-04-24,1503,4,1,15,5,N,A,N,A,H,A,A,01,W,03,F,,,,,-,Y,N,D,2,0,0,0,22350.0,1,35.29592218,-118.9896272,3
2015,2015-04-21,1637,4,1,16,2,Y,A,N,A,H,A,-,- ,,- ,D,,,,,C,Y,N,A,1,0,0,0,,3,35.36075002,-119.00515007,4
2015,2015-04-21,1527,4,1,15,2,Y,A,N,A,H,A,-,- ,,- ,D,,,,,C,Y,N,A,1,0,0,0,,2,35.31565007,-119.0300801,4
2015,2015-04-21,1515,4,1,15,2,N,B,N,A,H,A,A,01,S,08,E,,,,,I,N,N,D,1,0,0,0,22107.0,1,35.40837788,-119.01062154,4
2015,2015-04-21,1512,4,1,15,2,Y,B,N,A,H,A,A,01,,09,D,,,,,C,Y,N,A,2,0,0,0,21804.0,2,35.36649007,-119.01647008,4
2015,2015-04-21,1428,4,1,14,2,N,A,N,A,H,A,A,01,E,03,E,,,,,I,N,N,A,1,0,0,0,22350.0,1,35.34669,-119.02052352,4
2015,2015-04-21,804,4,1,8,2,Y,A,N,A,H,A,-,- ,,- ,D,,,,,C,Y,N,A,1,0,0,0,,2,35.35385003,-119.00158,4
2015,2015-04-20,647,4,1,6,1,N,A,N,A,H,B,A,01,N,08,E,,,,,I,Y,N,D,1,0,0,0,22107.0,1,35.34805099,-119.01892,4
2015,2015-04-23,1140,4,1,11,4,Y,A,N,A,H,A,-,- ,,- ,D,,,,,C,Y,N,A,1,0,0,0,,2,35.33954009,-119.03006008,4
2015,2015-04-23,1024,4,1,10,4,N,A,N,A,H,A,A,01,W,08,B,,,,,C,N,N,A,1,0,0,0,22107.0,2,35.37355857,-119.03900396,4
2015,2015-04-23,754,4,1,7,4,N,A,N,A,H,A,A,01,N,21,G,Y,,,,B,N,N,D,1,1,0,0,22106.0,2,35.40917835,-118.94019383,3
2015,2015-04-23,711,4,1,7,4,Y,A,N,A,H,A,-,- ,,- ,D,,,,,C,Y,N,A,2,0,0,0,,2,35.33959001,-119.04338009,4
2015,2015-04-22,1722,4,1,17,3,N,A,N,A,H,A,L,04,N,08,H,,Y,,,G,N,N,D,1,0,1,0,22107.0,2,35.31180408,-119.04782,3
2015,2015-04-22,1701,4,1,17,3,N,B,N,A,H,A,C,02,S,03,C,,,Y,,C,N,N,A,1,0,0,1,22350.0,2,35.34674824,-119.04795059,3
2015,2015-04-22,1615,4,1,16,3,N,A,N,A,H,A,A,01,S,08,H,,Y,,,G,N,N,D,1,0,1,0,22107.0,2,35.35799865,-119.06121118,3
2015,2015-04-22,1540,4,1,15,3,Y,A,N,A,H,A,-,- ,,- ,D,,,,,C,Y,N,D,2,0,0,0,,2,35.33219008,-118.98984011,4
2015,2015-04-24,930,4,1,9,5,N,A,N,A,H,A,A,01,W,08,E,,,,,I,Y,N,D,1,0,0,0,22107.0,1,35.41980199,-119.10348118,4
2015,2015-04-20,1540,4,1,15,1,N,A,Y,A,H,A,A,07,E,08,E,,,,,I,Y,N,D,1,0,0,0,22107.0,1,35.38351105,-119.15087517,4
2015,2015-04-21,1710,4,1,17,2,N,A,N,A,H,A,A,01,N,03,C,,,,,C,Y,N,D,2,0,0,0,22350.0,2,35.33318579,-119.00310913,4
2015,2015-04-18,1305,4,1,13,6,Y,A,N,A,H,A,A,01,,09,D,,,Y,,C,Y,N,D,1,0,0,1,21801.0,2,35.41640005,-119.03003013,3
2015,2015-04-24,1650,4,1,16,5,N,A,Y,A,H,A,A,01,W,08,E,,,,,I,Y,N,D,1,0,0,0,22107.0,1,35.39616496,-118.95690289,2
2015,2015-04-17,620,4,1,6,5,Y,A,Y,A,H,A,A,07,,09,D,,,,,C,Y,N,A,2,0,0,0,21802.0,2,35.42496595,-119.06363044,4