ACCIDENT_YEAR,COLLISION_DATE,COLLISION_TIME,MONTH,SEASON,24HOURS,DAY_OF_WEEK,INTERSECTION,WEATHER_1,STATE_HWY_IND,ROAD_SURFACE,ROAD_COND_1,LIGHTING,STWD_VEHTYPE_AT_FAULT,CHP_VEHTYPE_AT_FAULT,DIRECTION,PCF_VIOL_CATEGORY,TYPE_OF_COLLISION,PEDESTRIAN_ACCIDENT,BICYCLE_ACCIDENT,MOTORCYCLE_ACCIDENT,TRUCK_ACCIDENT,MVIW,TOW_AWAY,HIT_AND_RUN,CONTROL_DEVICE,NUMBER_INJURED,COUNT_PED_INJURED,COUNT_BICYCLIST_INJURED,COUNT_MC_INJURED,PCF_VIOLATION,PARTY_COUNT,POINT_Y,POINT_X,COLLISION_SEVERITY
2015,2015-04-10,1301,4,1,13,5,N,A,N,A,H,A,-,,W,09,D,,,,,C,N,N,A,1,0,0,0,21802.0,2,35.60786002,-117.70129007,4
2015,2015-04-10,33,4,1,0,5,N,A,N,A,H,C,A,01,W,01,E,,,,,J,Y,N,D,1,0,0,0,23152.0,1,35.6371877,-117.69127147,4
2015,2015-05-13,1802,5,1,18,3,N,A,N,A,H,A,A,07,N,01,C,,,,,E,N,N,D,2,0,0,0,23153.0,2,35.39308786,-119.01866198,3
2015,2015-05-12,1738,5,1,17,2,N,A,N,A,H,A,D,22,E,03,C,,,,,C,N,N,A,2,0,0,0,22350.0,2,35.29593,-119.04763265,4
2015,2015-05-11,1531,5,1,15,1,N,A,N,A,H,A,A,01,W,03,C,,,,,C,Y,N,D,3,0,0,0,22350.0,4,35.38116,-119.03857,3
2015,2015-05-11,1207,5,1,12,1,N,A,N,A,H,A,D,22,N,- ,C,,,,,C,N,N,A,1,0,0,0,,2,35.30573246,-119.09225315,4
2015,2015-05-14,1705,5,1,17,4,N,B,Y,B,H,A,F,26,S,08,E,,,,Y,I,Y,N,A,1,0,0,0,22107.0,1,35.17888933,-119.13014725,4
2015,2015-05-14,940,5,1,9,4,N,B,Y,A,H,A,A,01,W,05,A,,,,,C,Y,N,D,3,0,0,0,21460.0,2,35.33647111,-119.79011257,3
2015,2015-04-28,714,4,1,7,2,Y,A,N,A,H,A,A,01,,09,D,,,,,C,Y,N,A,2,0,0,0,21802.0,2,35.32508009,-119.06009011,4
2015,2015-04-28,1514,4,1,15,2,Y,A,N,A,H,A,-,- ,,- ,D,,Y,,,G,N,N,A,1,0,1,0,,2,35.29908003,-119.01188004,4
2015,2015-04-29,1531,4,1,15,3,Y,B,N,A,H,A,-,- ,,- ,D,,,,,C,N,N,A,1,0,0,0,,2,35.37529008,-119.02583,4
2015,2015-04-30,36,4,1,0,4,N,A,N,A,H,C,A,01,S,01,E,,,,,I,Y,N,D,1,0,0,0,23152.0,1,35.31033726,-119.05669,4
2015,2015-04-30,1806,4,1,18,4,Y,A,N,A,H,A,A,01,,09,A,,,,,C,Y,N,A,1,0,0,0,21801.0,2,35.34669002,-119.01185013,3
2015,2015-04-30,1441,4,1,14,4,Y,B,N,A,H,A,-,- ,,09,D,,,,,C,N,N,D,2,0,0,0,21800.0,2,35.40006009,-118.96859003,4
2015,2015-05-16,1645,5,1,16,6,N,A,N,A,H,A,A,01,S,08,D,,,,,C,Y,N,D,1,0,0,0,22107.0,2,35.39514074,-118.98759,4
2015,2015-05-18,630,5,1,6,1,Y,A,Y,A,H,A,D,22,,09,D,,,,,C,Y,N,A,1,0,0,0,21802.0,2,35.71769597,-119.33043251,3
2015,2015-05-19,900,5,1,9,2,Y,A,Y,A,H,A,D,22,,03,C,,,,,C,N,N,A,1,0,0,0,22350.0,2,35.36196711,-118.914251,4
2015,2015-05-18,740,5,1,7,1,Y,A,Y,A,H,A,D,22,,09,D,,,,,C,Y,N,A,1,0,0,0,21802.0,2,35.36730764,-118.91424412,4
2015,2015-05-20,1825,5,1,18,3,Y,A,N,A,H,A,L,04,,05,D,,Y,,,G,N,F,D,1,0,1,0,21202.0,2,35.39650011,-118.98920002,3
2015,2015-05-20,1920,5,1,19,3,N,A,N,A,H,A,L,04,W,12,D,,Y,,,G,N,F,A,1,0,1,0,22450.0,2,35.36494,-118.9697635,4
2015,2015-05-06,1010,5,1,10,3,N,A,N,A,H,A,G,25,N,03,E,,,,Y,I,Y,N,D,1,0,0,0,22350.0,1,35.66237875,-118.74561055,4
2015,2015-05-22,1115,5,1,11,5,N,B,Y,A,H,A,-,99,S,07,E,,,,,I,Y,F,D,2,0,0,0,21658.0,2,35.39945787,-119.03617672,4
2015,2015-05-03,1343,5,1,13,7,Y,A,N,A,H,A,A,08,,01,B,,,,,C,Y,N,A,2,0,0,0,23152.0,2,35.37591005,-118.95635007,3
2015,2015-05-14,1645,5,1,16,4,N,A,Y,B,H,A,F,21,E,03,C,,,,Y,C,Y,N,D,3,0,0,0,22350.0,6,35.35276051,-119.02972323,4
2015,2015-05-22,2100,5,1,21,5,N,A,Y,A,H,D,A,01,N,03,C,,,,,C,Y,N,D,3,0,0,0,22350.0,3,35.61996065,-119.65624194,4
2015,2015-05-10,1235,5,1,12,7,Y,A,N,A,H,A,A,07,,09,D,,,,,C,Y,N,D,3,0,0,0,21804.0,2,35.21639004,-118.82431002,4
2015,2015-05-08,2310,5,1,23,5,N,A,Y,A,H,D,A,07,E,01,E,,,,,I,Y,N,D,1,0,0,0,23152.0,1,35.60163889,-119.30241508,2
2015,2015-05-21,540,5,1,5,4,Y,B,N,A,H,B,A,08,,09,D,,,,,C,Y,N,A,5,0,0,0,21802.0,2,35.12218011,-118.96769007,3
2015,2015-05-22,700,5,1,7,5,N,B,N,B,H,A,A,01,S,03,B,,,,,C,Y,N,D,1,0,0,0,22350.0,3,35.37209166,-118.94982,4
2015,2015-05-18,1652,5,1,16,1,N,A,Y,A,H,A,A,01,N,09,D,,,,,C,Y,N,D,1,0,0,0,21804.0,2,35.24986071,-118.91442661,4
2015,2015-05-18,545,5,1,5,1,N,-,N,-,-,-,A,01,E,09,D,,,,,C,Y,N,D,4,0,0,0,21801.0,2,35.09290444,-118.90943218,2
2015,2015-05-18,1252,5,1,12,1,N,B,N,A,H,A,A,01,E,08,F,,,,,A,Y,N,D,1,0,0,0,22107.0,1,35.29594191,-118.98005866,4
2015,2015-05-10,1320,5,1,13,7,Y,A,N,A,H,A,C,02,,01,E,,,Y,,I,N,N,D,1,0,0,1,23152.0,1,35.42244008,-119.10613012,3
2015,2015-05-15,1630,5,1,16,5,N,B,Y,A,H,A,-,99,N,07,B,,,Y,,C,N,F,D,1,0,0,1,21658.0,3,35.38712069,-119.04465499,3
2015,2015-05-15,1000,5,1,10,5,N,B,N,A,H,A,-,- ,N,18,E,,,,,J,N,N,D,1,0,0,0,,1,35.29333501,-118.61783487,3
2015,2015-05-15,625,5,1,6,5,N,B,N,A,H,A,A,07,W,09,D,,,,,C,Y,N,D,2,0,0,0,21801.0,2,35.4105318,-119.01245941,4
2015,2015-05-13,1449,5,1,14,3,Y,B,N,A,H,A,-,- ,,- ,D,,,,,C,N,N,A,2,0,0,0,,2,35.40555008,-119.1492301,4
2015,2015-05-13,1534,5,1,15,3,N,B,N,A,H,A,A,01,W,03,C,,,,,C,Y,N,A,1,0,0,0,22350.0,2,35.2958974,-119.0121912,4
2015,2015-05-13,1532,5,1,15,3,Y,A,N,A,H,A,-,- ,,- ,C,,,,,C,Y,N,D,2,0,0,0,,2,35.35889006,-119.02128009,4
2015,2015-05-11,1650,5,1,16,1,Y,A,N,A,H,A,A,01,,09,A,,,,,C,N,N,A,3,0,0,0,21801.0,2,35.37527003,-119.01888988,3
2015,2015-05-11,1952,5,1,19,1,N,A,N,A,H,B,-,,E,09,B,,,,,C,N,M,D,1,0,0,0,21804.0,2,35.35399606,-119.0210991,4
2015,2015-05-12,1621,5,1,16,2,Y,A,N,A,H,A,A,01,,09,D,,,,,C,Y,N,A,1,0,0,0,21801.0,2,35.3781401,-119.02118004,4
2015,2015-05-12,1726,5,1,17,2,N,A,N,A,H,A,A,07,E,03,C,,,,,C,N,N,D,1,0,0,0,22350.0,2,35.36820817,-119.04213837,4
2015,2015-05-16,920,5,1,9,6,N,A,Y,A,H,A,F,27,N,03,F,,,,Y,A,Y,N,D,1,0,0,0,22350.0,1,35.40262557,-119.04263814,3
2015,2015-04-17,1800,4,1,18,5,Y,A,N,A,H,A,D,22,,01,D,,,,Y,C,Y,N,A,1,0,0,0,23152.0,3,35.15089004,-118.85083009,4
2015,2015-05-16,1620,5,1,16,6,N,B,N,A,H,A,A,01,S,03,C,,,,,C,N,N,D,1,0,0,0,22350.0,2,35.38038605,-119.14557702,4
2015,2015-05-15,2245,5,1,22,5,N,A,N,A,H,C,D,22,S,03,C,,,,,C,N,N,A,2,0,0,0,22350.0,2,35.34337885,-118.93203051,4
2015,2015-05-12,2123,5,1,21,2,N,A,Y,A,H,C,A,07,E,12,A,,,,Y,C,Y,N,D,1,0,0,0,22450.0,2,35.71550806,-119.2362415,4
2015,2015-05-13,1515,5,1,15,3,N,A,Y,A,H,A,A,01,S,08,B,,,,Y,C,Y,N,D,1,0,0,0,22107.0,3,35.57298623,-119.0879439,3
2015,2015-05-11,1235,5,1,12,1,N,A,Y,A,H,A,C,02,E,03,B,,,Y,Y,C,Y,N,D,1,0,0,1,22350.0,2,35.44138455,-119.07480092,3
2015,2015-05-09,300,5,1,3,6,N,A,N,A,H,D,D,22,E,01,E,,,,,I,Y,N,D,1,0,0,0,23152.0,1,34.81939536,-118.93563869,3
2015,2015-05-04,154,5,1,1,1,Y,A,N,A,H,C,F,26,,01,E,,,,Y,I,Y,M,D,1,0,0,0,23152.0,1,35.19902012,-118.83313006,3
2015,2015-02-13,1809,2,4,18,5,N,A,N,A,H,C,A,01,S,03,C,,,,,C,N,N,D,1,0,0,0,22350.0,2,35.62767057,-117.66988456,4
2015,2015-02-23,751,2,4,7,1,N,B,N,B,H,A,A,01,N,01,C,,,,,C,N,N,A,1,0,0,0,23152.0,2,35.61531109,-117.67007877,4
2015,2015-04-29,1940,4,1,19,3,N,A,N,A,H,B,A,01,W,08,E,,,,,I,Y,N,D,1,0,0,0,22107.0,1,35.44105334,-119.08840664,3
2015,2015-04-06,2228,4,1,22,1,Y,A,Y,A,H,C,A,01,,09,D,,,,,C,Y,N,D,1,0,0,0,21802.0,2,35.14310465,-119.45942644,4
2015,2015-05-17,1250,5,1,12,7,N,B,N,A,H,A,A,01,W,03,C,,,,,C,Y,N,D,1,0,0,0,22350.0,2,35.36860562,-118.97725103,4
2015,2015-05-15,1430,5,1,14,5,N,-,Y,-,-,-,A,07,W,08,-,,,,,-,Y,N,-,1,0,0,0,22107.0,1,35.39833849,-119.29101541,4
2015,2015-05-13,900,5,1,9,3,Y,A,N,A,H,A,A,01,,09,D,,,,,C,Y,N,A,2,0,0,0,21802.0,2,35.35439,-119.19872996,4
2015,2015-05-13,700,5,1,7,3,Y,A,N,A,H,A,A,01,,12,G,Y,,,,B,N,N,A,1,1,0,0,22450.0,2,35.44185,-119.02225,4
2014,2014-05-15,2105,5,1,21,4,Y,A,N,A,H,D,C,06,,12,D,,,Y,,D,Y,N,A,1,0,0,1,22450.0,2,35.13186004,-119.45619998,4
2015,2015-05-18,1941,5,1,19,1,N,A,N,A,H,B,A,01,W,08,D,,,,,C,Y,N,D,3,0,0,0,22107.0,2,35.36455063,-119.00429694,4
2015,2015-05-19,1346,5,1,13,2,N,A,N,A,H,A,A,01,S,- ,C,,,,,C,Y,N,A,1,0,0,0,,2,35.3732728,-119.0212,4
2015,2015-05-22,1945,5,1,19,5,N,A,Y,A,H,B,A,01,N,08,E,,,,Y,I,Y,N,D,1,0,0,0,22107.0,2,35.59866328,-119.63886552,3
2015,2015-05-19,1421,5,1,14,2,N,A,Y,A,H,A,G,25,N,07,F,,,,Y,A,Y,N,D,2,0,0,0,21658.0,3,35.68493231,-119.70413221,3
2015,2015-05-22,2240,5,1,22,5,N,A,Y,A,H,D,A,01,N,03,C,,,,Y,C,Y,N,D,4,0,0,0,22350.0,7,35.73811161,-119.74418371,4
2015,2015-05-11,1700,5,1,17,1,N,A,N,A,H,A,A,01,S,08,B,,,,,C,Y,N,D,3,0,0,0,22107.0,2,34.89425723,-118.16189763,3
2015,2015-05-09,1320,5,1,13,6,N,A,N,A,H,A,A,07,S,08,E,,,,,I,Y,N,D,6,0,0,0,22107.0,1,34.99651122,-118.32976733,3
2015,2015-05-08,1440,5,1,14,5,N,A,N,A,H,A,A,01,W,07,B,,,,,C,Y,N,D,3,0,0,0,21658.0,2,34.8642098,-118.1752833,4
2015,2015-05-15,1424,5,1,14,5,Y,B,Y,A,H,A,A,07,,12,D,,,,,C,Y,N,A,2,0,0,0,21453.0,2,35.39388745,-118.96941465,4
2015,2015-05-16,821,5,1,8,6,N,A,N,A,H,A,-,- ,W,- ,D,,,,,C,Y,N,D,1,0,0,0,,3,35.3544704,-119.06946097,4
2015,2015-05-11,2252,5,1,22,1,N,A,N,A,H,C,A,01,E,05,A,,,,,C,Y,N,A,2,0,0,0,21651.0,2,35.44131436,-119.09114548,3
2015,2015-05-05,2345,5,1,23,2,N,A,Y,A,H,C,A,01,N,01,B,,,,,I,Y,N,D,1,0,0,0,23152.0,1,35.33999399,-119.03946282,3
2015,2015-05-06,2005,5,1,20,3,N,A,N,A,H,D,A,01,S,01,C,,,,,C,Y,N,D,1,0,0,0,23152.0,2,35.22263492,-118.82438166,2
2015,2015-05-18,1414,5,1,14,1,Y,A,N,A,H,A,A,07,,12,D,,,,,C,Y,N,A,1,0,0,0,22450.0,2,35.37625011,-118.9186701,4
2015,2015-05-07,736,5,1,7,4,Y,A,N,A,H,A,A,01,,03,C,,,,,C,Y,N,D,3,0,0,0,22350.0,2,35.62855007,-117.66490003,4
2015,2015-05-22,726,5,1,7,5,N,A,N,A,H,A,A,01,N,08,D,,,,,C,N,N,D,2,0,0,0,22102.0,5,35.75091477,-119.24077275,3
2015,2015-05-20,705,5,1,7,3,Y,A,N,A,H,A,L,04,,12,D,,Y,,,G,N,N,A,1,0,1,0,21453.0,2,35.61888006,-117.67000012,3
2015,2015-05-28,2007,5,1,20,4,Y,A,N,A,H,C,A,01,,09,D,,,,,C,N,N,D,1,0,0,0,21800.0,2,35.62481005,-117.67223004,4
2015,2015-06-23,1015,6,2,10,2,N,A,N,A,H,A,A,07,N,08,E,,,,,I,Y,N,D,1,0,0,0,22107.0,1,34.85078553,-119.13854239,2
2015,2015-05-22,2050,5,1,20,5,N,A,N,A,H,C,D,22,N,03,C,,,,,C,N,F,A,1,0,0,0,22350.0,2,35.49999543,-119.27832677,4
2015,2015-05-21,2300,5,1,23,4,N,B,N,A,H,D,D,22,S,08,F,,,,,A,Y,N,D,2,0,0,0,22107.0,1,35.29242724,-119.34573054,4
2015,2015-05-25,1505,5,1,15,1,N,A,Y,A,H,A,D,22,S,08,F,,,,,I,Y,N,D,2,0,0,0,22107.0,1,35.26683598,-119.22455049,2
2015,2015-05-28,330,5,1,3,4,N,A,Y,A,D,D,G,25,S,08,F,,,,Y,A,Y,N,D,1,0,0,0,22107.0,1,35.59847697,-119.63814447,4
2015,2015-05-26,1650,5,1,16,2,N,A,Y,A,H,A,D,22,W,03,C,,,,,C,Y,N,D,1,0,0,0,22350.0,2,35.20746037,-119.40834862,4
2015,2015-05-27,730,5,1,7,3,N,A,Y,A,H,A,-,- ,N,07,B,,,,Y,C,N,N,D,1,0,0,0,21658.0,2,35.62125675,-119.65676612,4
2015,2015-05-26,454,5,1,4,2,N,A,Y,A,H,D,A,01,N,01,B,,,,,C,Y,N,D,3,0,0,0,23152.0,2,35.06259371,-119.00241648,3
2015,2015-05-31,1610,5,1,16,7,N,A,Y,A,H,A,M,47,N,08,F,,,,,A,Y,N,D,2,0,0,0,22107.0,1,35.09723566,-119.03997463,3
2015,2015-05-28,1155,5,1,11,4,N,A,Y,A,H,A,A,01,E,08,F,,,,,A,Y,N,D,1,0,0,0,22107.0,1,35.61629537,-119.64639409,4
2015,2015-04-23,1445,4,1,14,4,N,A,N,A,H,A,A,01,E,09,A,,,,,C,Y,N,D,2,0,0,0,21801.0,2,35.79048813,-119.21420217,3
2014,2014-03-20,1702,3,1,17,4,Y,A,N,A,H,A,A,01,,- ,C,,,,,D,Y,N,-,2,0,0,0,,2,35.14988652,-118.58236492,3
2015,2015-05-14,330,5,1,3,4,N,A,Y,A,H,D,A,01,S,01,E,,,,Y,I,Y,N,D,1,0,0,0,23152.0,2,35.31740444,-119.03602673,3
2014,2014-05-21,1720,5,1,17,3,N,A,Y,A,H,A,D,22,W,08,F,,,,,A,Y,M,D,1,0,0,0,22107.0,2,,,4
2015,2015-05-23,1315,5,1,13,6,Y,A,N,A,H,A,A,01,,03,C,,,,,C,Y,N,D,1,0,0,0,22350.0,2,35.41227008,-119.02999001,4
2015,2015-05-26,1635,5,1,16,2,N,A,N,A,H,A,D,22,W,05,A,,,,,C,Y,N,D,1,0,0,0,21650.0,2,35.23791626,-119.04613374,3
2015,2015-05-14,1545,5,1,15,4,N,C,Y,B,H,A,D,22,W,08,F,,,,,A,Y,N,D,2,0,0,0,22107.0,1,35.35256463,-118.98629361,4
2015,2015-05-17,1230,5,1,12,7,N,A,N,A,H,A,A,01,S,21,C,,,,,C,N,N,A,1,0,0,0,22106.0,2,35.39746513,-118.98517911,4
2015,2015-05-16,655,5,1,6,6,N,A,Y,A,H,A,D,22,N,08,C,,,,,E,Y,N,D,3,0,0,0,22107.0,2,35.347225,-119.03966464,3
2015,2015-05-12,2330,5,1,23,2,N,A,N,A,H,D,D,22,E,01,E,,,,,I,Y,N,D,1,0,0,0,23152.0,1,35.50713002,-119.29400616,2
2015,2015-05-21,1305,5,1,13,4,N,A,N,A,H,A,D,22,S,09,D,,,Y,,C,N,N,D,1,0,0,1,21804.0,2,35.34354964,-119.00311,3
2015,2015-05-22,815,5,1,8,5,N,B,N,B,H,A,A,01,N,03,C,,,,,C,Y,N,D,1,0,0,0,22350.0,2,35.44201137,-119.19957109,3
2015,2015-05-22,1830,5,1,18,5,N,A,N,A,H,A,A,01,N,03,C,,,,,C,Y,N,D,2,0,0,0,22350.0,2,35.40977209,-119.03898546,3
2015,2015-05-22,840,5,1,8,5,N,C,Y,B,H,A,A,08,S,03,C,,,,,C,N,N,D,1,0,0,0,22350.0,2,35.35678666,-119.03932889,4
2015,2015-05-22,900,5,1,9,5,N,C,Y,B,H,A,A,01,N,03,E,,,,,I,Y,N,D,1,0,0,0,22350.0,1,35.37171557,-119.0434518,4
2015,2015-05-22,501,5,1,5,5,N,B,Y,B,H,D,A,01,S,03,C,,,,,C,Y,N,D,2,0,0,0,22350.0,2,35.59796554,-119.21046829,2
2015,2015-05-25,204,5,1,2,1,N,A,Y,A,H,C,A,01,N,01,E,,,,,I,Y,N,D,1,0,0,0,23152.0,1,35.33241181,-119.03950622,4
2015,2015-05-19,820,5,1,8,2,Y,A,N,A,H,A,A,08,,09,D,,,,,C,Y,N,A,4,0,0,0,21453.0,2,35.36132003,-118.96760011,3
2015,2015-05-13,1235,5,1,12,3,Y,A,N,A,H,A,A,01,,09,D,,,,,C,Y,N,A,1,0,0,0,21802.0,3,35.40864003,-119.01878006,4
2015,2015-05-13,1025,5,1,10,3,Y,A,N,A,H,A,L,04,,12,D,,Y,,,G,N,F,A,1,0,1,0,21453.0,2,35.41636011,-119.03914012,4
2015,2015-05-26,710,5,1,7,2,N,A,N,A,H,A,A,07,E,03,C,,,,,C,N,N,D,1,0,0,0,22350.0,2,35.30313,-119.00313,4
2015,2015-05-25,925,5,1,9,1,N,A,N,A,H,A,A,01,W,08,E,,,,,I,Y,N,D,1,0,0,0,22107.0,1,35.23810106,-118.84907418,4
2015,2015-05-24,1035,5,1,10,7,N,F,N,A,H,A,A,01,N,08,E,,,,,I,Y,N,D,1,0,0,0,22107.0,1,35.16151175,-119.03928187,4
2015,2015-05-17,720,5,1,7,7,N,A,Y,A,H,A,A,01,E,01,E,,,,,I,Y,N,D,1,0,0,0,23152.0,1,35.38108451,-119.0148507,3
2015,2015-05-22,1535,5,1,15,5,N,B,Y,B,H,A,A,01,W,08,E,,,,,I,Y,N,D,2,0,0,0,22107.0,1,35.474501,-118.73064417,3
2015,2015-05-24,1224,5,1,12,7,N,A,N,A,H,A,C,02,S,08,F,,,Y,,A,Y,N,D,1,0,0,1,22107.0,1,,,3
2015,2015-05-14,1959,5,1,19,4,N,C,N,B,H,C,-,- ,W,00,B,,,,,C,Y,N,D,1,0,0,0,,2,35.33959874,-119.04460226,4
2015,2015-06-26,2237,6,2,22,5,N,A,N,A,H,C,A,01,S,01,C,,,,,C,Y,N,A,1,0,0,0,23152.0,3,35.29581811,-119.03907,4
2015,2015-06-26,1812,6,2,18,5,N,A,N,A,H,A,A,08,W,03,C,,,,,A,N,N,D,3,0,0,0,22350.0,2,35.38347923,-119.09033407,4
2015,2015-06-26,1300,6,2,13,5,N,A,Y,A,H,A,C,02,N,08,F,,,Y,,A,N,N,A,1,0,0,1,22107.0,1,34.91667052,-118.92510426,3
2015,2015-06-22,1701,6,2,17,1,Y,A,N,A,H,A,-,- ,,- ,D,,,,,C,N,N,A,1,0,0,0,,2,35.35427,-119.0545801,4
2015,2015-06-23,615,6,2,6,2,N,A,N,A,H,A,A,01,N,03,C,,,,,C,Y,N,A,2,0,0,0,22350.0,2,35.39082779,-119.11005758,4
2015,2015-06-23,1215,6,2,12,2,N,A,N,A,H,A,-,- ,E,- ,C,,,,,C,N,N,D,1,0,0,0,,2,35.35388257,-119.13672525,4
2015,2015-06-23,1742,6,2,17,2,Y,A,N,A,H,A,-,99,,12,D,,,,,C,N,M,A,1,0,0,0,21453.0,2,35.41014004,-118.9764801,4
2015,2015-06-23,1920,6,2,19,2,N,A,N,A,H,A,A,01,N,08,B,,,,,C,Y,N,D,1,0,0,0,22107.0,2,35.40123318,-119.0028196,4
2015,2015-06-24,645,6,2,6,3,Y,A,N,A,H,A,A,01,,- ,E,,,,,I,Y,N,A,1,0,0,0,,1,35.33959001,-119.04338009,4
2015,2015-06-26,921,6,2,9,5,Y,A,Y,A,H,A,A,01,,12,D,,,,,C,Y,N,A,2,0,0,0,21453.0,2,35.36595755,-119.04072751,3
2015,2015-06-26,1345,6,2,13,5,Y,A,N,A,H,A,-,- ,,- ,D,,,,,C,Y,N,A,1,0,0,0,,2,35.31773011,-119.03009001,4
2015,2015-06-26,1229,6,2,12,5,N,A,N,A,H,A,A,07,S,03,C,,,,,C,Y,N,A,1,0,0,0,22350.0,2,35.37903745,-119.01874065,4
2015,2015-06-27,1516,6,2,15,6,N,B,N,A,H,A,-,- ,E,- ,C,,,,,C,N,N,D,2,0,0,0,,2,35.31811783,-119.05611354,4
2015,2015-06-28,211,6,2,2,7,Y,A,N,A,H,C,A,01,,01,B,,,,,C,N,F,A,1,0,0,0,23152.0,2,35.37691007,-118.99288012,3
2015,2015-06-28,350,6,2,3,7,Y,A,N,A,H,C,A,01,,12,D,,,,,C,N,N,A,1,0,0,0,21453.0,2,35.3701101,-119.00285006,3
2015,2015-06-24,1140,6,2,11,3,N,A,Y,A,D,A,A,01,E,03,C,,,,,C,N,N,A,1,0,0,0,22350.0,2,35.39809802,-118.88817418,4
2015,2015-06-23,717,6,2,7,2,N,A,N,A,H,A,-,- ,W,00,C,,,,,C,N,N,A,1,0,0,0,,3,35.29646,-119.0305,4
2015,2015-06-23,1037,6,2,10,2,N,A,N,A,H,A,-,- ,S,- ,G,Y,,,,B,N,N,A,1,1,0,0,,2,35.38000336,-119.01999096,4
2015,2015-06-23,1059,6,2,10,2,N,A,N,A,H,A,C,02,S,03,C,,,Y,,E,Y,N,D,1,0,0,1,22350.0,2,35.39776,-119.00587,3
2015,2015-05-23,1444,5,1,14,6,Y,A,N,A,H,A,A,01,,12,D,,,,,C,Y,F,A,3,0,0,0,22450.0,2,35.49985007,-119.26937,4
2015,2015-05-27,1155,5,1,11,3,Y,A,N,A,H,A,I,11,,09,B,,,,,C,Y,N,A,1,0,0,0,21802.0,3,35.23801006,-118.87830004,4
2015,2015-06-01,1725,6,2,17,1,N,A,N,A,H,A,D,22,S,21,C,,,,,C,N,N,A,1,0,0,0,22106.0,2,35.40471982,-119.02098661,4
2015,2015-05-29,1945,5,1,19,5,Y,A,N,A,H,A,D,22,,12,D,,,,,C,Y,N,A,5,0,0,0,22450.0,2,35.36490002,-118.97637001,4
2015,2015-05-18,1425,5,1,14,1,Y,A,N,A,H,A,A,01,,09,D,,,,,C,Y,N,D,1,0,0,0,21801.0,2,35.43313008,-119.01244008,4
2015,2015-05-26,1755,5,1,17,2,N,A,N,A,H,A,C,02,W,08,F,,,Y,,A,Y,N,D,2,0,0,2,22107.0,1,35.43158909,-117.67834352,3
2015,2015-05-25,1130,5,1,11,1,N,A,N,A,H,A,A,01,S,08,F,,,,,A,Y,N,D,1,0,0,0,22107.0,1,35.18863789,-117.98581904,3
2015,2015-05-21,1530,5,1,15,4,N,A,Y,A,H,A,A,01,N,08,E,,,,,I,N,N,D,1,0,0,0,22107.0,1,35.21425533,-118.05475134,4
2015,2015-05-24,1510,5,1,15,7,Y,A,N,A,H,A,A,01,,09,D,,,,,C,Y,N,D,1,0,0,0,21802.0,2,35.14856005,-118.49479011,4
2015,2015-05-22,955,5,1,9,5,Y,B,N,A,H,A,A,01,,09,D,,,,,C,Y,N,D,1,0,0,0,21800.0,2,35.05164007,-118.17062007,4
2015,2015-05-20,1335,5,1,13,3,N,A,N,A,H,A,A,01,E,08,E,,,,,I,Y,N,D,1,0,0,0,22107.0,1,35.14086769,-118.50612615,2
2015,2015-02-20,1704,2,4,17,5,Y,A,N,A,H,A,L,04,,03,E,,Y,,,I,N,N,D,1,0,1,0,22350.0,1,35.61527005,-117.66839014,3
2015,2015-05-27,1615,5,1,16,3,N,A,Y,A,H,A,D,22,W,05,A,,,,,C,Y,N,D,3,0,0,0,21650.0,2,35.47696481,-118.73151044,2
2015,2015-04-26,211,4,1,2,7,N,A,N,A,H,D,D,22,S,01,E,,,,,I,Y,N,D,1,0,0,0,23152.0,1,35.26653702,-118.82489682,4
2015,2015-05-22,940,5,1,9,5,Y,A,N,A,H,A,G,25,,09,D,,,,Y,C,N,N,A,2,0,0,0,21801.0,2,35.28186008,-118.84285002,4
2015,2015-06-02,1220,6,2,12,2,N,A,N,A,H,A,A,07,N,12,B,,,,Y,C,Y,N,A,1,0,0,0,21453.0,5,35.31778293,-119.00313,4
2015,2015-05-31,2120,5,1,21,7,N,A,N,A,H,D,N,60,E,11,G,Y,,,,B,N,N,D,1,1,0,0,21954.0,2,35.37869,-118.93868,3
2015,2015-05-29,1645,5,1,16,5,N,A,N,A,H,A,N,60,E,11,G,Y,,,,B,N,N,D,1,1,0,0,21950.0,2,35.37225021,-118.9540931,3
2015,2015-05-11,1905,5,1,19,1,N,A,Y,A,H,A,A,01,E,08,E,,,,,I,Y,N,D,1,0,0,0,22107.0,1,35.64829902,-118.48494576,4
2015,2015-05-22,140,5,1,1,5,N,A,Y,A,H,C,-,99,W,08,G,Y,,,,B,N,F,D,1,1,0,0,22107.0,2,35.26688632,-119.03399297,3
2015,2015-05-19,2326,5,1,23,2,N,A,N,A,H,C,L,04,E,01,F,,Y,,,A,N,N,D,1,0,1,0,21200.0,1,35.41226874,-119.03852642,3
2015,2015-05-22,1445,5,1,14,5,N,A,Y,A,D,A,A,01,W,07,B,,,,,C,Y,N,D,1,0,0,0,21658.0,3,35.35259994,-119.00494898,4
2015,2015-05-20,2328,5,1,23,3,N,A,N,A,H,D,-,99,E,03,G,Y,,,,B,N,F,D,1,1,0,0,22350.0,2,35.25239881,-118.92275483,2
2015,2015-05-22,2110,5,1,21,5,N,B,Y,A,H,C,A,01,N,04,C,,,,,C,Y,N,D,2,0,0,0,21703.0,2,35.77649116,-119.25248255,4
2015,2015-05-21,1115,5,1,11,4,N,A,N,A,H,A,A,08,S,09,D,,,,,C,Y,N,A,1,0,0,0,21802.0,2,35.3413396,-118.98544496,3
2015,2015-05-31,30,5,1,0,7,N,A,Y,A,H,C,-,99,E,09,E,,,,Y,I,Y,F,D,1,0,0,0,21801.0,2,35.61631642,-119.64868863,3
2015,2015-06-02,1535,6,2,15,2,N,A,Y,A,H,A,D,22,W,03,C,,,,,C,Y,N,A,3,0,0,0,22350.0,2,35.2673595,-119.25290779,4