ACCIDENT_YEAR,COLLISION_DATE,COLLISION_TIME,MONTH,SEASON,24HOURS,DAY_OF_WEEK,INTERSECTION,WEATHER_1,STATE_HWY_IND,ROAD_SURFACE,ROAD_COND_1,LIGHTING,STWD_VEHTYPE_AT_FAULT,CHP_VEHTYPE_AT_FAULT,DIRECTION,PCF_VIOL_CATEGORY,TYPE_OF_COLLISION,PEDESTRIAN_ACCIDENT,BICYCLE_ACCIDENT,MOTORCYCLE_ACCIDENT,TRUCK_ACCIDENT,MVIW,TOW_AWAY,HIT_AND_RUN,CONTROL_DEVICE,NUMBER_INJURED,COUNT_PED_INJURED,COUNT_BICYCLIST_INJURED,COUNT_MC_INJURED,PCF_VIOLATION,PARTY_COUNT,POINT_Y,POINT_X,COLLISION_SEVERITY
2015,2015-07-11,725,7,2,7,6,N,A,N,A,H,A,-,- ,E,18,H,,,Y,,A,N,N,D,1,0,0,1,,1,35.38001794,-118.97798673,4
2015,2015-07-10,2119,7,2,21,5,N,A,N,A,H,E,N,60,W,11,G,Y,,,,B,N,N,D,1,1,0,0,21954.0,2,35.29588,-119.01858065,3
2015,2015-07-11,241,7,2,2,6,Y,A,N,A,H,C,A,01,,09,D,,,,,C,Y,F,D,1,0,0,0,21800.0,2,35.3570401,-119.00703013,2
2015,2015-07-10,2055,7,2,20,5,N,A,N,A,H,C,A,07,N,08,D,,,,,D,Y,N,A,6,0,0,0,22107.0,2,35.39216,-118.95753655,4
2015,2015-07-10,2040,7,2,20,5,N,A,N,A,H,C,A,01,N,05,A,,,,,E,Y,N,D,1,0,0,0,21460.0,3,35.3618964,-119.01648,4
2015,2015-07-14,1445,7,2,14,2,N,A,N,A,H,A,A,01,S,07,B,,,Y,,C,Y,N,D,1,0,0,1,21658.0,2,35.36110884,-119.14551,3
2015,2015-07-15,458,7,2,4,3,N,A,N,A,H,C,N,60,E,11,G,Y,,,,B,N,N,D,1,1,0,0,21955.0,2,35.38101,-119.01964491,2
2015,2015-07-15,1201,7,2,12,3,Y,A,N,A,H,A,-,- ,,00,D,,,,,C,Y,N,A,1,0,0,0,,2,35.37908006,-119.01057989,4
2015,2015-07-12,1951,7,2,19,7,N,A,N,A,H,C,A,01,E,01,E,,,,,I,Y,F,D,2,0,0,0,23153.0,2,35.39770441,-118.95738533,3
2015,2015-07-12,2055,7,2,20,7,Y,A,N,-,H,C,-,- ,,00,D,,,,,C,Y,N,A,1,0,0,0,,2,35.37821006,-119.03858001,4
2015,2015-07-13,1145,7,2,11,1,N,A,N,A,H,A,A,01,E,10,G,Y,,,,B,N,N,A,1,1,0,0,21952.0,2,35.41934667,-119.12486764,4
2015,2015-07-13,1548,7,2,15,1,N,B,N,A,H,A,A,08,E,01,C,,,,,C,N,M,A,1,0,0,0,23152.0,2,35.32500937,-119.04766938,4
2015,2015-07-11,1830,7,2,18,6,Y,A,N,A,H,A,A,01,,09,B,,,,,C,N,F,A,1,0,0,0,21800.0,2,35.34670006,-118.99419013,4
2015,2015-07-17,2348,7,2,23,5,N,A,N,A,H,C,A,07,E,01,E,,,,,I,Y,N,D,1,0,0,0,23152.0,1,35.35429506,-119.08015767,4
2015,2015-07-26,140,7,2,1,7,N,A,Y,A,H,A,A,01,N,03,C,,,,,C,Y,N,D,1,0,0,0,22350.0,2,34.90175598,-118.92278004,4
2015,2015-07-25,1430,7,2,14,6,N,A,N,A,H,A,A,01,N,01,F,,,,,A,Y,N,D,1,0,0,0,23152.0,1,34.93786913,-118.14945179,3
2015,2015-08-01,710,8,2,7,6,N,A,Y,A,H,A,D,22,N,07,B,,,,Y,C,Y,N,D,4,0,0,0,21658.0,3,35.00168098,-118.95033709,3
2015,2015-08-01,1015,8,2,10,6,N,A,Y,A,D,A,A,01,N,03,C,,,,,C,Y,N,A,8,0,0,0,22350.0,5,34.94348088,-118.93184254,3
2015,2015-08-08,1030,8,2,10,6,Y,A,N,A,H,A,A,07,,09,A,,,,,C,Y,N,D,2,0,0,0,21804.0,2,34.83895001,-119.05197002,3
2015,2015-08-07,2110,8,2,21,5,N,A,Y,A,H,D,A,01,S,03,C,,,,,C,Y,M,D,4,0,0,0,22350.0,2,35.07681848,-118.97410832,4
2015,2015-08-03,1515,8,2,15,1,N,A,Y,A,H,A,A,01,S,08,D,,,,,C,Y,N,D,1,0,0,0,22107.0,2,35.33022666,-119.03932741,4
2015,2015-08-06,715,8,2,7,4,N,A,Y,A,H,A,A,07,W,08,F,,,,,A,Y,N,D,1,0,0,0,22107.0,1,35.20980748,-118.74265593,4
2015,2015-09-15,1830,9,3,18,2,N,A,N,A,H,A,D,22,W,17,D,,Y,,,G,N,M,D,1,0,1,0,22517.0,2,35.7831643,-119.22555937,4
2015,2015-09-19,1430,9,3,14,6,Y,A,N,A,H,A,-,- ,S,00,D,,,,,C,Y,N,A,1,0,0,0,,2,35.78317,-119.24508,4
2015,2015-09-20,1945,9,3,19,7,N,A,N,A,H,D,D,22,W,09,C,,,,,C,Y,N,D,1,0,0,0,21804.0,2,35.77583928,-119.29828122,4
2015,2015-06-23,1017,6,2,10,2,N,A,N,A,H,A,D,22,S,04,C,,,,,C,N,N,A,1,0,0,0,21703.0,2,35.62247452,-117.66995,4
2015,2015-07-08,953,7,2,9,3,Y,A,N,A,H,A,A,07,,12,D,,,,,C,Y,N,A,2,0,0,0,22450.0,2,35.6480401,-117.68777001,3
2015,2015-07-02,1038,7,2,10,4,N,A,Y,A,H,A,A,08,N,03,C,,,,,C,N,N,D,1,0,0,0,22350.0,3,35.63050085,-117.66993011,4
2015,2015-06-26,1604,6,2,16,5,N,A,Y,A,H,A,A,07,E,01,C,,,,,C,N,N,A,1,0,0,0,23152.0,2,35.63699246,-117.66988026,4
2015,2015-06-24,730,6,2,7,3,Y,A,N,A,H,A,A,01,,00,D,,,,,C,Y,N,A,2,0,0,0,21543.0,2,35.61888006,-117.67000012,4
2015,2015-07-28,1616,7,2,16,2,Y,A,N,A,H,A,D,22,,09,D,,,,,D,N,N,A,2,0,0,0,21801.0,2,35.33944007,-119.02895008,4
2015,2015-07-28,159,7,2,1,2,N,A,N,A,H,C,F,26,N,08,E,,,,Y,I,N,N,A,1,0,0,0,22107.0,1,35.28149976,-119.05668109,4
2015,2015-08-16,203,8,2,2,7,N,A,N,A,H,C,D,22,W,01,C,,,,,E,Y,N,D,1,0,0,0,23152.0,2,35.37337355,-119.00640122,2
2015,2015-08-16,14,8,2,0,7,N,A,N,A,H,C,D,22,N,01,E,,,,,I,Y,N,D,2,0,0,0,23152.0,1,35.38387506,-119.04319,3
2015,2015-08-10,1755,8,2,17,1,Y,A,N,A,H,A,-,99,,12,D,,,,,C,N,M,A,1,0,0,0,22450.0,2,35.29593008,-118.98536007,4
2015,2015-08-06,1735,8,2,17,4,N,A,N,A,H,A,D,22,E,03,C,,,,,C,N,N,D,1,0,0,0,22350.0,2,35.33956755,-119.04186997,4
2015,2015-08-06,1258,8,2,12,4,Y,B,N,A,H,A,A,01,,17,D,,,,,C,Y,N,A,2,0,0,0,21657.0,3,35.38097006,-118.99141008,3
2015,2015-08-13,1701,8,2,17,4,N,A,N,A,H,A,N,60,W,11,G,Y,,,,B,N,N,A,1,1,0,0,21456.0,2,35.37327,-119.01891005,3
2015,2015-08-15,2209,8,2,22,6,N,A,N,A,H,C,A,01,E,01,C,,,,Y,C,N,M,A,1,0,0,0,23152.0,2,35.29598,-119.03881898,3
2015,2015-08-12,1716,8,2,17,3,Y,A,N,A,H,A,-,- ,,00,B,,,,,C,N,N,D,1,0,0,0,,2,35.29597003,-119.03743012,4
2015,2015-08-11,1704,8,2,17,2,N,A,N,A,H,A,B,07,W,01,C,,,,,C,Y,N,D,1,0,0,0,23152.0,2,35.31819332,-119.06250477,4
2015,2015-08-11,1720,8,2,17,2,Y,A,N,A,H,A,D,22,,03,D,,,,,E,N,N,A,2,0,0,0,22350.0,2,35.38343005,-118.91660007,4
2015,2015-08-08,1150,8,2,11,6,N,A,N,A,H,A,A,01,E,03,C,,,,,C,Y,M,D,3,0,0,0,22350.0,3,35.50068267,-119.27333972,3
2015,2015-08-07,1435,8,2,14,5,N,A,N,A,H,A,A,01,S,08,E,,,,,I,Y,N,D,2,0,0,0,22107.0,1,35.0141064,-118.1856109,4
2015,2015-08-20,1705,8,2,17,4,N,A,N,A,H,A,A,01,S,03,C,,,,,C,N,N,A,1,0,0,0,22350.0,3,35.37953606,-119.01874065,4
2015,2015-08-18,1601,8,2,16,2,N,A,N,A,H,A,-,- ,W,- ,C,,,,,C,N,N,D,1,0,0,0,,2,35.353891,-119.01432047,4
2015,2015-08-18,1056,8,2,10,2,N,A,N,A,H,A,D,22,N,08,E,,,,,I,Y,N,D,1,0,0,0,22107.0,1,35.33254,-119.14566,4
2015,2015-08-05,1605,8,2,16,3,Y,A,Y,A,H,A,-,,,09,D,,,,,C,Y,N,D,2,0,0,0,21801.0,3,35.57973004,-119.33417998,4
2015,2015-08-17,1539,8,2,15,1,Y,A,N,A,H,A,-,,,12,H,,Y,,,G,N,N,A,1,0,1,0,22450.0,2,35.58702004,-119.33515991,3
2015,2015-08-10,2049,8,2,20,1,Y,A,Y,A,H,C,-,- ,,08,B,,,,,C,N,N,D,1,0,0,0,22107.0,2,35.601537,-119.33817903,4
2015,2015-08-16,1824,8,2,18,7,N,A,N,A,H,A,N,60,S,11,G,Y,,,,B,N,N,D,1,1,0,0,21954.0,2,35.58506652,-119.33659281,3
2015,2015-08-24,531,8,2,5,1,Y,A,N,A,H,B,-,,,03,G,Y,,,,B,N,N,D,1,1,0,0,22350.0,2,35.58882001,-119.34490998,4
2015,2015-08-17,1411,8,2,14,1,N,A,N,A,H,A,-,- ,N,00,B,,,,,C,N,N,D,1,0,0,0,,2,35.40776231,-119.09231845,4
2015,2015-07-26,40,7,2,0,7,N,A,Y,A,H,D,A,01,S,01,C,,,,,C,Y,N,D,1,0,0,0,23152.0,2,34.90792419,-118.92370522,2
2015,2015-07-31,1930,7,2,19,5,N,A,Y,A,H,A,A,01,W,08,C,,,Y,,C,N,F,A,1,0,0,1,22100.0,2,35.49873566,-119.16213612,3
2015,2015-08-02,948,8,2,9,7,N,A,Y,A,H,A,A,08,N,08,F,,,,,A,Y,N,D,7,0,0,0,22107.0,1,34.93991732,-118.93092054,3
2015,2015-07-27,2200,7,2,22,1,N,A,Y,A,H,C,D,22,E,09,B,,,,,C,Y,N,D,2,0,0,0,21801.0,2,35.14575786,-119.46780006,4
2015,2015-08-11,1345,8,2,13,2,-,A,Y,A,H,A,A,01,,03,C,,,,,C,Y,N,D,2,0,0,0,22350.0,2,35.12748533,-118.46773392,3
2015,2015-08-07,2310,8,2,23,5,N,A,Y,A,H,D,A,01,W,08,E,,,,,I,Y,N,D,1,0,0,0,22107.0,1,35.52048103,-118.67419688,4
2015,2015-07-19,2153,7,2,21,7,N,B,N,B,H,C,A,01,N,17,G,Y,,,,B,N,N,D,1,1,0,0,21712.0,2,35.14274745,-119.44754025,2
2015,2015-07-24,1217,7,2,12,5,N,A,N,A,H,A,D,22,E,03,C,,,,Y,C,N,N,A,1,0,0,0,22350.0,2,35.44169,-119.15379664,4
2015,2015-08-13,1748,8,2,17,4,N,B,N,A,H,A,-,- ,E,- ,B,,,,,C,N,N,A,1,0,0,0,,2,35.33954,-119.03876884,4
2015,2015-08-13,1030,8,2,10,4,Y,A,N,A,H,A,A,01,,09,D,,,,,C,Y,N,A,1,0,0,0,21802.0,2,35.37811009,-118.98918014,3
2015,2015-08-06,2008,8,2,20,4,Y,A,N,A,H,C,A,01,,01,D,,,,,C,Y,N,A,2,0,0,0,23152.0,2,35.39024007,-118.9675801,3
2015,2015-08-12,1836,8,2,18,3,N,A,N,A,H,A,C,06,W,03,D,,,Y,,E,N,N,D,1,0,0,1,22350.0,2,,,3
2015,2015-08-14,759,8,2,7,5,N,A,N,A,H,A,A,01,W,09,D,,,Y,,C,Y,N,D,1,0,0,1,21804.0,2,35.29588,-119.02177522,3
2015,2015-08-09,1021,8,2,10,7,N,A,N,A,H,A,-,- ,E,00,B,,,,,C,N,N,D,1,0,0,0,,2,35.33949,-119.00516977,4
2015,2015-08-08,2230,8,2,22,6,N,A,N,A,H,C,-,99,W,03,C,,,,,C,N,F,A,1,0,0,0,22350.0,2,35.29589619,-119.01233177,4
2015,2015-08-12,904,8,2,9,3,Y,A,N,A,H,A,-,- ,,- ,D,,,,,C,N,N,A,1,0,0,0,,2,35.38004011,-119.01524001,4
2015,2015-08-08,1823,8,2,18,6,Y,A,N,A,H,A,A,01,,12,D,,,,,C,Y,N,A,1,0,0,0,21453.0,2,35.29616009,-119.09215002,3
2015,2015-08-13,1622,8,2,16,4,Y,A,N,A,H,A,-,- ,,- ,C,,,,,C,N,N,A,1,0,0,0,,2,35.38004011,-119.01524001,4
2015,2015-08-08,1834,8,2,18,6,N,A,N,A,H,A,A,01,W,03,C,,,,,C,Y,N,A,3,0,0,0,22350.0,2,35.30345053,-119.11881708,3
2015,2015-08-10,1340,8,2,13,1,Y,A,N,A,H,A,-,- ,,- ,D,,,,,C,N,N,A,2,0,0,0,,2,35.28863008,-119.00314003,4
2015,2015-08-08,1210,8,2,12,6,Y,A,Y,A,H,A,A,01,,09,D,,,Y,,C,Y,N,A,1,0,0,1,21801.0,2,35.37440029,-119.00292046,2
2015,2015-08-09,1604,8,2,16,7,N,A,N,A,H,A,-,- ,S,00,B,,,,,C,Y,N,D,1,0,0,0,,4,35.36855908,-119.03878,4
2015,2015-08-09,1045,8,2,10,7,Y,A,N,A,H,A,-,- ,,12,D,,,,,C,N,N,A,3,0,0,0,21453.0,2,35.38609002,-119.10993014,4
2015,2015-08-13,823,8,2,8,4,N,A,N,A,H,A,A,01,E,08,C,,,,,E,Y,N,D,2,0,0,0,22107.0,2,35.35779059,-118.94900273,4
2014,2014-08-15,1116,8,2,11,5,N,A,Y,A,H,A,A,01,E,01,C,,,,,C,Y,N,A,1,0,0,0,23152.0,2,35.32497,-119.03861166,4
2015,2015-08-15,925,8,2,9,6,Y,A,N,A,H,A,A,01,,09,D,,,,,C,N,N,D,3,0,0,0,21800.0,2,35.40847003,-118.97947002,3
2015,2015-08-12,1513,8,2,15,3,Y,A,N,A,H,A,-,- ,,- ,H,,Y,,,G,N,N,A,1,0,1,0,,2,35.30324005,-119.06166,4
2015,2015-08-14,2132,8,2,21,5,Y,A,N,A,H,C,A,01,,01,D,,,,,C,Y,N,A,2,0,0,0,23152.0,2,35.31301003,-119.05669014,3
2015,2015-08-11,1500,8,2,15,2,Y,A,N,A,H,A,A,01,,10,G,Y,,,,B,N,N,A,1,1,0,0,21950.0,2,35.39050006,-119.01054,3
2015,2015-08-07,1425,8,2,14,5,N,A,N,A,H,A,C,02,E,03,E,,,Y,,J,Y,N,D,1,0,0,1,22350.0,1,35.37471597,-118.98372399,3
2015,2015-08-11,1502,8,2,15,2,N,A,N,A,H,A,-,99,S,08,B,,,,,C,N,M,D,1,0,0,0,22107.0,2,35.36296513,-118.9885506,4
2015,2015-08-06,2154,8,2,21,4,Y,A,N,A,H,C,A,01,,01,D,,,,,C,Y,N,A,1,0,0,0,23152.0,2,35.30345004,-119.11872005,4
2015,2015-08-11,1530,8,2,15,2,N,A,N,A,B,A,A,01,N,03,C,,,,,C,N,N,D,3,0,0,0,22350.0,2,35.36458796,-119.00304973,4
2015,2015-08-01,958,8,2,9,6,N,A,Y,A,H,A,C,02,N,08,B,,,Y,,C,N,N,D,2,0,0,2,22107.0,2,35.39670025,-118.92988351,2
2015,2015-07-29,751,7,2,7,3,N,A,N,A,H,A,-,- ,S,- ,D,,,,,C,Y,N,D,2,0,0,0,,2,35.35320961,-119.06125647,4
2015,2015-07-21,1538,7,2,15,2,Y,A,N,A,H,A,C,02,,12,D,,,Y,,C,N,N,A,1,0,0,1,21453.0,2,35.3685501,-119.01415011,3
2015,2015-07-22,1913,7,2,19,3,N,A,N,A,H,A,A,07,E,01,D,,,,,C,Y,N,D,2,0,0,0,23152.0,2,35.3322,-119.03864181,3
2015,2015-07-31,1059,7,2,10,5,N,A,N,A,H,A,A,01,N,08,B,,,,,C,Y,N,D,2,0,0,0,22107.0,2,35.33268726,-119.05846356,2
2015,2015-07-30,2031,7,2,20,4,Y,A,N,A,H,A,-,- ,,- ,D,,,,,C,Y,N,A,1,0,0,0,,2,35.34431009,-119.06136006,4
2015,2015-07-30,1934,7,2,19,4,N,A,N,A,H,A,A,01,E,09,D,,,,,C,N,N,D,2,0,0,0,21804.0,2,35.32509473,-119.06456492,4
2015,2015-07-30,1627,7,2,16,4,Y,B,N,A,H,A,-,- ,,- ,D,,,,,C,Y,N,A,1,0,0,0,,2,35.37875004,-118.98214,4
2015,2015-07-28,222,7,2,2,2,N,A,N,A,H,C,A,01,E,08,E,,,,,I,Y,M,D,1,0,0,0,22107.0,1,35.3359,-119.04776,3
2015,2015-07-30,2134,7,2,21,4,N,A,N,A,H,C,A,07,E,08,D,,,,,C,Y,M,D,1,0,0,0,22100.0,2,35.39796078,-119.13138876,4
2015,2015-08-05,205,8,2,2,3,N,A,N,A,H,C,A,01,W,08,C,,Y,,,G,N,M,A,1,0,1,0,22107.0,2,35.35435352,-119.10424685,3
2015,2015-08-04,2051,8,2,20,2,Y,A,N,A,H,C,-,- ,,00,D,,,,,C,N,N,A,1,0,0,0,,2,35.34669002,-119.01185013,4
2015,2015-08-03,1623,8,2,16,1,Y,A,N,A,H,A,A,01,,09,D,,,,,C,Y,N,D,1,0,0,0,21801.0,2,35.33217011,-119.02818006,4
2015,2015-08-16,1732,8,2,17,7,Y,A,Y,A,H,A,A,08,,12,D,,,,,C,N,N,A,1,0,0,0,21453.0,2,35.39388745,-118.96941465,4
2015,2015-08-16,1804,8,2,18,7,Y,A,N,A,H,A,A,07,,10,G,Y,,,,B,N,N,A,1,1,0,0,21950.0,2,35.36648005,-118.99588,3
2015,2015-08-16,757,8,2,7,7,N,A,N,A,H,A,-,- ,W,00,G,Y,,,,B,N,F,D,1,1,0,0,,2,35.38191753,-118.98103222,2
2015,2015-08-16,951,8,2,9,7,Y,A,N,A,H,A,A,01,,12,D,,,,,C,N,N,A,1,0,0,0,21453.0,4,35.3395401,-119.03902011,4
2015,2015-08-16,45,8,2,0,7,Y,A,N,A,H,C,-,- ,,18,E,,,Y,,J,Y,N,D,1,0,0,1,,1,35.38279001,-119.01172011,3
2015,2015-08-06,914,8,2,9,4,N,B,N,A,H,A,-,- ,W,00,D,,,,,C,N,N,D,3,0,0,0,,2,35.34686779,-119.05659478,4
2015,2015-08-05,1930,8,2,19,3,N,A,N,A,H,A,L,04,W,05,H,,Y,,,G,N,N,A,1,0,1,0,21650.0,2,35.33947,-119.04893522,4
2015,2015-08-04,531,8,2,5,2,N,A,N,A,H,B,A,01,W,08,D,,,,,C,Y,F,D,1,0,0,0,22107.0,2,35.34679122,-119.04912711,4
2015,2015-08-16,1708,8,2,17,7,N,A,Y,A,H,A,A,01,E,03,C,,,,,C,N,N,A,4,0,0,0,22350.0,3,35.38293589,-119.042779,3
2015,2015-07-30,1423,7,2,14,4,N,B,N,A,H,A,L,04,W,05,D,,Y,,,G,N,N,D,1,0,1,0,21202.0,2,35.33231,-119.05391059,4
2015,2015-07-30,1310,7,2,13,4,N,B,N,A,H,A,-,- ,W,00,B,,,,,C,N,N,D,2,0,0,0,,2,35.31773513,-119.03568767,4
2015,2015-07-29,1304,7,2,13,3,Y,A,N,A,H,A,-,- ,,- ,D,,,,,C,Y,N,A,1,0,0,0,,2,35.37342006,-119.02348005,4
2015,2015-08-13,1413,8,2,14,4,Y,A,N,A,H,A,A,01,,03,B,,Y,,,G,N,N,A,1,0,1,0,22350.0,2,35.13209005,-118.44751005,4
2015,2015-08-16,1346,8,2,13,7,N,A,N,A,H,A,A,01,S,08,F,,,,,A,Y,N,D,1,0,0,0,22107.0,1,35.1028301,-117.91880513,4
2015,2015-08-11,1755,8,2,17,2,N,A,N,A,H,A,A,01,W,03,C,,,,,C,Y,N,A,1,0,0,0,22350.0,3,34.86433273,-118.16761566,4
2015,2015-08-06,2228,8,2,22,4,N,B,N,A,H,C,A,01,N,01,E,,,,,I,Y,N,D,1,0,0,0,23152.0,1,35.40488213,-119.03971814,3
2015,2015-08-17,823,8,2,8,1,Y,A,N,A,H,A,D,22,,12,D,,,,,C,Y,N,B,2,0,0,0,21453.0,5,35.3181701,-119.05678002,4
2015,2015-08-24,1759,8,2,17,1,Y,A,N,A,H,A,-,- ,,- ,D,,,,,C,N,N,A,2,0,0,0,,2,35.36709001,-119.09220014,4
2015,2015-08-23,1513,8,2,15,7,N,A,N,A,H,A,-,- ,E,- ,D,,,,,C,N,N,D,1,0,0,0,,2,35.34597191,-119.05490907,4
2015,2015-08-23,1420,8,2,14,7,N,A,N,A,H,A,D,22,W,03,C,,,,,C,Y,N,D,5,0,0,0,22350.0,4,35.33953058,-119.03455348,4
2015,2015-08-21,2118,8,2,21,5,Y,A,N,A,H,C,D,22,,17,D,,,,,C,N,M,A,4,0,0,0,21451.0,2,35.36080002,-119.01891003,4
2015,2015-08-20,1243,8,2,12,4,Y,A,N,A,H,A,-,- ,,00,D,,,,,C,N,N,A,1,0,0,0,,2,35.38100011,-119.01755005,4
2015,2015-08-21,1544,8,2,15,5,Y,A,Y,A,H,A,A,01,,17,A,,,,,C,Y,N,A,1,0,0,0,21451.0,2,35.26699921,-119.05673053,4
2015,2015-08-20,1427,8,2,14,4,Y,A,N,A,H,A,A,01,,12,D,,,,,C,Y,N,A,2,0,0,0,21453.0,2,35.34882002,-119.12738009,4
2015,2015-08-11,1253,8,2,12,2,Y,A,N,A,H,A,A,08,,12,D,,,,,C,Y,N,A,3,0,0,0,21453.0,2,35.35446006,-119.09238003,3
2015,2015-08-22,1708,8,2,17,6,N,A,N,A,H,A,-,- ,E,00,D,,,,,C,N,N,D,1,0,0,0,,2,35.339669,-119.05289978,4
2015,2015-08-20,1305,8,2,13,4,N,A,N,A,H,A,-,- ,S,00,C,,,,,C,Y,N,A,1,0,0,0,,3,35.35217679,-119.11459391,4
2015,2015-08-17,1645,8,2,16,1,N,A,N,A,H,A,-,99,E,07,C,,,,,C,N,M,D,1,0,0,0,21658.0,2,35.36857,-119.02117975,4
2015,2015-08-20,2103,8,2,21,4,Y,A,N,A,H,C,L,04,,09,D,,Y,,,G,N,N,D,1,0,1,0,21804.0,2,35.37341006,-119.01529002,2
2015,2015-08-21,810,8,2,8,5,N,A,N,A,H,A,-,- ,W,- ,C,,,,,C,N,N,D,1,0,0,0,,2,35.30473902,-119.08484126,4
2015,2015-08-18,1656,8,2,16,2,Y,A,N,A,H,A,-,- ,,- ,D,,Y,,,G,N,N,A,1,0,1,0,,2,35.32497004,-119.03899009,3
2015,2015-08-19,751,8,2,7,3,N,A,N,A,H,A,-,- ,W,- ,C,,,,,C,N,N,D,1,0,0,0,,2,35.35436249,-119.10574384,4
2015,2015-08-18,914,8,2,9,2,Y,A,N,A,H,A,A,01,,09,D,,,,,C,N,N,D,1,0,0,0,21801.0,2,35.3288401,-119.01194012,4
2015,2015-08-20,2022,8,2,20,4,N,A,N,A,H,C,A,07,W,01,E,,,,,I,Y,N,D,1,0,0,0,23152.0,1,35.35416,-119.05895604,3
2015,2015-08-20,1552,8,2,15,4,Y,A,N,A,H,A,L,04,,09,H,,Y,,,G,N,N,D,1,0,1,0,21800.0,2,35.3617301,-119.01765001,3
2015,2015-08-08,947,8,2,9,6,N,A,Y,A,H,A,A,08,W,03,C,,,,,C,Y,N,D,5,0,0,0,22350.0,2,35.67064439,-118.0430509,3
2015,2015-08-26,1525,8,2,15,3,Y,A,Y,A,H,A,G,27,,09,D,,,,Y,C,Y,N,A,1,0,0,0,21802.0,2,35.76146959,-119.22320229,4
2015,2015-08-24,1520,8,2,15,1,N,A,N,A,H,A,D,22,W,03,C,,,,,C,Y,N,D,1,0,0,0,22350.0,3,35.77584458,-119.27390058,4
2015,2015-08-26,1543,8,2,15,3,Y,A,N,A,H,A,A,07,,12,D,,,,,C,Y,N,A,2,0,0,0,21453.0,2,35.33224008,-119.04338009,4
2015,2015-08-26,617,8,2,6,3,N,A,N,A,H,A,A,07,S,09,H,,Y,,,G,Y,N,D,1,0,1,0,21804.0,2,35.3263212,-119.05678,4
2015,2015-08-25,1756,8,2,17,2,N,A,N,A,H,A,A,01,W,09,D,,,,,C,N,N,D,2,0,0,0,21801.0,2,35.36735851,-119.04972135,4
2015,2015-08-25,1542,8,2,15,2,Y,A,N,A,H,A,A,01,,12,D,,,,,C,Y,N,A,1,0,0,0,21453.0,2,35.39811004,-119.01050009,4
2015,2015-08-28,1251,8,2,12,5,N,A,N,A,H,A,-,- ,W,00,C,,,,,C,N,N,A,2,0,0,0,,2,35.35417101,-119.06131698,4
2015,2015-08-25,1637,8,2,16,2,Y,A,N,A,H,A,-,,,08,H,,Y,,,G,N,M,D,1,0,1,0,22107.0,2,35.36651002,-119.01762006,3
2015,2015-08-25,1655,8,2,16,2,N,A,N,A,H,A,A,01,E,03,C,,,,,C,N,N,A,2,0,0,0,22350.0,2,35.31040424,-119.01118705,4
2015,2015-08-27,2353,8,2,23,4,N,A,N,A,H,C,C,02,S,03,B,,,Y,,C,Y,N,D,2,0,0,2,22350.0,2,35.39800573,-119.01283054,3
2015,2015-08-28,1737,8,2,17,5,Y,A,N,A,H,A,A,01,,09,D,,,,,C,Y,N,D,1,0,0,0,21800.0,2,35.37183009,-118.98124001,4
2015,2015-08-28,1304,8,2,13,5,N,A,N,A,H,A,-,- ,S,- ,C,,,,,C,N,N,A,1,0,0,0,,2,35.33986256,-119.128,4
2015,2015-08-27,1649,8,2,16,4,N,A,N,A,H,A,-,- ,W,- ,C,,,,,C,Y,N,D,1,0,0,0,,2,35.35412318,-119.03649834,4
2015,2015-08-27,1038,8,2,10,4,Y,A,N,A,H,A,-,- ,,- ,D,,,,,C,Y,N,A,1,0,0,0,,2,35.37341003,-119.02120012,4
2015,2015-08-26,1559,8,2,15,3,Y,A,N,A,H,A,-,- ,,- ,D,,,,,C,Y,N,A,1,0,0,0,,2,35.37406005,-118.9914201,4
2015,2015-08-31,1249,8,2,12,1,N,A,N,A,H,A,A,01,S,03,C,,,,,C,Y,N,D,1,0,0,0,22350.0,2,35.40141283,-118.96760726,4
2015,2015-08-29,1825,8,2,18,6,N,A,N,A,H,A,-,- ,N,00,C,,,,,C,N,N,A,2,0,0,0,,2,35.353944,-119.13679167,4
2015,2015-08-29,1231,8,2,12,6,N,A,N,A,H,A,A,01,N,09,A,,,,,C,Y,N,A,3,0,0,0,21453.0,2,35.35282962,-119.04343843,3
2015,2015-08-15,1330,8,2,13,6,Y,A,N,A,H,A,D,22,,01,D,,,,,D,N,N,A,1,0,0,0,23152.0,2,,,4
2015,2015-08-30,1420,8,2,14,7,N,A,N,A,H,A,A,01,S,08,E,,,,,I,Y,F,A,3,0,0,0,22107.0,1,35.3742175,-119.02348876,3
2015,2015-08-26,702,8,2,7,3,Y,A,N,A,H,A,A,01,,12,D,,,,,C,Y,N,A,1,0,0,0,21453.0,2,35.35416004,-119.05770009,4
2015,2015-08-29,1240,8,2,12,6,Y,A,N,A,H,A,A,07,,09,D,,,,,C,Y,N,A,1,0,0,0,21802.0,2,35.36490003,-118.98267002,3
2015,2015-09-01,1424,9,3,14,2,Y,A,N,A,H,A,-,- ,,00,D,,,,,C,N,N,A,1,0,0,0,,2,35.28860006,-119.01460004,4
2015,2015-09-01,1125,9,3,11,2,Y,A,N,A,H,A,-,- ,,00,D,,,,,C,Y,N,D,1,0,0,0,,2,35.37634002,-119.04251003,4
2015,2015-09-01,744,9,3,7,2,N,A,N,A,H,A,-,- ,W,00,C,,,,,C,N,N,A,2,0,0,0,,4,35.41006594,-118.97697449,4
2015,2015-08-05,1451,8,2,14,3,N,A,Y,A,H,A,D,22,E,09,D,,,,,C,Y,N,D,2,0,0,0,21801.0,2,35.76141174,-119.23974105,4
2015,2015-08-09,1920,8,2,19,7,N,A,N,A,H,A,L,04,W,05,B,,Y,,,G,N,N,D,1,0,1,0,21202.0,2,35.78055252,-119.22895507,4
2015,2015-08-15,1120,8,2,11,6,N,A,Y,A,H,A,D,22,N,08,E,,,,,I,Y,N,D,3,0,0,0,22107.0,1,35.54399337,-117.69082726,3