ACCIDENT_YEAR,COLLISION_DATE,COLLISION_TIME,MONTH,SEASON,24HOURS,DAY_OF_WEEK,INTERSECTION,WEATHER_1,STATE_HWY_IND,ROAD_SURFACE,ROAD_COND_1,LIGHTING,STWD_VEHTYPE_AT_FAULT,CHP_VEHTYPE_AT_FAULT,DIRECTION,PCF_VIOL_CATEGORY,TYPE_OF_COLLISION,PEDESTRIAN_ACCIDENT,BICYCLE_ACCIDENT,MOTORCYCLE_ACCIDENT,TRUCK_ACCIDENT,MVIW,TOW_AWAY,HIT_AND_RUN,CONTROL_DEVICE,NUMBER_INJURED,COUNT_PED_INJURED,COUNT_BICYCLIST_INJURED,COUNT_MC_INJURED,PCF_VIOLATION,PARTY_COUNT,POINT_Y,POINT_X,COLLISION_SEVERITY
2019,2019-06-08,2251,6,2,22,6,Y,A,N,A,H,C,-,- ,,12,D,,,,,C,Y,N,A,1,0,0,0,21453.0,2,35.3928108215332,-118.96759796142578,4
2019,2019-06-11,1606,6,2,16,2,N,A,N,A,H,A,-,99,,10,G,Y,,,,B,N,M,A,1,1,0,0,21950.0,2,35.3809700012207,-119.01056671142578,4
2019,2019-06-12,1829,6,2,18,3,Y,A,N,A,H,A,A,01,,09,D,,,,,C,Y,N,B,2,0,0,0,21800.0,2,35.36119842529297,-119.06011199951172,3
2019,2019-06-12,2048,6,2,20,3,N,A,N,A,H,C,A,07,E,01,B,,,,,E,N,N,D,1,0,0,0,23152.0,2,35.3841667175293,-119.01004791259766,4
2019,2019-06-08,1454,6,2,14,6,Y,A,N,A,H,A,A,01,,12,D,,,,,C,Y,N,A,1,0,0,0,21453.0,2,35.382869720458984,-119.00296783447266,4
2019,2019-06-11,1852,6,2,18,2,Y,A,N,A,H,A,A,01,,12,D,,,,,C,Y,N,A,1,0,0,0,22450.0,2,35.36458969116211,-119.01647186279295,4
2019,2019-06-13,1835,6,2,18,4,N,A,N,A,H,A,A,01,E,01,C,,,,,C,Y,N,D,1,0,0,0,23152.0,2,35.339332580566406,-119.05775451660156,4
2019,2019-06-14,950,6,2,9,5,N,A,N,A,H,A,A,01,S,01,C,,,,,C,N,N,A,1,0,0,0,23152.0,2,35.39038848876953,-119.01862335205078,4
2019,2019-06-12,1455,6,2,14,3,N,A,N,A,H,A,C,02,N,03,B,,,Y,,C,N,N,A,1,0,0,1,22350.0,2,35.344566345214844,-119.0923080444336,3
2019,2019-06-13,2128,6,2,21,4,N,A,N,A,H,C,N,60,N,11,G,Y,,,,B,Y,N,D,1,1,0,0,21954.0,2,35.36658477783203,-119.01887512207033,2
2019,2019-06-14,1329,6,2,13,5,Y,A,N,A,H,A,L,04,,05,H,,Y,,,G,N,N,A,1,0,1,0,21650.0,2,35.339500427246094,-119.05194091796876,4
2019,2019-06-15,748,6,2,7,6,N,A,N,A,H,A,-,99,E,03,C,,,,,C,N,N,A,1,0,0,0,22350.0,2,35.325050354003906,-119.05665588378906,4
2019,2019-06-15,1135,6,2,11,6,N,A,N,A,H,A,A,01,S,03,C,,,,,C,Y,N,A,1,0,0,0,22350.0,2,35.3761100769043,-119.01876831054688,4
2019,2019-06-05,757,6,2,7,3,Y,A,N,A,H,A,A,01,,12,D,,,,,C,Y,N,A,1,0,0,0,22450.0,3,35.375301361083984,-119.02816009521484,4
2019,2019-06-10,1408,6,2,14,1,N,A,N,A,H,A,D,22,W,05,D,,,,,D,Y,N,D,1,0,0,0,21460.0,2,35.35411834716797,-119.03684997558594,4
2019,2019-06-11,2102,6,2,21,2,N,A,N,A,H,C,A,07,N,03,C,,,,,C,N,N,D,1,0,0,0,22350.0,2,35.37837600708008,-118.91427612304688,4
2019,2019-06-13,508,6,2,5,4,Y,A,N,A,H,B,A,01,,12,D,,,,,C,Y,N,A,1,0,0,0,21453.0,3,35.313140869140625,-119.0922622680664,4
2019,2019-06-16,312,6,2,3,7,N,A,N,A,H,D,A,01,E,01,E,,,,,E,Y,N,D,1,0,0,0,23152.0,4,35.317718505859375,-119.02003479003906,2
2019,2019-06-16,1246,6,2,12,7,Y,A,N,A,H,A,A,01,,09,D,,,,,C,Y,N,A,2,0,0,0,21802.0,2,35.38206100463867,-118.99606323242188,4
2019,2019-06-16,1735,6,2,17,7,N,A,N,A,D,A,-,99,W,03,C,,,,,C,N,M,D,1,0,0,0,22350.0,2,35.381160736083984,-119.03856658935548,4
2019,2019-06-17,1739,6,2,17,1,N,A,N,A,H,A,A,07,N,07,C,,,Y,,C,Y,N,D,1,0,0,1,21658.0,2,35.34271240234375,-119.0610580444336,3
2016,2016-07-22,1510,7,2,15,5,N,A,N,A,H,A,A,08,W,08,C,,,,Y,E,Y,N,D,1,0,0,0,22107.0,2,35.40168921,-118.98437083,4
2016,2016-07-06,1944,7,2,19,3,Y,A,N,A,H,A,D,22,,12,G,Y,,,,B,N,F,A,1,1,0,0,22450.0,2,35.76140004,-119.25232991,3
2016,2016-07-03,1815,7,2,18,7,N,A,N,A,H,A,D,22,W,03,C,,,,,D,Y,F,A,3,0,0,0,22350.0,2,35.77583001,-119.28540838,4
2019,2019-05-31,1040,5,1,10,5,N,A,N,A,H,A,J,49,W,22,F,,,,,A,N,N,D,1,0,0,0,,1,35.40665817260742,-118.99472045898438,3
2019,2019-06-07,829,6,2,8,5,Y,A,N,A,H,A,D,22,,12,D,,,,,C,Y,N,A,2,0,0,0,21453.0,2,35.317710876464844,-119.0213623046875,3
2019,2019-06-11,2242,6,2,22,2,Y,A,Y,A,H,C,A,07,,12,D,,,,,C,Y,F,A,1,0,0,0,21453.0,2,35.35382843017578,-118.9853515625,3
2019,2019-06-14,1506,6,2,15,5,Y,A,N,A,H,A,-,- ,,12,D,,,,,C,Y,N,A,1,0,0,0,21453.0,2,35.38576126098633,-119.00299072265624,4
2019,2019-06-14,2226,6,2,22,5,Y,A,N,A,H,C,A,07,,01,D,,,,,C,Y,M,A,2,0,0,0,23152.0,3,35.39812088012695,-119.11891174316406,4
2019,2019-06-15,2247,6,2,22,6,N,A,N,A,H,C,A,08,E,01,B,,,,,C,Y,N,B,1,0,0,0,23152.0,2,35.28137969970703,-118.99224090576172,4
2019,2019-06-18,1737,6,2,17,2,Y,A,N,A,H,A,D,22,,12,D,,,,,C,Y,N,A,4,0,0,0,21453.0,2,35.33985900878906,-119.10111236572266,4
2019,2019-06-19,1233,6,2,12,3,N,A,N,A,H,A,A,07,N,00,D,,,,,C,Y,N,A,1,0,0,0,21640.0,2,35.36907196044922,-119.0387725830078,4
2019,2019-06-21,1353,6,2,13,5,Y,A,Y,A,H,A,A,01,,12,D,,,,,C,N,M,A,1,0,0,0,21453.0,2,35.35213088989258,-119.01894378662108,4
2019,2019-06-20,1406,6,2,14,4,N,A,Y,A,H,A,A,01,W,09,D,,,,,C,Y,N,D,2,0,0,0,21801.0,2,35.383544921875,-119.11243438720705,3
2019,2019-06-21,1427,6,2,14,5,Y,A,N,A,H,A,A,01,,12,D,,,,,C,Y,N,A,3,0,0,0,21453.0,3,35.33945083618164,-119.01873016357422,4
2019,2019-06-20,2047,6,2,20,4,Y,A,N,A,H,C,A,07,,01,D,,,,,C,Y,N,D,1,0,0,0,23152.0,2,35.405731201171875,-119.10032653808594,4
2019,2019-06-20,2134,6,2,21,4,N,A,N,A,H,C,D,22,W,08,C,,,,,C,Y,N,D,2,0,0,0,22107.0,3,35.31819152832031,-119.06190490722656,4
2019,2019-06-22,1347,6,2,13,6,Y,A,N,A,H,A,A,07,,09,D,,,,,C,Y,N,D,2,0,0,0,21801.0,2,35.39432144165039,-119.01880645751952,4
2019,2019-06-13,2100,6,2,21,4,N,A,N,A,H,C,-,99,S,08,B,,,,,C,Y,M,A,1,0,0,0,22107.0,2,35.347984313964844,-119.1144561767578,4
2019,2019-06-20,405,6,2,4,4,N,A,N,A,H,C,N,60,W,11,G,Y,,,,B,N,N,D,1,1,0,0,21954.0,2,35.37907409667969,-119.0011749267578,3
2019,2019-06-21,501,6,2,5,5,N,A,N,A,H,C,A,07,W,08,E,,,,,I,Y,N,D,1,0,0,0,22107.0,1,35.353912353515625,-119.0072021484375,3
2019,2019-06-21,1143,6,2,11,5,Y,A,N,A,H,A,A,01,,09,B,,,,,C,N,N,A,1,0,0,0,21802.0,2,35.37316131591797,-118.98078918457033,4
2019,2019-06-21,1848,6,2,18,5,Y,A,N,A,H,A,A,01,,09,A,,,,,C,Y,N,D,2,0,0,0,21801.0,2,35.322120666503906,-119.07884979248048,4
2019,2019-06-23,1637,6,2,16,7,N,A,N,A,H,A,A,01,E,03,C,,,,,C,N,N,D,1,0,0,0,22350.0,2,35.2958984375,-119.01172637939452,4
2019,2019-06-24,1302,6,2,13,1,Y,A,N,A,H,A,A,01,,03,C,,,,,C,Y,N,A,1,0,0,0,22350.0,2,35.39812088012695,-119.11891174316406,4
2019,2019-06-24,1423,6,2,14,1,N,A,N,A,H,A,A,01,E,10,G,Y,,,,B,N,N,D,1,1,0,0,21952.0,2,35.338409423828125,-119.06049346923828,4
2019,2019-06-25,1139,6,2,11,2,N,A,N,A,H,A,D,22,W,03,C,,,,,C,N,N,D,1,0,0,0,22350.0,2,35.36553192138672,-119.05409240722656,4
2019,2019-06-25,1354,6,2,13,2,Y,A,N,A,H,A,A,01,,12,D,,,,,C,Y,N,A,2,0,0,0,21453.0,4,35.3802490234375,-118.98838043212892,4
2019,2019-06-26,427,6,2,4,3,Y,A,N,A,H,C,A,01,,12,D,,,,,C,Y,N,A,1,0,0,0,21453.0,2,35.3131217956543,-119.07444763183594,4
2019,2019-06-26,1235,6,2,12,3,N,A,N,A,H,A,A,01,W,03,C,,,,,C,Y,M,A,1,0,0,0,22350.0,3,35.29597854614258,-119.03920745849608,4
2019,2019-06-26,1334,6,2,13,3,N,A,N,A,H,A,L,04,W,05,H,,Y,,,G,N,N,D,1,0,1,0,21650.0,2,35.37340545654297,-119.00315856933594,4
2019,2019-06-26,1835,6,2,18,3,N,A,Y,A,H,A,-,99,W,03,C,,,,,C,N,M,A,1,0,0,0,22350.0,2,35.383331298828125,-119.04783630371094,4
2019,2019-06-18,2345,6,2,23,2,Y,A,Y,A,H,C,A,01,,09,D,,,,,C,Y,N,A,1,0,0,0,21453.0,2,,,4
2019,2019-06-25,1218,6,2,12,2,N,A,N,A,H,A,A,01,E,03,B,,,,,C,N,N,D,4,0,0,0,22350.0,4,35.366165161132805,-119.05290222167967,4
2019,2019-06-27,1019,6,2,10,4,Y,A,N,A,H,A,A,01,,09,D,,,,,C,N,N,A,3,0,0,0,21802.0,2,35.38100051879883,-119.01754760742188,4
2019,2019-06-28,1431,6,2,14,5,N,A,N,A,H,A,A,01,E,03,C,,,,,C,Y,N,A,4,0,0,0,22350.0,4,35.339439392089844,-119.02120971679688,4
2019,2019-06-28,1436,6,2,14,5,N,A,N,A,H,A,D,22,S,03,C,,,,,C,N,N,A,1,0,0,0,22350.0,2,35.36750793457031,-119.0029525756836,4
2019,2019-06-29,434,6,2,4,6,N,A,N,A,H,B,D,22,W,01,E,,,,,I,Y,N,D,1,0,0,0,23152.0,1,35.44150161743164,-119.1349868774414,3
2019,2019-06-30,1007,6,2,10,7,Y,A,N,A,H,A,A,07,,12,D,,,,,C,Y,F,A,2,0,0,0,21453.0,3,35.303199768066406,-119.05671691894533,3
2019,2019-06-30,1318,6,2,13,7,Y,A,N,A,H,A,A,01,,17,D,,,,,D,Y,N,A,1,0,0,0,21451.0,2,35.3466911315918,-119.01184844970705,3
2019,2019-06-30,1406,6,2,14,7,Y,A,N,A,H,A,A,07,,12,D,,,,,C,Y,N,D,1,0,0,0,21453.0,2,35.378841400146484,-118.99217224121094,4
2019,2019-07-01,1619,7,2,16,1,N,A,N,A,H,A,C,02,W,09,D,,,Y,,C,N,N,D,2,0,0,2,21801.0,2,35.368656158447266,-119.10829925537108,2
2019,2019-07-02,928,7,2,9,2,N,A,N,A,H,A,A,01,S,09,B,,,,,C,Y,N,D,2,0,0,0,21801.0,2,35.353126525878906,-119.0612564086914,4
2016,2016-07-17,1933,7,2,19,7,N,A,N,A,H,A,A,01,E,08,D,,,,,C,N,N,D,1,0,0,0,22107.0,2,35.20177,-118.83625937,4
2016,2016-07-30,2351,7,2,23,6,N,A,N,A,H,C,A,01,S,03,C,,,,,E,Y,N,A,2,0,0,0,22350.0,4,35.4048944,-118.9499,3
2016,2016-07-28,748,7,2,7,4,N,A,N,A,H,A,A,01,E,03,C,,,,,C,N,N,A,1,0,0,0,22350.0,2,35.35413,-119.05071608,4
2016,2016-07-31,1333,7,2,13,7,Y,A,N,A,H,A,A,07,,03,C,,,,,C,Y,N,A,6,0,0,0,22350.0,3,35.35400009,-119.02710009,4
2016,2016-07-28,838,7,2,8,4,Y,A,N,A,H,A,A,01,,09,D,,,,,C,N,N,A,1,0,0,0,21801.0,2,35.26699012,-119.05668011,4
2016,2016-07-30,1918,7,2,19,6,Y,A,N,A,H,A,A,01,,12,D,,,,,C,Y,N,A,1,0,0,0,21453.0,2,35.33959001,-119.04338009,4
2016,2016-07-29,2257,7,2,22,5,N,A,N,A,H,C,D,22,W,01,C,,,,,C,Y,N,A,1,0,0,0,23152.0,2,35.26713,-119.09223726,4
2016,2016-07-29,1800,7,2,18,5,Y,A,N,A,H,A,A,01,,09,D,,,,,C,Y,N,A,5,0,0,0,21804.0,2,35.37845001,-118.99061001,3
2016,2016-07-23,138,7,2,1,6,N,A,N,A,H,D,-,99,S,03,C,,,,,C,Y,M,A,1,0,0,0,22350.0,2,35.28113952,-119.00301307,4
2016,2016-07-26,251,7,2,2,2,Y,A,Y,A,H,C,N,60,,11,G,Y,,,,B,N,N,D,1,1,0,0,21954.0,2,35.36635738,-119.00295697,3
2016,2016-07-31,2302,7,2,23,7,N,A,N,A,H,D,-,99,S,05,B,,,,,C,Y,F,D,1,0,0,0,21651.0,2,35.29376353,-119.00314,4
2019,2019-06-30,2008,6,2,20,7,Y,A,Y,A,H,A,A,07,,12,D,,,,,C,Y,N,A,2,0,0,0,21453.0,2,35.382869720458984,-119.00296783447266,4
2016,2016-07-26,1559,7,2,15,2,N,A,N,A,H,A,L,04,N,08,H,,Y,,,G,N,N,D,1,0,1,0,22107.0,2,35.3398072,-119.05295,3
2016,2016-07-28,1638,7,2,16,4,N,A,N,A,H,A,A,01,N,03,C,,,,,C,Y,N,A,2,0,0,0,22350.0,3,35.35349167,-119.11501667,3
2016,2016-07-26,1154,7,2,11,2,N,A,N,A,H,A,A,01,N,08,D,,,,,C,Y,N,D,1,0,0,0,22100.0,2,35.37279738,-118.99431914,4
2019,2019-07-01,2116,7,2,21,1,Y,A,N,A,H,C,A,01,,17,A,,,,,C,Y,N,A,1,0,0,0,21451.0,2,35.33219146728516,-119.01412963867188,4
2016,2016-07-27,2332,7,2,23,3,N,A,N,A,H,C,A,01,N,08,E,,,,,I,Y,N,D,1,0,0,0,22107.0,1,35.33586311,-119.02132,3
2019,2019-07-03,1048,7,2,10,3,Y,A,Y,A,H,A,D,22,,12,D,,,,,C,N,N,A,1,0,0,0,21453.0,2,,,4
2019,2019-07-03,1210,7,2,12,3,N,A,N,A,H,A,A,01,E,03,C,,,,,C,Y,N,D,1,0,0,0,22350.0,2,35.35429000854492,-119.07964324951172,4
2019,2019-07-03,1507,7,2,15,3,N,A,N,A,H,A,D,22,W,09,D,,,,,C,Y,M,D,1,0,0,0,21804.0,2,35.35799026489258,-119.03549194335938,4
2019,2019-07-03,1801,7,2,18,3,Y,A,N,A,H,A,A,01,,09,D,,,,,C,Y,N,A,4,0,0,0,21801.0,2,35.36077880859375,-119.01186370849608,3
2019,2019-07-03,1919,7,2,19,3,N,A,Y,A,H,A,A,07,N,03,C,,,,,C,N,N,D,1,0,0,0,22350.0,3,35.3636360168457,-119.00296783447266,4
2016,2016-07-27,2216,7,2,22,3,Y,A,N,A,H,C,A,01,,12,D,,,,,C,Y,N,A,1,0,0,0,21453.0,4,35.38101004,-119.0188501,4
2016,2016-07-23,1157,7,2,11,6,Y,A,N,A,H,A,A,01,,12,D,,,,,C,Y,M,A,1,0,0,0,21453.0,2,35.37810005,-119.01057989,4
2016,2016-07-27,1919,7,2,19,3,Y,A,N,A,H,A,D,22,,12,D,,,,,C,Y,M,A,1,0,0,0,21453.0,3,35.39746006,-119.00278003,4
2016,2016-07-24,2336,7,2,23,7,N,A,N,A,H,C,A,01,E,01,C,,,,,E,Y,N,D,1,0,0,0,23152.0,2,35.33218582,-119.02917613,3
2019,2019-07-04,850,7,2,8,4,Y,A,N,A,H,A,D,22,,12,D,,,,,C,N,N,A,3,0,0,0,21453.0,2,35.3253288269043,-119.12799835205078,3
2019,2019-07-04,1120,7,2,11,4,N,A,N,A,H,A,D,22,W,12,D,,,,,C,N,N,A,5,0,0,0,21453.0,3,35.338253021240234,-119.0609893798828,3
2019,2019-07-04,2221,7,2,22,4,N,A,Y,A,H,C,A,01,W,03,C,,,,,C,Y,N,A,2,0,0,0,22350.0,2,35.324913024902344,-119.00350189208984,4
2019,2019-07-06,434,7,2,4,6,N,A,N,A,H,C,A,01,S,08,E,,,,,I,Y,N,D,1,0,0,0,22107.0,1,35.36062240600586,-119.00298309326172,3
2019,2019-04-02,2050,4,1,20,2,N,A,N,A,H,C,N,60,S,11,G,Y,,,,B,N,N,A,0,0,0,0,21954.0,2,35.40299224853516,-118.97638702392578,1
2019,2019-07-01,1034,7,2,10,1,N,-,N,A,H,A,A,01,S,22,D,,,,,C,Y,N,D,1,0,0,0,,2,35.38494873046875,-119.04315948486328,4
2019,2019-07-01,2207,7,2,22,1,N,A,Y,A,D,E,A,01,E,01,E,,,,,I,Y,N,D,1,0,0,0,23152.0,1,35.380069732666016,-119.02757263183594,2
2019,2019-07-02,1915,7,2,19,2,Y,A,N,A,H,A,A,01,,01,D,,,,,C,Y,M,A,1,0,0,0,23152.0,2,35.41014099121094,-118.97647857666016,4
2019,2019-07-04,18,7,2,0,4,N,A,N,A,H,C,N,60,S,11,G,Y,,,,B,N,F,D,1,1,0,0,21954.0,2,35.374691009521484,-119.00292205810548,3
2019,2019-07-05,1640,7,2,16,5,Y,A,N,A,H,A,A,01,,03,C,,,,,C,Y,N,A,2,0,0,0,22350.0,3,35.325050354003906,-119.05677795410156,3
2019,2019-07-06,1436,7,2,14,6,Y,A,N,A,D,A,A,01,,10,G,Y,,,,B,N,N,A,1,1,0,0,21950.0,2,35.319610595703125,-119.03008270263672,3
2019,2019-07-07,1454,7,2,14,7,Y,B,N,A,H,A,A,01,,12,D,,,,,C,N,N,A,3,0,0,0,21453.0,2,35.367469787597656,-119.04775238037108,3
2019,2019-06-27,346,6,2,3,4,N,A,N,A,H,C,J,48,S,22,E,,,,,I,Y,N,D,1,0,0,0,,1,35.372562408447266,-119.11006927490234,4
2019,2019-07-05,2200,7,2,22,5,Y,A,N,A,H,C,A,07,,09,H,,Y,,,G,N,N,D,1,0,1,0,21801.0,2,35.40398025512695,-118.98326110839844,3
2019,2019-07-07,1438,7,2,14,7,Y,A,N,A,H,A,A,01,,12,D,,,,,C,Y,N,A,5,0,0,0,21453.0,3,35.3802490234375,-118.98838043212892,3
2019,2019-07-07,1754,7,2,17,7,Y,B,N,A,H,A,A,01,,12,D,,,,,C,Y,N,A,7,0,0,0,21453.0,2,35.36854934692383,-119.01181793212892,3
2019,2019-07-08,2006,7,2,20,1,Y,A,Y,A,H,C,A,01,W,08,D,,,,,D,Y,N,A,2,0,0,0,22107.0,2,35.354061126708984,-118.96761322021484,3
2019,2019-07-09,958,7,2,9,2,N,A,N,A,H,A,A,01,E,08,C,,,,,C,Y,N,D,2,0,0,0,22107.0,2,35.36202621459961,-119.11563873291016,4
2019,2019-07-09,1928,7,2,19,2,Y,A,N,A,H,A,A,01,,12,D,,,,,C,Y,N,D,4,0,0,0,22450.0,5,35.37908172607422,-118.97866821289062,4
2019,2019-07-11,1411,7,2,14,4,Y,A,N,A,H,A,A,01,,12,D,,,,,C,Y,N,A,1,0,0,0,21453.0,4,35.30311965942383,-119.02130126953124,3
2019,2019-07-10,1412,7,2,14,3,N,A,N,A,H,A,A,01,S,09,D,,,,,C,Y,N,D,1,0,0,0,21804.0,2,35.38614654541016,-119.04259490966795,4
2019,2019-07-11,1352,7,2,13,4,Y,A,N,A,H,A,A,07,,08,B,,,,,C,N,N,D,2,0,0,0,22107.0,2,35.38397979736328,-119.00067138671876,3
2019,2019-07-11,2217,7,2,22,4,N,A,N,A,H,C,N,60,W,11,G,Y,,,,B,N,N,D,1,1,0,0,21954.0,2,35.295841217041016,-119.05776977539062,2
2016,2016-06-27,1457,6,2,14,1,N,A,N,A,H,A,D,22,W,04,C,,,,,C,N,N,A,1,0,0,0,21703.0,2,35.19444971,-118.84206347,4
2019,2019-06-23,32,6,2,0,7,N,A,N,A,H,C,D,22,W,01,E,,,,,I,Y,N,D,1,0,0,0,23152.0,1,35.33127975463867,-118.98983764648438,2
2019,2019-07-09,1256,7,2,12,2,Y,A,N,A,H,A,D,22,,09,D,,,,,C,Y,N,A,1,0,0,0,21802.0,2,35.38243103027344,-118.99759674072266,3
2019,2019-07-10,1218,7,2,12,3,Y,A,N,A,H,A,A,01,,12,A,,,,,C,Y,N,A,3,0,0,0,21453.0,2,35.313011169433594,-119.0566864013672,3
2019,2019-07-11,2119,7,2,21,4,N,A,N,A,H,C,A,08,N,03,D,,,,,C,Y,N,A,1,0,0,0,22350.0,2,35.377227783203125,-118.99275970458984,3
2019,2019-07-12,823,7,2,8,5,Y,A,N,A,H,A,A,01,,12,D,,,,,D,Y,N,A,1,0,0,0,21453.0,2,35.36119842529297,-119.06011199951172,4
2019,2019-07-12,1043,7,2,10,5,Y,A,N,A,H,A,A,01,,09,D,,,,,C,Y,N,A,1,0,0,0,21453.0,2,35.3365592956543,-119.03897857666016,4
2019,2019-07-12,1210,7,2,12,5,Y,A,N,A,H,A,D,22,,08,D,,,,,C,N,N,A,1,0,0,0,22101.0,2,35.40311050415039,-119.04087829589844,3
2019,2019-07-12,1450,7,2,14,5,N,A,Y,A,H,A,A,07,E,03,C,,,,,C,Y,N,D,1,0,0,0,22350.0,4,,,4
2019,2019-07-13,830,7,2,8,6,N,A,N,A,H,A,C,02,W,03,F,,,Y,,A,N,N,D,1,0,0,1,22350.0,1,35.35520935058594,-119.1760025024414,3
2019,2019-07-13,2145,7,2,21,6,N,A,N,A,H,C,A,01,N,01,B,,,,,C,N,N,A,1,0,0,0,23152.0,2,35.304931640625,-119.09224700927734,3
2019,2019-07-14,1336,7,2,13,7,N,A,N,A,H,A,C,02,W,03,F,,,Y,,A,N,N,D,1,0,0,1,22350.0,1,35.34990692138672,-118.97491455078124,2
2019,2019-07-14,1752,7,2,17,7,Y,-,N,A,H,A,A,07,,12,D,,,,,C,N,N,A,1,0,0,0,21453.0,2,35.2961311340332,-119.08331298828124,4
2019,2019-07-14,2114,7,2,21,7,Y,A,Y,A,H,C,A,01,,12,D,,,,,D,Y,N,A,2,0,0,0,21453.0,2,,,2
2019,2019-07-15,908,7,2,9,1,Y,A,N,A,H,A,D,22,,09,D,,,,,C,Y,N,A,1,0,0,0,21453.0,3,35.33982849121094,-119.0923309326172,3
2019,2019-07-15,1324,7,2,13,1,Y,A,N,A,H,A,D,23,,09,D,,,,,C,Y,N,A,2,0,0,0,21802.0,2,35.31401824951172,-119.01558685302734,3
2019,2019-07-16,108,7,2,1,2,N,A,N,A,H,C,-,99,N,03,H,,Y,,,G,N,F,D,1,0,1,0,22350.0,2,35.28913497924805,-119.00314331054688,3
2019,2019-07-16,436,7,2,4,2,N,A,N,A,H,D,L,04,E,08,H,,Y,,,G,N,N,D,1,0,1,0,22107.0,2,35.38100814819336,-119.03856658935548,3
2019,2019-07-16,1630,7,2,16,2,Y,A,N,A,H,A,L,04,,05,H,,Y,,,G,N,N,A,1,0,1,0,21650.0,2,35.33951187133789,-119.05413818359376,3
2019,2019-07-16,2243,7,2,22,2,Y,A,N,A,H,C,A,01,,17,D,,,,,C,Y,N,A,3,0,0,0,21451.0,2,35.373409271240234,-119.0200424194336,4
2019,2019-07-17,2044,7,2,20,3,N,A,N,A,H,C,A,07,W,07,B,,,Y,,C,Y,N,D,1,0,0,1,21658.0,2,35.31830978393555,-119.09520721435548,2
2019,2019-07-17,2216,7,2,22,3,N,A,N,A,H,C,N,60,N,11,G,Y,,,,B,N,N,D,1,1,0,0,21954.0,2,35.38039016723633,-119.0234603881836,3
2019,2019-07-18,519,7,2,5,4,N,A,N,A,H,A,N,60,S,11,G,Y,,,,B,N,N,D,1,1,0,0,21955.0,2,35.3559684753418,-119.06124114990234,2
2019,2019-07-18,841,7,2,8,4,N,A,N,A,H,A,D,22,E,08,C,,,,,E,N,N,D,1,0,0,0,22107.0,2,35.396183013916016,-119.007568359375,3
2019,2019-07-18,2129,7,2,21,4,N,A,N,A,H,C,A,01,N,03,C,,,,,C,N,N,D,1,0,0,0,22350.0,3,35.320777893066406,-119.09224700927734,4
2019,2019-07-19,1500,7,2,15,5,N,A,N,A,H,A,D,22,E,03,C,,,,,C,N,M,A,1,0,0,0,22350.0,2,35.295902252197266,-119.05658721923828,4
2019,2019-07-21,202,7,2,2,7,Y,A,Y,A,H,C,A,01,,12,D,,,,,C,Y,N,A,1,0,0,0,21453.0,2,35.38100814819336,-119.01885223388672,4
2019,2019-07-21,315,7,2,3,7,Y,A,Y,A,H,C,A,01,,01,D,,,,,C,Y,F,A,1,0,0,0,23152.0,2,35.360801696777344,-119.01891326904295,4
2019,2019-07-21,1223,7,2,12,7,Y,A,N,A,H,A,A,07,,09,D,,,,,C,N,N,A,2,0,0,0,21453.0,2,35.373538970947266,-119.03867340087892,3
2019,2019-07-22,1015,7,2,10,1,Y,A,N,A,H,A,A,08,,12,D,,,,,C,Y,N,A,3,0,0,0,21453.0,2,35.368709564208984,-119.11058044433594,3
2016,2016-08-27,1356,8,2,13,6,N,A,N,A,H,A,D,22,E,01,C,,,,,C,Y,N,A,1,0,0,0,23152.0,2,35.41968752,-119.12771958,3
2016,2016-08-26,1449,8,2,14,5,N,A,N,A,H,A,A,01,W,03,C,,,,,C,Y,N,D,2,0,0,0,22350.0,3,35.31772,-119.01839513,4
2016,2016-08-23,1108,8,2,11,2,N,A,N,A,H,A,C,02,E,03,C,,,Y,,C,Y,N,A,1,0,0,1,22350.0,2,35.33943569,-119.02498392,3
2016,2016-08-23,949,8,2,9,2,N,A,N,A,H,A,A,07,W,03,C,,,,,C,Y,N,D,1,0,0,0,22350.0,3,35.35390499,-119.0088812,4
2019,2019-06-17,1417,6,2,14,1,N,A,N,A,H,A,A,01,E,03,E,,,,,I,Y,N,D,0,0,0,0,22350.0,1,35.37430191040039,-118.99070739746094,1
2019,2019-07-24,754,7,2,7,3,Y,A,N,A,H,A,A,01,,12,D,,,,,C,N,N,A,4,0,0,0,21453.0,2,35.33776092529297,-119.08474731445312,2