ACCIDENT_YEAR,COLLISION_DATE,COLLISION_TIME,MONTH,SEASON,24HOURS,DAY_OF_WEEK,INTERSECTION,WEATHER_1,STATE_HWY_IND,ROAD_SURFACE,ROAD_COND_1,LIGHTING,STWD_VEHTYPE_AT_FAULT,CHP_VEHTYPE_AT_FAULT,DIRECTION,PCF_VIOL_CATEGORY,TYPE_OF_COLLISION,PEDESTRIAN_ACCIDENT,BICYCLE_ACCIDENT,MOTORCYCLE_ACCIDENT,TRUCK_ACCIDENT,MVIW,TOW_AWAY,HIT_AND_RUN,CONTROL_DEVICE,NUMBER_INJURED,COUNT_PED_INJURED,COUNT_BICYCLIST_INJURED,COUNT_MC_INJURED,PCF_VIOLATION,PARTY_COUNT,POINT_Y,POINT_X,COLLISION_SEVERITY
2019,2019-08-29,1549,8,2,15,4,N,A,N,A,H,A,A,01,E,09,A,,,,,C,Y,N,D,1,0,0,0,21801.0,2,35.36456680297852,-119.00672912597656,4
2019,2019-08-29,1653,8,2,16,4,N,A,N,A,H,A,A,01,E,08,B,,,,,D,Y,N,D,1,0,0,0,22107.0,2,35.35411834716797,-119.03667449951172,4
2019,2019-08-30,847,8,2,8,5,N,A,N,A,H,A,A,01,E,03,C,,,,Y,C,Y,N,A,1,0,0,0,22350.0,2,35.390480041503906,-119.00692749023438,4
2019,2019-08-30,1505,8,2,15,5,N,A,N,A,H,A,A,07,N,03,C,,,,,C,N,N,A,2,0,0,0,22350.0,3,35.37112808227539,-119.0923309326172,4
2019,2019-08-30,1538,8,2,15,5,N,A,N,A,H,A,A,01,N,09,D,,Y,,,G,N,N,D,1,0,1,0,21804.0,2,35.30764389038086,-119.03549957275392,4
2019,2019-08-31,714,8,2,7,6,N,B,N,A,H,A,-,99,W,08,B,,,,,C,N,N,A,1,0,0,0,22107.0,2,35.373443603515625,-119.03012847900392,4
2019,2019-08-29,1332,8,2,13,4,Y,A,N,A,H,A,A,01,,09,D,,,Y,,D,Y,N,D,1,0,0,1,21801.0,2,35.33966827392578,-119.05294799804688,4
2019,2019-08-30,1056,8,2,10,5,N,A,N,A,H,A,-,99,W,03,C,,,,,C,N,M,D,2,0,0,0,22350.0,2,35.29595947265625,-119.02751159667967,4
2019,2019-08-30,1543,8,2,15,5,Y,A,N,A,H,A,A,01,,17,A,,,,,C,Y,N,A,2,0,0,0,21451.0,2,35.3466911315918,-119.01184844970705,4
2019,2019-09-01,1353,9,3,13,7,N,A,N,A,H,A,A,01,W,08,F,,,,,A,Y,N,D,1,0,0,0,22107.0,1,35.295921325683594,-118.99004364013672,4
2019,2019-09-01,1629,9,3,16,7,N,A,N,A,H,A,A,01,E,08,H,,,,,E,Y,N,D,1,0,0,0,22107.0,4,35.34128952026367,-119.0772705078125,3
2019,2019-09-01,1710,9,3,17,7,N,A,N,A,H,A,A,01,W,01,A,,,,,D,Y,M,D,1,0,0,0,23152.0,2,35.33218002319336,-119.01889038085938,4
2019,2019-08-27,1456,8,2,14,2,Y,A,N,A,H,A,H,13,,10,G,Y,,,,B,N,N,A,1,1,0,0,21950.0,2,35.3809700012207,-118.96753692626952,3
2019,2019-08-28,1208,8,2,12,3,N,A,N,A,H,A,A,01,S,03,C,,,,,C,N,N,A,2,0,0,0,22350.0,2,35.360782623291016,-119.0603485107422,3
2019,2019-08-30,1534,8,2,15,5,N,A,N,A,H,A,D,22,S,03,C,,,,,C,Y,N,D,1,0,0,0,22350.0,4,35.33671569824219,-118.9320068359375,4
2019,2019-08-18,1217,8,2,12,7,Y,A,N,A,H,A,-,99,,03,C,,,,,C,N,F,A,2,0,0,0,22350.0,2,35.317729949951165,-119.03009033203124,4
2019,2019-08-18,1245,8,2,12,7,Y,A,N,A,H,A,-,99,,12,D,,,,,C,N,M,A,1,0,0,0,21453.0,2,35.39213180541992,-118.95751953125,4
2019,2019-08-28,1843,8,2,18,3,N,A,N,A,H,A,D,22,W,03,C,,,,,C,Y,N,B,2,0,0,0,22350.0,3,35.383331298828125,-119.04792022705078,4
2019,2019-09-02,1707,9,3,17,1,Y,-,N,A,H,A,D,22,,09,D,,,Y,,C,Y,N,D,1,0,0,1,21801.0,2,35.31814193725586,-119.08159637451172,2
2019,2019-08-26,1730,8,2,17,1,N,A,N,A,H,A,A,07,N,05,D,,,,,C,Y,N,D,1,0,0,0,21651.0,2,35.2963981628418,-119.10982513427734,4
2019,2019-09-04,2047,9,3,20,3,Y,A,N,A,H,C,A,01,,09,D,,,,,C,Y,N,A,1,0,0,0,21804.0,2,35.29597854614258,-119.06558227539062,4
2019,2019-09-05,1551,9,3,15,4,N,A,N,A,H,A,C,02,N,03,C,,,Y,,C,N,N,D,1,0,0,1,22350.0,2,35.355560302734375,-119.11565399169922,3
2019,2019-09-05,2027,9,3,20,4,Y,A,N,A,H,C,A,01,,03,D,,,,,C,Y,N,A,1,0,0,0,22350.0,2,35.39052200317383,-119.0128936767578,3
2019,2019-09-06,930,9,3,9,5,N,A,N,A,H,A,A,01,W,08,E,,,,,I,Y,N,D,1,0,0,0,22107.0,1,35.29587936401367,-119.02149200439452,4
2019,2019-09-06,1436,9,3,14,5,N,A,N,A,H,A,N,60,E,11,G,Y,,,,B,N,N,D,1,1,0,0,21954.0,3,35.36858367919922,-119.02455902099608,3
2019,2019-06-19,50,6,2,0,3,Y,A,N,A,H,D,A,01,,10,G,Y,,,,B,N,F,D,1,1,0,0,21950.0,2,35.34305191040039,-119.01917266845705,2
2019,2019-09-02,1149,9,3,11,1,N,A,N,A,H,A,A,07,N,03,C,,,,,C,Y,N,A,2,0,0,0,22350.0,3,35.33038330078125,-119.07450103759766,4
2019,2019-09-09,857,9,3,8,1,Y,A,Y,A,H,A,-,99,,12,D,,,,,C,Y,M,A,1,0,0,0,21453.0,2,35.38576126098633,-119.00299072265624,4
2019,2019-09-07,1124,9,3,11,6,Y,A,N,A,H,A,A,01,,12,D,,,,,C,Y,N,A,2,0,0,0,21453.0,2,35.29587936401367,-119.0198974609375,4
2019,2019-09-11,616,9,3,6,3,N,A,N,A,H,A,A,07,E,03,C,,,,,C,Y,N,A,4,0,0,0,22350.0,5,35.354061126708984,-118.96698760986328,4
2019,2019-09-11,1453,9,3,14,3,Y,A,N,A,H,A,A,07,,06,D,,,,,C,N,N,A,1,0,0,0,21951.0,2,35.36856842041016,-119.02005767822266,4
2019,2019-05-16,1612,5,1,16,4,Y,B,N,A,H,A,A,01,,01,E,,,,,C,Y,N,A,1,0,0,0,23152.0,2,35.32529067993164,-119.10942840576172,1
2019,2019-06-10,2136,6,2,21,1,Y,A,N,A,H,C,N,60,,11,G,Y,,,,B,N,N,A,0,0,0,0,21954.0,2,35.337371826171875,-119.06333160400392,1
2019,2019-07-23,2119,7,2,21,2,N,A,N,A,H,C,L,04,S,05,H,,Y,,,G,Y,N,D,0,0,0,0,21650.0,2,35.370548248291016,-118.99513244628906,1
2019,2019-09-07,1024,9,3,10,6,Y,A,N,A,D,A,A,01,,12,D,,,,,C,N,N,A,2,0,0,0,21457.0,2,35.313140869140625,-119.0922622680664,4
2019,2019-09-07,1409,9,3,14,6,Y,A,N,A,H,A,A,07,,12,D,,,,,C,Y,N,A,1,0,0,0,21453.0,3,35.3802490234375,-118.98838043212892,4
2019,2019-09-11,232,9,3,2,3,N,A,N,A,H,D,A,01,N,01,E,,,,,I,N,N,D,1,0,0,0,23152.0,1,35.318904876708984,-119.00299072265624,4
2019,2019-09-11,1603,9,3,16,3,N,A,N,A,H,A,A,01,S,08,A,,,,,C,Y,N,D,2,0,0,0,22107.0,2,35.40113830566406,-118.95154571533205,4
2019,2019-09-11,1939,9,3,19,3,N,A,N,A,H,B,N,60,W,11,G,Y,,Y,,B,N,N,A,1,1,0,0,21954.0,2,35.37480545043945,-118.99371337890624,4
2019,2019-09-12,1337,9,3,13,4,N,A,N,A,H,A,A,01,S,03,C,,,,,C,Y,N,D,2,0,0,0,22350.0,2,35.321903228759766,-119.02133941650392,3
2019,2019-09-12,508,9,3,5,4,Y,A,N,A,H,C,D,22,,09,D,,,,,C,Y,N,A,1,0,0,0,21802.0,2,35.368560791015625,-118.9874267578125,4
2019,2019-09-13,1328,9,3,13,5,Y,A,N,A,H,A,A,01,,01,D,,,,,C,N,N,A,1,0,0,0,23152.0,2,35.3466911315918,-119.0189208984375,3
2019,2019-09-13,1530,9,3,15,5,N,A,N,A,H,A,A,01,E,03,C,,,,,C,Y,N,A,1,0,0,0,22350.0,3,35.30344772338867,-119.10923767089844,4
2019,2019-09-13,1607,9,3,16,5,N,A,N,A,H,A,A,01,W,08,C,,,,,E,N,N,D,1,0,0,0,22107.0,3,35.327476501464844,-119.072021484375,4
2019,2019-09-13,2101,9,3,21,5,N,A,Y,A,H,E,A,01,W,07,C,,,,,C,Y,N,A,3,0,0,0,21658.0,2,,,4
2019,2019-09-14,550,9,3,5,6,N,A,N,A,H,B,A,01,E,01,C,,,,,E,Y,N,D,1,0,0,0,23152.0,3,35.35388946533203,-119.01370239257812,4
2016,2016-08-01,2049,8,2,20,1,Y,A,N,A,H,D,-,,,- ,H,,,,,H,N,N,D,1,0,0,0,,1,35.1482301,-118.62400005,3
2016,2016-08-07,2157,8,2,21,7,Y,A,N,A,H,C,D,22,,01,D,,,,,C,Y,N,A,2,0,0,0,23153.0,2,35.37406005,-118.9914201,4
2016,2016-08-04,1453,8,2,14,4,N,A,N,A,H,A,A,01,W,07,B,,,,,C,Y,N,D,1,0,0,0,21658.0,3,35.4413,-119.10999706,4
2019,2019-08-26,2017,8,2,20,1,N,A,N,A,H,A,N,60,S,11,G,Y,,,,B,N,N,D,1,1,0,0,21954.0,2,35.32442855834961,-119.009033203125,2
2019,2019-09-13,559,9,3,5,5,N,A,N,A,H,A,D,22,S,03,C,,,,,C,N,N,D,1,0,0,0,22350.0,2,35.29542541503906,-119.00314331054688,4
2019,2019-09-13,930,9,3,9,5,Y,A,N,A,H,A,A,01,,09,D,,,,,C,N,N,A,1,0,0,0,21802.0,2,35.39617919921875,-119.0105209350586,4
2019,2019-09-15,835,9,3,8,7,Y,A,N,A,H,A,A,07,,12,D,,,,,C,Y,N,A,1,0,0,0,21453.0,2,35.32490158081055,-119.02134704589844,3
2019,2019-09-15,1116,9,3,11,7,Y,A,Y,A,H,A,-,- ,,12,D,,,,,C,N,N,A,1,0,0,0,21453.0,2,35.29595947265625,-119.02720642089844,4
2019,2019-09-15,1229,9,3,12,7,Y,A,N,A,H,A,A,01,,09,D,,,,,C,Y,N,A,3,0,0,0,21453.0,4,,,3
2019,2019-09-15,1853,9,3,18,7,Y,A,N,A,H,B,A,01,,12,D,,,,,C,Y,N,A,1,0,0,0,21453.0,3,35.39812088012695,-119.11891174316406,4
2019,2019-09-15,1946,9,3,19,7,N,A,N,A,H,C,A,01,N,01,C,,,,,E,Y,F,D,2,0,0,0,23152.0,2,35.350887298583984,-119.01184844970705,2
2019,2019-09-16,1152,9,3,11,1,N,B,N,A,H,A,A,01,E,01,E,,,,,I,Y,N,A,1,0,0,0,23152.0,1,35.27412796020508,-119.0252685546875,4
2019,2019-09-16,1504,9,3,15,1,N,A,N,A,H,A,A,01,E,03,C,,,,,C,Y,N,A,1,0,0,0,22350.0,2,35.2958984375,-119.0118408203125,4
2019,2019-09-15,1950,9,3,19,7,N,A,Y,A,H,C,A,01,N,01,C,,,,,C,Y,M,A,1,0,0,0,23152.0,2,35.35371017456055,-119.00300598144533,3
2019,2019-09-16,1653,9,3,16,1,Y,A,N,A,H,A,D,22,,12,D,,,,,C,N,N,A,2,0,0,0,21453.0,3,35.335540771484375,-119.07972717285156,4
2019,2019-09-17,1532,9,3,15,2,Y,A,N,A,H,A,A,07,,09,D,,,,,C,Y,N,D,2,0,0,0,21800.0,2,35.42525863647461,-119.13028717041016,4
2019,2019-09-17,1736,9,3,17,2,Y,A,N,A,H,A,A,01,,09,D,,,,,D,Y,N,D,1,0,0,0,21800.0,2,35.275691986083984,-119.05207061767578,4
2019,2019-09-18,738,9,3,7,3,Y,A,N,A,H,A,A,01,,09,D,,,,,C,Y,N,A,2,0,0,0,21801.0,2,35.3394889831543,-119.00521850585938,4
2019,2019-09-13,925,9,3,9,5,N,A,N,A,H,A,A,01,N,09,D,,,,,C,N,N,D,1,0,0,0,21804.0,2,35.31135177612305,-119.05667877197266,4
2019,2019-09-14,1041,9,3,10,6,Y,A,N,A,H,A,A,01,,09,D,,,,,C,N,N,A,1,0,0,0,21801.0,2,35.376251220703125,-119.0234832763672,4
2019,2019-09-18,726,9,3,7,3,Y,A,N,A,H,A,A,07,,12,D,,,,,C,N,N,A,1,0,0,0,21453.0,2,35.317729949951165,-119.03009033203124,4
2019,2019-09-18,1438,9,3,14,3,N,A,N,A,H,A,A,01,N,03,C,,,,,C,Y,N,A,1,0,0,0,22350.0,2,35.419830322265625,-119.12783050537108,4
2019,2019-09-19,1031,9,3,10,4,Y,B,N,A,D,A,A,01,,17,D,,,,,C,N,N,A,3,0,0,0,21367.0,2,35.39746856689453,-118.9763412475586,4
2019,2019-09-18,1519,9,3,15,3,Y,A,N,A,H,A,A,01,,03,C,,,,,C,N,N,D,2,0,0,0,22350.0,2,35.37342071533203,-119.02237701416016,4
2019,2019-09-19,1456,9,3,14,4,Y,A,N,A,H,A,A,01,,09,D,,,,,C,Y,N,D,1,0,0,0,21800.0,2,35.35940170288086,-118.9863510131836,4
2019,2019-09-19,2000,9,3,20,4,N,A,N,A,H,C,A,07,E,03,C,,,,,C,Y,N,D,1,0,0,0,22350.0,2,35.39812088012695,-119.11869049072266,4
2019,2019-09-19,2031,9,3,20,4,Y,A,N,A,H,C,A,01,,12,D,,,,,C,Y,N,A,1,0,0,0,21453.0,2,35.34687042236328,-119.12798309326172,4
2019,2019-09-19,2059,9,3,20,4,N,A,N,A,H,C,A,07,S,09,H,,Y,,,G,N,N,D,1,0,1,0,21804.0,2,35.36466598510742,-119.06521606445312,4
2019,2019-09-20,20,9,3,0,5,Y,A,N,A,H,C,A,01,,12,D,,,,,C,N,N,A,3,0,0,0,22450.0,2,35.303470611572266,-119.13694763183594,4
2019,2019-09-19,611,9,3,6,4,Y,B,N,A,H,A,A,07,,12,D,,,,,C,N,N,A,3,0,0,0,21453.0,2,35.30311965942383,-119.02130126953124,3
2019,2019-09-21,1255,9,3,12,6,N,A,Y,A,H,A,A,07,S,09,D,,,,,C,Y,N,D,1,0,0,0,21801.0,2,35.38496017456055,-119.04315948486328,4
2019,2019-09-21,1516,9,3,15,6,N,A,Y,A,H,A,A,01,S,03,C,,,,,C,Y,N,D,3,0,0,0,22350.0,3,35.356792449951165,-119.00299835205078,4
2016,2016-08-10,1108,8,2,11,3,N,A,N,A,H,A,D,22,N,01,C,,,,,C,N,N,A,1,0,0,0,23152.0,2,35.35455604,-119.09238,4
2016,2016-08-09,1739,8,2,17,2,Y,A,N,A,H,A,L,04,,12,H,,Y,,,G,N,N,A,1,0,1,0,21453.0,2,35.38576006,-119.00298991,3
2016,2016-08-09,2150,8,2,21,2,Y,A,Y,A,H,C,A,01,,12,D,,,,,C,Y,N,A,2,0,0,0,21453.0,3,35.33980617,-119.03946389,4
2016,2016-08-06,825,8,2,8,6,Y,A,N,A,H,A,A,07,,12,D,,,,,C,Y,N,A,2,0,0,0,21453.0,2,35.37527002,-119.01889003,4
2016,2016-08-01,1228,8,2,12,1,Y,A,N,A,H,A,D,22,,12,D,,,,,C,N,N,A,3,0,0,0,21453.0,2,35.33219005,-119.03451007,4
2016,2016-08-09,1402,8,2,14,2,N,A,N,A,H,A,A,01,E,03,C,,,,,C,Y,N,A,2,0,0,0,22350.0,2,35.39043596,-118.96148891,4
2016,2016-08-08,2039,8,2,20,1,N,A,N,A,H,C,A,01,N,00,A,Y,,,,E,Y,N,D,2,1,0,0,23153.0,3,35.35623759,-118.99412439,3
2016,2016-08-10,1720,8,2,17,3,Y,A,N,A,H,A,A,01,,03,C,,,,,C,N,N,D,1,0,0,0,22350.0,3,35.38105003,-119.02930009,4
2019,2019-09-20,1417,9,3,14,5,Y,A,N,A,H,A,L,04,,05,H,,Y,,,G,N,N,D,1,0,1,0,21650.0,2,35.399349212646484,-118.98188018798828,3
2019,2019-09-21,553,9,3,5,6,Y,A,N,A,H,B,-,- ,,12,D,,,,,C,N,N,A,5,0,0,0,21453.0,2,35.339622497558594,-119.03946685791016,4
2019,2019-09-21,1742,9,3,17,6,Y,A,N,A,H,A,A,07,,09,D,,,,,C,Y,N,A,2,0,0,0,21801.0,2,35.33945083618164,-119.0234603881836,4
2016,2016-08-03,806,8,2,8,3,Y,A,N,A,H,A,A,01,,10,G,Y,,,,B,N,N,A,1,1,0,0,21950.0,2,35.36842011,-118.99587013,3
2016,2016-08-01,757,8,2,7,1,Y,A,N,A,H,A,L,04,,09,D,,Y,,,G,N,F,A,1,0,1,0,21802.0,2,35.37446004,-118.99707008,3
2016,2016-08-01,803,8,2,8,1,N,A,N,A,H,A,L,04,E,09,D,,Y,,,G,N,N,D,1,0,1,0,21804.0,2,35.36856777,-119.01623202,3
2016,2016-08-03,1752,8,2,17,3,N,A,N,A,H,A,A,01,S,09,D,,,,,C,Y,N,D,3,0,0,0,21804.0,2,35.31765399,-119.09228758,4
2019,2019-09-17,1634,9,3,16,2,Y,A,N,A,H,A,A,07,,10,G,Y,,,,B,N,N,A,1,1,0,0,21950.0,2,35.30717086791992,-119.03008270263672,3
2019,2019-09-19,536,9,3,5,4,N,A,N,A,H,C,L,04,S,05,H,,Y,,,G,N,N,A,1,0,1,0,21650.0,2,35.361080169677734,-119.04241943359376,3
2019,2019-09-22,1344,9,3,13,7,N,A,N,A,D,A,L,04,W,08,H,,Y,,,G,Y,N,D,1,0,1,0,22107.0,2,35.313140869140625,-119.08345794677734,3
2019,2019-09-22,1615,9,3,16,7,N,A,N,A,H,A,A,01,E,03,C,,,,,C,Y,N,A,2,0,0,0,22350.0,3,35.35430145263672,-119.08111572265624,3
2019,2019-09-23,1248,9,3,12,1,Y,A,N,A,H,A,A,01,,09,D,,,,,C,Y,N,A,1,0,0,0,21802.0,2,35.32345962524414,-119.02133178710938,3
2019,2019-09-23,1324,9,3,13,1,N,A,N,A,H,A,A,07,E,08,F,,,,,A,Y,N,D,1,0,0,0,22107.0,1,35.29595947265625,-118.97471618652344,3
2019,2019-09-23,1354,9,3,13,1,Y,A,N,A,H,A,A,01,,12,D,,,,,C,N,N,D,1,0,0,0,21453.0,2,35.33216857910156,-119.0582275390625,4
2019,2019-09-20,1254,9,3,12,5,Y,A,N,A,H,A,A,01,,12,A,,,,,C,N,N,A,1,0,0,0,21453.0,2,35.382938385009766,-119.0234832763672,3
2019,2019-09-20,2012,9,3,20,5,Y,A,N,A,H,A,C,02,,12,D,,,Y,,C,Y,N,A,2,0,0,1,21453.0,2,,,4
2019,2019-09-21,2152,9,3,21,6,N,A,N,A,H,C,A,01,W,08,D,,,,,C,N,N,D,2,0,0,0,22107.0,2,35.280330657958984,-119.05084228515624,4
2019,2019-09-23,1109,9,3,11,1,N,A,Y,A,H,A,A,01,N,06,G,Y,,,,B,N,N,A,1,1,0,0,21951.0,2,35.364402770996094,-119.00296783447266,3
2019,2019-09-23,1152,9,3,11,1,N,A,N,A,H,A,D,22,N,08,H,,,,,E,Y,N,D,1,0,0,0,22107.0,2,35.395015716552734,-119.0431671142578,4
2019,2019-09-23,1716,9,3,17,1,Y,A,N,A,H,A,A,07,,12,D,,,,,D,Y,N,A,1,0,0,0,21453.0,2,35.39051818847656,-119.01429748535156,4
2019,2019-09-23,2219,9,3,22,1,N,A,N,A,H,C,A,01,N,08,C,,,,,E,N,N,D,1,0,0,0,22107.0,3,35.306396484375,-119.0192642211914,3
2019,2019-09-24,226,9,3,2,2,N,A,N,A,H,D,N,60,W,11,G,Y,,,,B,N,F,D,1,1,0,0,21954.0,2,35.33219146728516,-119.03614044189452,3
2019,2019-09-24,1337,9,3,13,2,Y,A,N,A,H,A,A,01,,12,D,,,,,D,Y,M,A,1,0,0,0,21453.0,2,35.34669876098633,-119.00309753417967,4
2019,2019-09-24,1533,9,3,15,2,Y,A,N,A,H,A,D,22,,09,D,Y,,,,C,N,N,D,3,1,0,0,21801.0,4,35.3394889831543,-119.00521850585938,3
2019,2019-09-24,1646,9,3,16,2,Y,A,N,A,H,A,A,01,,09,D,,,,,C,Y,N,A,1,0,0,0,21802.0,2,35.32585906982422,-119.08753204345705,4
2019,2019-09-25,1507,9,3,15,3,N,A,N,A,H,A,A,01,N,10,G,Y,,,,B,N,N,A,1,1,0,0,21950.0,2,35.33224105834961,-119.04338073730467,3
2019,2019-09-25,1640,9,3,16,3,N,A,N,A,H,A,-,99,N,03,C,,,,,C,N,M,A,1,0,0,0,22350.0,2,35.37433242797852,-119.01062774658205,4
2019,2019-02-02,2122,2,4,21,6,N,A,N,A,H,C,-,99,N,03,C,,Y,,,G,N,F,D,1,0,1,0,22350.0,2,35.350341796875,-119.00309753417967,3
2019,2019-09-21,702,9,3,7,6,N,A,N,A,H,B,N,60,N,11,G,Y,,,,B,N,F,D,1,1,0,0,21954.0,2,35.39249801635742,-119.01284790039062,3
2019,2019-09-23,1528,9,3,15,1,Y,A,N,A,H,A,A,07,,12,D,,,,,D,Y,N,A,3,0,0,0,21453.0,3,35.339439392089844,-119.02130889892578,4
2019,2019-09-25,852,9,3,8,3,Y,A,N,A,H,A,A,01,,09,D,,,,,C,N,N,A,2,0,0,0,21802.0,2,35.40504837036133,-118.95451354980467,4
2019,2019-09-26,945,9,3,9,4,Y,A,N,A,H,A,A,01,,09,D,,,,,C,Y,N,A,2,0,0,0,21802.0,2,35.36460876464844,-119.021240234375,4
2019,2019-09-26,1534,9,3,15,4,N,A,N,A,H,A,A,01,E,03,C,,,,,C,Y,N,D,4,0,0,0,22350.0,2,35.368850708007805,-119.12041473388672,4
2019,2019-09-27,801,9,3,8,5,N,A,N,A,H,A,-,99,W,03,C,,,,,C,N,M,D,2,0,0,0,22350.0,3,35.374046325683594,-118.99155426025392,4
2019,2019-09-28,1046,9,3,10,6,N,A,N,A,H,A,A,07,W,05,A,,,,,C,N,N,A,2,0,0,0,21650.0,2,35.294578552246094,-119.01203918457033,4
2019,2019-09-28,1424,9,3,14,6,N,A,N,A,H,A,A,01,N,03,C,,,,,C,N,N,D,1,0,0,0,22350.0,2,35.26814651489258,-119.03897857666016,4
2019,2019-09-25,229,9,3,2,3,N,A,N,A,H,C,A,01,S,08,E,,,,,I,Y,M,D,1,0,0,0,22107.0,1,35.336761474609375,-119.02131652832033,3
2019,2019-09-26,2026,9,3,20,4,Y,A,N,A,H,D,D,22,,03,E,,,,,I,Y,N,B,1,0,0,0,22350.0,1,35.32508087158203,-118.9677505493164,4
2019,2019-09-26,2041,9,3,20,4,N,A,N,A,H,D,A,01,W,08,F,,,,,A,Y,N,D,1,0,0,0,22107.0,1,35.296119689941406,-119.19198608398438,4
2019,2019-09-27,739,9,3,7,5,Y,A,N,A,H,A,A,01,,10,G,Y,,,,B,N,N,A,1,1,0,0,21950.0,2,35.33641052246094,-119.06598663330078,3
2019,2019-09-27,1128,9,3,11,5,N,A,N,A,H,A,A,07,S,09,D,,,,,C,N,N,A,2,0,0,0,21804.0,2,35.36759948730469,-119.11155700683594,4
2019,2019-09-27,1738,9,3,17,5,N,A,N,A,H,A,A,01,E,09,D,,,,,C,N,N,D,1,0,0,0,21801.0,2,35.367469787597656,-119.0463638305664,4
2019,2019-09-27,1940,9,3,19,5,N,A,N,A,H,C,N,60,N,11,G,Y,,,,B,N,N,D,1,1,0,0,21954.0,2,35.32398986816406,-118.98542785644533,3
2019,2019-09-28,1628,9,3,16,6,N,A,N,A,H,A,A,01,W,03,C,,,,,C,N,N,D,1,0,0,0,22350.0,2,35.317901611328125,-119.05361938476562,4
2019,2019-09-28,1918,9,3,19,6,N,A,N,A,H,C,A,01,E,03,C,,,,,C,N,M,D,1,0,0,0,22350.0,3,35.33943176269531,-119.02530670166016,4
2019,2019-09-28,2311,9,3,23,6,Y,A,N,A,H,C,A,01,,12,D,,,,,C,Y,N,A,1,0,0,0,21453.0,2,35.31781005859375,-119.04782104492188,4
2019,2019-09-29,743,9,3,7,7,Y,A,N,A,H,A,-,- ,,18,F,,,Y,,A,N,N,A,1,0,0,1,,1,35.39813995361328,-119.01879119873048,2
2019,2019-09-30,731,9,3,7,1,Y,A,N,A,H,A,A,01,,09,D,,,,,C,Y,N,A,1,0,0,0,21802.0,2,35.38481140136719,-119.01885223388672,2
2019,2019-09-23,101,9,3,1,1,N,A,Y,A,D,D,D,22,W,03,C,Y,,,,E,N,N,D,2,1,0,0,22350.0,3,,,3
2019,2019-09-30,1335,9,3,13,1,Y,A,N,A,H,A,A,01,,09,D,,,,,C,Y,N,D,1,0,0,0,21802.0,2,35.31660079956055,-119.07447052001952,3
2019,2019-10-01,753,10,3,7,2,N,A,N,A,H,A,A,01,S,03,C,,,,,C,N,N,D,2,0,0,0,22350.0,4,35.36646270751953,-119.021240234375,4
2019,2019-10-01,904,10,3,9,2,N,A,N,A,H,A,A,01,S,04,C,,,,,C,Y,N,A,1,0,0,0,21703.0,3,35.330055236816406,-119.0922622680664,4
2019,2019-10-01,1159,10,3,11,2,N,A,N,A,H,A,A,07,S,12,D,,,,,C,Y,N,A,3,0,0,0,21453.0,2,35.30937194824219,-119.0922622680664,4
2019,2019-09-25,1648,9,3,16,3,N,A,Y,A,H,A,A,01,E,03,C,,,,,C,Y,N,A,1,0,0,0,22350.0,2,35.26704025268555,-119.0644302368164,4
2019,2019-09-25,1909,9,3,19,3,N,A,N,A,H,B,L,04,E,08,H,,Y,,,G,N,N,A,1,0,1,0,22107.0,2,35.342891693115234,-119.10181427001952,3
2019,2019-09-26,1314,9,3,13,4,Y,A,N,A,H,A,A,07,,01,D,,,,,C,N,N,A,1,0,0,0,23152.0,4,35.339439392089844,-119.02130889892578,3
2019,2019-10-02,620,10,3,6,3,N,A,Y,A,H,B,A,07,N,03,C,,,,,C,Y,N,D,1,0,0,0,22350.0,2,35.35294723510742,-119.00300598144533,4
2019,2019-10-02,729,10,3,7,3,N,A,N,A,H,A,F,27,N,09,H,,Y,,Y,G,N,N,D,1,0,1,0,21804.0,2,35.3408088684082,-119.10111236572266,2
2016,2016-08-07,30,8,2,0,7,Y,A,N,A,H,C,A,01,,12,D,,,,,C,N,M,A,1,0,0,0,21453.0,2,35.35213004,-119.01894007,4
2016,2016-08-07,730,8,2,7,7,Y,A,Y,A,H,A,-,99,,09,H,,Y,,,G,N,F,A,1,0,1,0,21800.0,2,35.39653629,-118.94734228,4
2016,2016-08-13,750,8,2,7,6,N,A,N,A,H,A,A,01,W,09,D,,,Y,,C,Y,N,A,1,0,0,1,21801.0,2,35.32285452,-119.08378589,3