ACCIDENT_YEAR,COLLISION_DATE,COLLISION_TIME,MONTH,SEASON,24HOURS,DAY_OF_WEEK,INTERSECTION,WEATHER_1,STATE_HWY_IND,ROAD_SURFACE,ROAD_COND_1,LIGHTING,STWD_VEHTYPE_AT_FAULT,CHP_VEHTYPE_AT_FAULT,DIRECTION,PCF_VIOL_CATEGORY,TYPE_OF_COLLISION,PEDESTRIAN_ACCIDENT,BICYCLE_ACCIDENT,MOTORCYCLE_ACCIDENT,TRUCK_ACCIDENT,MVIW,TOW_AWAY,HIT_AND_RUN,CONTROL_DEVICE,NUMBER_INJURED,COUNT_PED_INJURED,COUNT_BICYCLIST_INJURED,COUNT_MC_INJURED,PCF_VIOLATION,PARTY_COUNT,POINT_Y,POINT_X,COLLISION_SEVERITY
2020,2020-09-07,1553,9,3,15,1,Y,A,N,A,H,A,A,01,,12,D,,,,,C,Y,N,A,1,0,0,0,21453.0,2,35.385501861572266,-118.98650360107422,4
2020,2020-09-07,2007,9,3,20,1,Y,A,N,A,H,C,D,22,,09,D,,,,,C,Y,F,A,1,0,0,0,21453.0,2,35.339698791503906,-119.05507659912108,4
2020,2020-09-07,2252,9,3,22,1,N,A,Y,A,H,C,A,01,N,01,C,,,,,C,Y,N,A,1,0,0,0,23152.0,2,35.35114669799805,-119.00308990478516,4
2020,2020-09-08,1405,9,3,14,2,N,B,N,A,H,A,A,07,W,03,C,,,,,C,Y,N,A,2,0,0,0,22350.0,2,35.295928955078125,-119.0478515625,4
2020,2020-09-08,1444,9,3,14,2,N,A,Y,A,D,A,A,01,S,03,C,,,,,C,Y,F,A,1,0,0,0,22350.0,2,35.381160736083984,-119.03856658935548,3
2020,2020-09-08,1600,9,3,16,2,Y,A,N,A,H,A,A,01,,12,D,,,,,E,Y,N,A,1,0,0,0,22450.0,3,35.36458969116211,-119.01647186279295,4
2020,2020-09-09,1041,9,3,10,3,Y,A,N,A,H,A,D,22,,09,D,,,,,C,Y,N,A,2,0,0,0,21802.0,2,35.33580017089844,-119.02131652832033,3
2020,2020-09-09,1652,9,3,16,3,Y,A,N,A,H,A,A,01,,09,D,,,,,C,Y,N,D,3,0,0,0,21802.0,2,35.357791900634766,-118.94989776611328,3
2020,2020-09-09,1923,9,3,19,3,N,A,N,A,H,C,A,01,S,08,D,,,,,C,Y,N,D,2,0,0,0,22103.0,3,35.357051849365234,-118.98526000976562,3
2020,2020-09-10,749,9,3,7,4,Y,A,N,A,H,A,-,99,,09,D,,,,,C,Y,M,A,2,0,0,0,21802.0,2,35.375198364257805,-119.00018310546876,4
2020,2020-09-10,828,9,3,8,4,Y,A,N,A,H,A,A,07,,12,D,,,,,C,N,N,A,1,0,0,0,21453.0,2,35.397979736328125,-119.12783813476562,4
2020,2020-09-10,1419,9,3,14,4,N,A,Y,A,H,A,A,01,S,03,C,,,,,C,Y,N,A,3,0,0,0,22350.0,3,35.376609802246094,-119.0029067993164,4
2020,2020-09-10,1728,9,3,17,4,N,A,N,A,H,A,A,07,N,03,C,,,,,C,Y,M,D,1,0,0,0,22350.0,5,35.3791618347168,-118.98367309570312,4
2020,2020-09-11,821,9,3,8,5,Y,A,N,A,H,A,D,22,,08,E,,,,,I,Y,N,A,1,0,0,0,22107.0,1,35.37533950805664,-119.03865814208984,4
2020,2020-09-11,906,9,3,9,5,Y,A,N,A,H,A,-,99,,09,B,,,,,C,Y,M,D,1,0,0,0,21800.0,2,35.36211013793945,-118.98856353759766,4
2020,2020-09-11,1018,9,3,10,5,Y,A,Y,A,H,A,A,07,,12,D,,,,,C,Y,N,A,3,0,0,0,21453.0,2,35.383331298828125,-119.04769897460938,4
2020,2020-09-11,1439,9,3,14,5,Y,F,N,A,H,A,A,01,,09,D,,,,,C,Y,N,D,1,0,0,0,21801.0,2,35.40007019042969,-118.96759796142578,4
2020,2020-09-11,1553,9,3,15,5,Y,A,N,A,H,A,A,01,,03,D,,,,,C,N,N,D,1,0,0,0,22350.0,2,35.36315155029297,-119.022216796875,4
2020,2020-09-11,1602,9,3,16,5,N,A,N,A,H,A,-,99,W,05,D,,,,,C,Y,M,D,3,0,0,0,21650.0,2,35.354000091552734,-119.02018737792967,4
2020,2020-09-11,1617,9,3,16,5,Y,F,N,A,H,A,A,01,,12,D,,,,,C,Y,N,A,1,0,0,0,21453.0,2,35.39760971069336,-118.96759033203124,3
2020,2020-09-11,1850,9,3,18,5,N,A,N,A,H,B,A,01,N,01,A,,,,,C,Y,N,D,5,0,0,0,23152.0,5,35.38492584228516,-118.93004608154295,2
2020,2020-09-11,1953,9,3,19,5,Y,A,N,A,H,C,C,02,,12,D,,,Y,,C,Y,N,D,1,0,0,1,22450.0,2,35.31803131103516,-119.11872863769533,3
2020,2020-09-11,2249,9,3,22,5,Y,A,N,A,H,C,A,07,,12,D,,,,,C,N,N,A,1,0,0,0,21453.0,2,35.401641845703125,-119.09233856201172,4
2020,2020-09-11,2250,9,3,22,5,N,A,N,A,H,C,A,01,S,01,C,,,,,C,Y,N,A,2,0,0,0,23152.0,2,35.29579162597656,-119.0566864013672,4
2020,2020-09-12,154,9,3,1,6,N,A,N,A,H,C,A,01,W,08,C,,,,,E,Y,N,D,1,0,0,0,22107.0,4,35.38575744628906,-118.99734497070312,4
2020,2020-09-12,342,9,3,3,6,Y,A,Y,A,H,C,A,01,,01,E,,,,,I,N,N,A,1,0,0,0,23152.0,1,,,4
2020,2020-09-12,812,9,3,8,6,Y,A,N,A,H,A,C,02,,03,F,,,Y,,A,Y,N,A,1,0,0,1,22350.0,1,35.298580169677734,-119.08315277099608,3
2020,2020-09-13,1633,9,3,16,7,N,A,N,A,H,A,A,01,N,08,B,,,,,E,Y,N,D,1,0,0,0,22107.0,6,35.357906341552734,-118.9885711669922,3
2020,2020-09-12,1317,9,3,13,6,Y,A,N,A,H,A,A,01,,03,C,,,,,C,Y,N,A,2,0,0,0,22350.0,2,35.26713180541992,-119.09207916259766,4
2020,2020-09-12,1656,9,3,16,6,Y,A,N,A,H,A,A,01,,12,D,,,,,C,Y,F,A,1,0,0,0,21453.0,2,35.381301879882805,-118.98800659179688,3
2020,2020-09-12,1718,9,3,17,6,N,A,N,A,H,A,A,01,N,03,E,,,,Y,I,Y,N,D,1,0,0,0,22350.0,2,35.25271224975586,-118.91883087158205,3
2020,2020-09-12,2014,9,3,20,6,N,A,N,A,H,C,A,01,E,03,E,,,,,I,Y,N,D,1,0,0,0,22350.0,1,35.317779541015625,-119.04289245605467,4
2020,2020-09-12,2231,9,3,22,6,Y,A,N,A,H,C,A,01,,09,D,,,Y,,C,Y,F,A,2,0,0,2,21453.0,2,35.3337516784668,-119.09226989746094,2
2020,2020-09-13,1510,9,3,15,7,N,A,N,A,H,A,-,99,S,03,C,,,,,C,N,F,A,1,0,0,0,22350.0,2,35.3902702331543,-119.00279235839844,4
2020,2020-09-13,2149,9,3,21,7,N,A,Y,A,H,C,-,99,S,08,C,,,,,C,N,M,D,1,0,0,0,22107.0,2,35.38105010986328,-119.03856658935548,4
2020,2020-09-14,204,9,3,2,1,Y,A,N,A,H,C,C,03,,09,D,,,Y,,D,Y,F,A,0,0,0,0,21802.0,3,35.38206100463867,-118.99606323242188,1
2020,2020-09-14,1800,9,3,18,1,N,A,N,A,H,A,A,01,E,08,C,,,,,E,Y,N,D,1,0,0,0,22107.0,2,35.38749694824219,-119.0260009765625,3
2020,2020-09-14,2230,9,3,22,1,N,B,Y,A,H,C,C,02,E,05,D,,,Y,,C,Y,F,D,2,0,0,2,21651.0,2,35.33958435058594,-119.04287719726562,2
2020,2020-09-15,936,9,3,9,2,N,B,N,A,H,A,A,07,N,01,E,,,,,I,Y,N,D,1,0,0,0,23152.0,1,35.36597442626953,-119.05389404296876,3
2020,2020-09-15,944,9,3,9,2,Y,A,N,A,H,A,-,- ,,12,D,,,,,C,Y,N,A,2,0,0,0,21453.0,2,35.339481353759766,-119.01186370849608,4
2020,2020-09-15,1158,9,3,11,2,N,A,N,A,H,A,A,01,W,09,B,,,,,C,N,N,D,2,0,0,0,21801.0,2,35.36536407470703,-119.05440521240234,4
2020,2020-09-15,1547,9,3,15,2,Y,A,N,A,H,A,M,96,,09,D,,,,,C,Y,F,A,1,0,0,0,21801.0,3,35.36457061767578,-119.009521484375,4
2020,2020-09-15,1721,9,3,17,2,N,A,N,A,H,A,C,02,W,08,F,,,Y,,A,Y,N,A,1,0,0,1,22107.0,1,35.31834030151367,-119.09242248535156,3
2020,2020-09-15,2006,9,3,20,2,Y,A,N,A,H,C,-,99,,08,B,,,,,C,Y,M,A,1,0,0,0,22107.0,2,35.37942123413086,-118.98018646240234,4
2020,2020-09-15,2216,9,3,22,2,Y,A,N,A,H,C,A,07,,03,E,,,,,I,Y,N,A,1,0,0,0,22350.0,1,35.36838912963867,-118.99249267578124,4
2020,2020-09-16,506,9,3,5,3,Y,A,N,A,H,C,-,99,,09,D,,Y,,,G,N,M,A,1,0,1,0,21800.0,2,35.36840057373047,-119.01892852783205,3
2020,2020-09-16,1052,9,3,10,3,Y,A,N,A,H,A,A,07,,09,D,,,,,C,Y,N,B,4,0,0,0,21800.0,2,35.33823013305664,-119.06098175048828,4
2020,2020-09-16,1357,9,3,13,3,Y,A,N,A,H,A,A,01,,09,D,,,,,C,Y,N,B,4,0,0,0,21800.0,3,35.3734016418457,-119.01062774658205,3
2020,2020-09-16,1401,9,3,14,3,N,A,N,A,H,A,C,02,E,05,D,,,Y,,C,Y,N,D,1,0,0,1,21651.0,2,35.3419303894043,-119.059326171875,3
2020,2020-09-16,1422,9,3,14,3,N,A,N,A,H,A,A,01,N,03,C,,,,,C,N,N,D,1,0,0,0,22350.0,2,35.314903259277344,-119.09225463867188,4
2020,2020-09-16,1956,9,3,19,3,N,A,Y,A,H,D,A,07,E,01,E,,,,,I,Y,N,D,1,0,0,0,23152.0,1,,,4
2020,2020-09-17,931,9,3,9,4,Y,A,N,A,H,A,A,01,,09,D,,,,,C,Y,N,A,1,0,0,0,21802.0,2,35.36859893798828,-118.9802703857422,4
2020,2020-09-17,1209,9,3,12,4,N,A,N,A,H,A,A,01,S,09,D,,,Y,,C,N,N,D,1,0,0,1,21804.0,2,35.36426544189453,-119.038818359375,3
2020,2020-09-17,1700,9,3,17,4,N,A,N,A,H,A,A,01,E,09,D,,,,,C,Y,N,D,1,0,0,0,21804.0,2,35.376190185546875,-119.00711059570312,4
2020,2020-09-17,1756,9,3,17,4,Y,A,N,A,H,A,A,01,,09,D,,,,,D,Y,N,D,4,0,0,0,21804.0,2,35.38740158081055,-119.09242248535156,4
2020,2020-09-19,1430,9,3,14,6,N,A,N,A,H,A,A,01,W,09,D,,,,,C,Y,N,D,6,0,0,0,21801.0,2,35.33940505981445,-119.04269409179688,3
2020,2020-09-18,1507,9,3,15,5,Y,A,N,A,H,A,A,07,,09,D,,,,,C,Y,N,A,2,0,0,0,21802.0,2,35.38243103027344,-118.99759674072266,4
2020,2020-09-19,948,9,3,9,6,N,A,Y,A,H,A,A,01,N,09,C,,,,,C,Y,N,D,3,0,0,0,21804.0,2,35.364402770996094,-119.00296783447266,3
2020,2020-09-19,1337,9,3,13,6,Y,A,N,A,H,A,A,01,,10,G,Y,,,,B,Y,N,D,1,1,0,0,21950.0,2,35.38665008544922,-118.9675521850586,3
2020,2020-09-19,1908,9,3,19,6,Y,A,N,A,H,A,A,07,,09,D,,,,,C,Y,N,A,1,0,0,0,21453.0,2,35.325050354003906,-119.05677795410156,3
2020,2020-09-19,2221,9,3,22,6,N,A,N,A,H,C,A,08,E,01,A,,Y,,,G,N,F,D,1,0,1,0,23152.0,2,35.354248046875,-119.04769897460938,3
2020,2020-09-19,2315,9,3,23,6,N,A,N,A,H,D,A,01,E,08,B,,,,,E,N,M,D,1,0,0,0,22107.0,3,35.36119842529297,-118.98358917236328,4
2020,2020-09-20,1058,9,3,10,7,N,A,N,A,H,A,-,99,S,21,C,,,,,C,Y,F,D,1,0,0,0,22106.0,2,35.40709686279297,-118.94792938232422,4
2020,2020-09-20,1128,9,3,11,7,N,A,N,A,H,A,D,22,E,08,E,,,,,I,Y,N,A,1,0,0,0,22107.0,1,35.354000091552734,-119.0212860107422,2
2020,2020-09-20,1454,9,3,14,7,N,A,N,A,H,A,D,83,S,03,G,Y,,,,B,N,N,D,1,1,0,0,22350.0,2,35.35530471801758,-118.99080657958984,4
2020,2020-09-21,622,9,3,6,1,N,A,Y,A,H,A,D,22,W,03,C,,,,,C,Y,M,A,1,0,0,0,22350.0,2,35.38003921508789,-119.01525115966795,4
2020,2020-09-21,1249,9,3,12,1,N,A,N,A,H,A,A,01,N,08,B,,,,,C,Y,N,A,3,0,0,0,22107.0,2,35.36062240600586,-119.00298309326172,4
2020,2020-09-21,1909,9,3,19,1,N,A,N,A,H,C,A,07,E,03,C,,,,,C,N,N,A,1,0,0,0,22350.0,3,35.34950637817383,-119.12185668945312,4
2020,2020-09-22,318,9,3,3,2,N,A,N,A,H,C,A,01,E,08,E,,,,,I,Y,F,D,2,0,0,0,22107.0,4,35.33945083618164,-118.99282836914062,3
2020,2020-09-22,1916,9,3,19,2,Y,A,N,A,H,C,A,01,,12,D,,,,,C,Y,N,A,2,0,0,0,21453.0,2,35.3802490234375,-118.98838043212892,3
2020,2020-09-23,919,9,3,9,3,Y,A,N,A,H,A,D,22,,09,D,,,,,C,Y,N,A,3,0,0,0,21801.0,2,35.35390853881836,-119.00643920898438,4
2020,2020-09-23,1224,9,3,12,3,N,A,N,A,H,-,L,04,E,08,F,,Y,,,A,N,N,D,1,0,1,0,22107.0,1,35.401588439941406,-119.08772277832033,3
2020,2020-09-23,1326,9,3,13,3,Y,A,Y,A,D,A,A,01,,08,B,,,,,C,Y,N,A,3,0,0,0,22100.0,2,35.38005828857422,-119.0223388671875,4
2020,2020-09-23,1518,9,3,15,3,Y,A,N,A,H,A,C,02,,01,D,,,Y,,C,Y,N,A,1,0,0,1,23152.0,2,35.36132049560547,-119.02706146240234,2
2020,2020-09-24,1017,9,3,10,4,Y,A,Y,A,H,A,A,01,,12,D,,,,,D,Y,N,A,1,0,0,0,21453.0,2,35.367889404296875,-119.04335784912108,4
2020,2020-09-24,1620,9,3,16,4,Y,A,Y,A,H,A,C,02,,12,D,,,Y,,C,Y,N,A,1,0,0,1,21453.0,2,,,3
2020,2020-09-24,2044,9,3,20,4,Y,A,N,A,H,A,A,01,,09,D,,,,,C,Y,N,A,1,0,0,0,21801.0,2,35.37525939941406,-119.00291442871094,4
2020,2020-09-25,1346,9,3,13,5,N,A,N,A,H,A,-,99,N,03,C,,,,,C,N,M,A,1,0,0,0,22350.0,2,35.35655212402344,-119.09235382080078,4
2020,2020-09-25,1435,9,3,14,5,N,A,N,A,H,A,A,01,W,01,C,,,,,C,N,M,A,1,0,0,0,23152.0,2,35.397808074951165,-119.00809478759766,4
2020,2020-09-25,1518,9,3,15,5,N,A,N,A,H,A,A,01,W,03,C,,,,,C,Y,N,A,1,0,0,0,22350.0,3,35.373268127441406,-119.0189971923828,4
2020,2020-09-25,1700,9,3,17,5,N,A,N,A,H,A,-,99,E,03,C,,,,,C,N,M,A,2,0,0,0,22350.0,3,35.33224868774414,-119.05736541748048,4
2020,2020-09-26,700,9,3,7,6,Y,A,N,A,H,A,D,22,,12,D,,,,,C,Y,N,A,1,0,0,0,21453.0,2,35.31816864013672,-119.05677795410156,3
2020,2020-09-26,1216,9,3,12,6,Y,A,Y,A,H,A,D,22,,12,D,,,,,D,Y,N,A,3,0,0,0,21453.0,3,35.376609802246094,-119.0029067993164,4
2020,2020-09-27,958,9,3,9,7,Y,A,Y,A,H,A,C,02,,01,E,,,Y,,I,N,N,A,1,0,0,1,23152.0,1,35.38673782348633,-119.01845550537108,2
2020,2020-09-27,2101,9,3,21,7,Y,A,N,A,H,C,D,22,,09,D,,,,,C,N,N,A,1,0,0,0,21802.0,2,35.38100051879883,-119.01754760742188,4
2020,2020-09-28,1250,9,3,12,1,N,A,Y,A,H,A,A,01,W,12,D,,,,,C,Y,N,A,1,0,0,0,21453.0,2,35.38352966308594,-119.0959930419922,4
2020,2020-09-28,1312,9,3,13,1,Y,A,N,A,H,A,A,07,,09,D,,,,,C,Y,N,A,3,0,0,0,21802.0,3,35.38277053833008,-118.99414825439452,3
2020,2020-09-28,1859,9,3,18,1,N,A,N,A,H,C,A,01,N,03,C,,,,,C,Y,N,D,1,0,0,0,22350.0,2,35.36424255371094,-119.00296783447266,3
2020,2020-09-28,1859,9,3,18,1,N,A,Y,A,H,C,A,01,S,03,C,,,,,C,Y,N,D,5,0,0,0,22350.0,4,35.36424255371094,-119.00296783447266,4
2020,2020-09-28,2050,9,3,20,1,N,A,N,A,H,C,-,99,E,08,H,,Y,,,G,N,F,D,1,0,1,0,22107.0,3,35.3543815612793,-119.07736206054688,2
2020,2020-09-29,1526,9,3,15,2,Y,A,N,A,H,A,A,01,,01,E,,,,,I,Y,N,D,1,0,0,0,23152.0,1,35.36647033691406,-119.00726318359376,4
2020,2020-09-29,1713,9,3,17,2,Y,A,N,A,H,A,-,- ,,12,B,,,,,C,N,M,D,1,0,0,0,21453.0,2,35.374778747558594,-118.9936065673828,4
2020,2020-09-30,1134,9,3,11,3,N,A,N,A,H,A,A,01,S,03,C,,,,,C,Y,N,D,1,0,0,0,22350.0,2,35.35274124145508,-119.0612564086914,3
2020,2020-09-30,1547,9,3,15,3,N,A,N,A,H,A,A,01,S,09,D,,,,,C,Y,N,A,1,0,0,0,21453.0,2,35.31293869018555,-119.0566864013672,4
2020,2020-09-30,1945,9,3,19,3,Y,A,N,A,H,C,A,01,,12,D,,,,,C,Y,N,A,1,0,0,0,22450.0,2,35.346920013427734,-118.967529296875,3
2020,2020-09-30,2000,9,3,20,3,Y,A,N,A,H,A,A,01,,03,C,,,,,C,N,N,A,1,0,0,0,22350.0,2,,,4
2020,2020-09-30,2339,9,3,23,3,Y,A,N,A,H,C,-,- ,,12,D,,,Y,,C,N,N,A,1,0,0,1,21453.0,2,35.41014099121094,-118.97647857666016,4
2020,2020-10-01,1000,10,3,10,4,Y,A,N,A,H,A,A,08,,09,D,,,,,C,Y,N,A,3,0,0,0,21802.0,2,35.36857986450195,-118.9823989868164,3
2020,2020-10-01,2110,10,3,21,4,Y,A,N,A,H,C,-,- ,,12,D,,,,,C,Y,N,A,1,0,0,0,21453.0,2,35.360801696777344,-119.01891326904295,3
2020,2020-10-02,24,10,3,0,5,N,A,N,A,H,C,C,02,E,03,F,,,Y,,A,Y,N,D,1,0,0,1,22350.0,1,35.37812423706055,-118.97972106933594,3
2020,2020-10-02,716,10,3,7,5,Y,A,N,A,H,A,A,01,,08,E,,,,,I,Y,M,A,1,0,0,0,22107.0,1,35.32487869262695,-119.08144378662108,4
2020,2020-10-02,805,10,3,8,5,N,A,N,A,H,A,-,99,W,03,C,,,,,C,N,M,A,1,0,0,0,22350.0,3,35.36797332763672,-119.0615692138672,4
2020,2020-10-02,1306,10,3,13,5,Y,A,N,A,H,A,A,01,,12,D,,,,,C,Y,N,A,3,0,0,0,22450.0,3,35.386470794677734,-119.01055908203124,4
2020,2020-10-03,728,10,3,7,6,N,A,N,A,H,A,A,07,S,01,E,,,,,I,Y,N,D,1,0,0,0,23152.0,1,35.33523941040039,-118.93201446533205,3
2020,2020-10-03,1206,10,3,12,6,Y,A,N,A,H,A,A,01,,12,D,,,,,C,Y,N,A,3,0,0,0,22450.0,2,35.37321853637695,-118.9823989868164,4
2020,2020-10-03,1406,10,3,14,6,Y,A,N,A,H,A,A,01,,12,D,,,,,C,Y,N,A,2,0,0,0,21453.0,2,35.35213088989258,-119.0212173461914,3
2020,2020-10-03,1633,10,3,16,6,Y,A,N,A,H,A,A,01,,17,D,,,,,C,Y,N,A,2,0,0,0,21451.0,2,35.39862823486328,-118.95320892333984,4
2020,2020-10-03,2039,10,3,20,6,N,F,N,A,H,D,A,01,W,08,E,,,,,I,Y,N,D,1,0,0,0,22107.0,1,35.40982818603516,-118.98056793212892,4
2020,2020-10-04,2121,10,3,21,7,N,A,N,A,H,C,N,60,S,11,G,Y,,,,B,N,F,D,1,1,0,0,21954.0,2,35.36172866821289,-119.0029754638672,3
2020,2020-10-03,2205,10,3,22,6,N,A,N,A,H,C,A,01,W,01,C,,,,,C,Y,N,D,1,0,0,0,23152.0,2,35.36856842041016,-119.02134704589844,4
2020,2020-10-03,2321,10,3,23,6,Y,F,N,A,H,C,D,22,,12,D,,,,,C,Y,N,A,1,0,0,0,21453.0,2,35.3301887512207,-119.0922622680664,4
2020,2020-10-04,1041,10,3,10,7,Y,A,Y,A,D,A,D,22,,03,C,,,,,C,Y,N,D,1,0,0,0,22350.0,2,35.381038665771484,-119.02696990966795,4
2020,2020-10-04,1142,10,3,11,7,N,A,N,A,H,A,D,22,W,03,C,,,,,C,Y,N,A,2,0,0,0,22350.0,2,35.4197883605957,-119.14546966552734,3
2020,2020-10-04,1159,10,3,11,7,Y,A,N,A,H,A,-,- ,,12,D,,,,,C,Y,N,A,2,0,0,0,21453.0,2,35.33216857910156,-119.02131652832033,4
2020,2020-10-04,1704,10,3,17,7,N,A,N,A,H,A,A,01,N,03,D,,,,,C,N,N,A,1,0,0,0,22350.0,4,35.33980178833008,-119.05026245117188,4
2020,2020-10-05,1140,10,3,11,1,Y,A,Y,A,H,A,A,07,,12,D,,,,,C,Y,N,A,1,0,0,0,21453.0,2,,,4
2020,2020-10-04,1320,10,3,13,7,N,A,N,A,H,A,A,01,E,03,C,,,,,C,Y,N,A,1,0,0,0,22350.0,3,35.354000091552734,-119.02010345458984,4
2020,2020-10-05,1654,10,3,16,1,Y,A,N,A,H,A,A,07,,03,C,,,,,C,N,N,D,1,0,0,0,22350.0,2,35.390239715576165,-118.96962738037108,4
2020,2020-10-05,2028,10,3,20,1,Y,A,N,A,H,C,A,07,,09,A,,,,,C,N,N,D,4,0,0,0,21801.0,2,35.28139877319336,-119.0312728881836,4
2020,2020-10-05,2238,10,3,22,1,Y,A,N,A,H,C,A,07,,12,D,,,,,C,Y,F,A,1,0,0,0,21453.0,2,35.36856842041016,-119.02123260498048,3
2020,2020-10-07,811,10,3,8,3,Y,A,N,A,H,A,A,01,,09,D,,,,,C,N,N,A,1,0,0,0,21802.0,2,35.38101959228516,-119.02233123779295,4
2020,2020-10-07,1040,10,3,10,3,N,A,N,A,H,A,-,99,E,03,C,,,,,C,N,M,D,1,0,0,0,22350.0,2,35.35540008544922,-119.05123138427734,4
2020,2020-10-07,1242,10,3,12,3,N,A,N,A,H,A,A,01,W,08,D,,,,,C,Y,N,D,5,0,0,0,22103.0,2,35.36457824707031,-119.00804138183594,3
2020,2020-10-07,1316,10,3,13,3,N,A,N,A,H,A,-,99,E,08,C,Y,,,,E,Y,F,D,1,1,0,0,22107.0,3,35.368587493896484,-118.98176574707033,4
2020,2020-10-07,1615,10,3,16,3,N,A,N,A,D,A,-,99,S,03,C,,,,,C,N,M,A,1,0,0,0,22350.0,2,35.38283157348633,-119.02347564697266,4
2020,2020-10-08,31,10,3,0,4,Y,A,N,A,H,C,A,01,S,08,E,,,,,I,Y,N,D,1,0,0,0,22107.0,1,35.35108184814453,-119.06137847900392,4
2020,2020-10-08,1409,10,3,14,4,Y,A,N,A,H,A,-,99,,17,D,,,,,C,Y,M,A,1,0,0,0,21451.0,2,35.373409271240234,-119.0200424194336,4
2020,2020-10-08,1758,10,3,17,4,Y,A,N,A,H,A,A,01,,12,D,,,,Y,C,Y,N,A,2,0,0,0,22450.0,2,35.42694091796875,-119.0745086669922,2
2020,2020-10-08,2043,10,3,20,4,Y,A,N,A,H,C,D,22,,12,D,,,,,C,Y,M,A,2,0,0,0,21453.0,3,35.36854934692383,-118.99080657958984,4
2020,2020-10-09,1208,10,3,12,5,Y,A,N,A,H,A,A,01,,17,D,,,,,C,Y,N,A,3,0,0,0,21451.0,2,35.35390853881836,-118.99413299560548,3
2020,2020-10-09,1620,10,3,16,5,N,A,N,A,H,A,A,07,N,09,D,,,,,C,Y,N,D,1,0,0,0,21801.0,2,35.36867141723633,-119.03166961669922,3
2020,2020-10-09,2338,10,3,23,5,N,A,N,A,H,C,-,99,E,03,C,,,,,C,N,M,A,1,0,0,0,22350.0,2,35.30311965942383,-119.01850128173828,4
2020,2020-10-10,1257,10,3,12,6,N,A,N,A,H,A,L,04,W,05,D,,Y,,,G,N,N,D,1,0,1,0,21650.0,2,35.33967590332031,-119.05343627929688,4
2020,2020-10-10,1416,10,3,14,6,N,A,N,A,H,A,A,01,W,01,C,,,,,C,Y,N,A,1,0,0,0,23152.0,2,35.38302993774414,-118.96739196777344,4
2020,2020-10-10,1857,10,3,18,6,N,A,N,A,H,C,A,07,S,09,D,,,,,C,N,N,D,1,0,0,0,21801.0,2,35.32331848144531,-119.05677032470705,4
2020,2020-10-10,2038,10,3,20,6,N,A,N,A,H,C,D,22,E,01,C,,,,,C,N,N,A,2,0,0,0,23152.0,2,35.31829071044922,-119.08333587646484,4
2020,2020-10-11,521,10,3,5,7,N,A,N,A,H,C,A,01,W,08,E,,,,,I,Y,F,D,2,0,0,0,22107.0,1,35.31829833984375,-119.08656311035156,4
2020,2020-10-11,1414,10,3,14,7,Y,A,N,A,H,A,D,22,,09,D,,,,,C,Y,N,D,1,0,0,0,21804.0,2,35.3394889831543,-119.00521850585938,4
2020,2020-10-11,1533,10,3,15,7,N,A,N,A,H,A,-,- ,E,18,H,,,,,A,Y,N,D,1,0,0,0,,1,35.37342071533203,-119.02581787109376,4
2020,2020-10-11,1949,10,3,19,7,Y,A,N,A,H,C,A,01,,12,D,,,,,C,Y,N,A,4,0,0,0,21453.0,2,35.281341552734375,-119.02124786376952,4
2020,2020-10-12,754,10,3,7,1,N,A,N,A,H,A,D,22,E,21,G,Y,,,,B,N,N,D,1,1,0,0,22106.0,2,35.40437698364258,-118.93898010253906,4
2020,2020-10-12,1720,10,3,17,1,N,A,N,A,H,A,A,01,N,10,G,Y,,,,B,N,N,A,1,1,0,0,21950.0,2,35.35622787475586,-119.09236145019533,3
2020,2020-10-12,1948,10,3,19,1,N,A,N,A,H,D,-,99,W,05,D,,,,,C,N,M,D,2,0,0,0,21650.0,3,35.296016693115234,-118.95748138427734,4
2020,2020-10-13,1057,10,3,10,2,N,A,N,A,H,A,A,01,W,08,E,,,,,I,Y,N,D,1,0,0,0,22107.0,1,35.36188125610352,-119.09197998046876,4
2020,2020-10-13,2058,10,3,20,2,N,A,N,A,H,C,D,22,W,01,A,,,,,C,Y,M,D,1,0,0,0,23152.0,2,35.310394287109375,-119.00791168212892,3