ACCIDENT_YEAR,COLLISION_DATE,COLLISION_TIME,MONTH,SEASON,24HOURS,DAY_OF_WEEK,INTERSECTION,WEATHER_1,STATE_HWY_IND,ROAD_SURFACE,ROAD_COND_1,LIGHTING,STWD_VEHTYPE_AT_FAULT,CHP_VEHTYPE_AT_FAULT,DIRECTION,PCF_VIOL_CATEGORY,TYPE_OF_COLLISION,PEDESTRIAN_ACCIDENT,BICYCLE_ACCIDENT,MOTORCYCLE_ACCIDENT,TRUCK_ACCIDENT,MVIW,TOW_AWAY,HIT_AND_RUN,CONTROL_DEVICE,NUMBER_INJURED,COUNT_PED_INJURED,COUNT_BICYCLIST_INJURED,COUNT_MC_INJURED,PCF_VIOLATION,PARTY_COUNT,POINT_Y,POINT_X,COLLISION_SEVERITY
2020,2020-11-16,1943,11,3,19,1,N,A,N,A,H,C,-,99,W,07,C,,,,,C,N,F,A,1,0,0,0,21658.0,2,35.38336944580078,-119.10106658935548,3
2020,2020-11-16,2115,11,3,21,1,N,A,N,A,H,C,-,99,W,10,G,Y,,,,B,N,M,A,1,1,0,0,21950.0,2,35.367874145507805,-119.0434112548828,4
2020,2020-11-17,1251,11,3,12,2,Y,A,N,A,H,C,-,99,,10,G,Y,,,,B,N,M,A,1,1,0,0,21950.0,2,35.293739318847656,-119.04781341552734,3
2020,2020-11-17,1051,11,3,10,2,N,A,N,A,H,A,-,99,W,03,C,,,,,C,N,M,D,1,0,0,0,22350.0,2,35.34688949584961,-119.0592041015625,4
2020,2020-11-17,1055,11,3,10,2,N,A,N,A,H,A,D,22,W,12,D,,,,,C,N,N,A,1,0,0,0,21453.0,2,35.29597854614258,-119.04093170166016,4
2020,2020-11-17,1128,11,3,11,2,N,A,N,A,H,A,-,99,S,08,D,,,,,C,N,F,D,1,0,0,0,22107.0,2,35.40040588378906,-118.89014434814452,4
2020,2020-11-17,1456,11,3,14,2,Y,A,N,A,H,A,-,99,,12,D,,,,,D,N,M,A,2,0,0,0,22450.0,2,35.36119842529297,-118.98396301269533,4
2020,2020-11-18,748,11,3,7,3,Y,B,N,A,H,A,A,07,,12,D,,,,,C,N,N,A,2,0,0,0,21453.0,2,35.35422897338867,-119.04347229003906,4
2020,2020-11-18,1211,11,3,12,3,N,A,N,A,H,A,D,22,S,12,D,,,,,C,Y,N,A,2,0,0,0,21453.0,3,35.30735778808594,-119.0922622680664,4
2020,2020-11-18,1853,11,3,18,3,Y,A,N,A,H,C,D,22,,09,D,,,,,C,Y,N,A,2,0,0,0,21453.0,2,35.32529067993164,-119.10942840576172,4
2020,2020-11-19,741,11,3,7,4,Y,B,N,A,H,A,A,08,,12,D,,,,,C,Y,N,A,5,0,0,0,21453.0,4,35.36840057373047,-119.01892852783205,3
2020,2020-11-19,1016,11,3,10,4,N,A,N,A,H,A,A,01,S,08,E,,,,,I,Y,M,D,1,0,0,0,22107.0,1,35.32815170288086,-119.03995513916016,3
2020,2020-11-19,1630,11,3,16,4,N,A,N,A,H,B,A,07,W,03,C,,,,,C,Y,N,D,1,0,0,0,22350.0,2,35.33216857910156,-119.02208709716795,4
2020,2020-11-19,1716,11,3,17,4,N,A,Y,A,D,C,D,22,W,03,C,,,,,C,Y,N,D,1,0,0,0,22350.0,3,35.29595947265625,-119.03477478027344,4
2020,2020-11-20,6,11,3,0,5,N,A,N,A,H,C,A,01,W,01,A,,,,,E,Y,N,D,1,0,0,0,23152.0,3,35.412479400634766,-118.95891571044922,3
2020,2020-11-20,1747,11,3,17,5,Y,A,N,A,H,C,L,04,,17,H,,Y,,,G,N,M,A,1,0,1,0,21208.0,2,35.317729949951165,-119.03009033203124,4
2020,2020-11-22,820,11,3,8,7,Y,A,N,A,H,A,-,- ,,12,D,,,,,C,Y,N,A,1,0,0,0,21453.0,2,35.31769180297852,-119.10946655273438,4
2020,2020-11-22,826,11,3,8,7,Y,A,N,A,H,A,A,01,,01,D,,,,,C,Y,N,A,3,0,0,0,23152.0,2,35.35401916503906,-118.97637939453124,3
2020,2020-11-22,1141,11,3,11,7,N,A,N,A,H,A,N,60,N,11,G,Y,,,,B,N,N,A,1,1,0,0,21950.0,2,35.33222579956055,-119.03897857666016,4
2020,2020-11-22,1414,11,3,14,7,Y,A,N,A,H,A,L,04,,05,D,,Y,,,G,N,N,A,1,0,1,0,21650.0,2,35.30609130859375,-119.0566864013672,4
2020,2020-11-22,1828,11,3,18,7,Y,A,N,A,H,C,N,60,,11,G,Y,,,,B,N,N,A,1,1,0,0,21453.0,2,35.3249397277832,-119.03008270263672,4
2020,2020-11-22,1902,11,3,19,7,N,A,N,A,H,C,A,07,N,08,D,,,,,C,Y,N,D,1,0,0,0,22107.0,2,35.34720230102539,-119.02130126953124,4
2020,2020-11-22,2312,11,3,23,7,N,A,N,A,H,D,A,01,S,01,E,,,,,I,Y,M,D,1,0,0,0,23152.0,1,35.32851028442383,-119.1103744506836,3
2020,2020-11-23,1927,11,3,19,1,Y,A,N,A,H,C,A,01,,12,D,,,,,D,Y,N,A,2,0,0,0,21453.0,2,35.40507125854492,-118.94989776611328,3
2020,2020-11-23,25,11,3,0,1,Y,A,N,A,H,C,-,99,,10,G,Y,,,,B,N,F,D,1,1,0,0,21950.0,2,35.39051055908203,-119.01177215576172,3
2020,2020-11-19,1851,11,3,18,4,Y,A,N,A,H,D,L,04,,05,D,,Y,,,G,N,N,A,1,0,1,0,21650.0,2,35.30401992797852,-119.07971954345705,4
2020,2020-11-23,1714,11,3,17,1,N,A,N,A,H,D,D,22,W,01,C,,,,,C,Y,N,D,1,0,0,0,23152.0,3,35.310420989990234,-118.98606872558594,4
2020,2020-11-24,1521,11,3,15,2,N,A,N,A,H,A,A,01,N,09,D,,,,,C,Y,N,D,3,0,0,0,21801.0,2,35.33782196044922,-119.05165863037108,3
2020,2020-11-25,945,11,3,9,3,N,A,N,A,H,A,A,01,E,08,E,,,,,I,Y,N,A,1,0,0,0,22107.0,1,35.38100051879883,-119.01753997802734,3
2020,2020-11-19,2021,11,3,20,4,Y,A,N,A,H,D,A,01,,09,D,,,,,C,Y,N,A,1,0,0,0,21453.0,2,,,4
2020,2020-11-18,743,11,3,7,3,Y,B,N,A,H,A,A,01,,09,D,,,Y,,C,N,N,D,2,0,0,1,21801.0,2,35.319488525390625,-119.03900146484376,2
2020,2020-11-20,1919,11,3,19,5,N,A,Y,A,H,C,D,22,E,09,D,,,,,C,Y,N,D,2,0,0,0,21801.0,3,35.31761932373047,-119.04000854492188,4
2020,2020-11-27,1323,11,3,13,5,Y,A,N,A,H,A,A,01,,12,D,,,,,D,Y,N,A,9,0,0,0,21453.0,4,35.339481353759766,-119.01186370849608,3
2020,2020-11-28,904,11,3,9,6,N,A,N,A,H,A,D,22,S,03,C,,,,,C,Y,N,D,3,0,0,0,22350.0,2,35.33476638793945,-119.07447052001952,3
2020,2020-11-28,2137,11,3,21,6,Y,A,N,A,H,C,A,01,,12,D,,,,,D,N,M,A,1,0,0,0,22450.0,3,35.36457061767578,-119.01183319091795,4
2020,2020-11-27,1635,11,3,16,5,N,A,N,A,H,B,L,04,N,09,H,,Y,,,G,Y,N,D,1,0,1,0,21804.0,2,35.334625244140625,-118.98983764648438,3
2020,2020-11-11,1159,11,3,11,3,Y,A,Y,A,H,A,A,01,,03,C,,,,,C,N,N,D,2,0,0,0,22350.0,2,35.267059326171875,-119.0655517578125,4
2020,2020-11-17,709,11,3,7,2,Y,A,N,A,H,A,-,99,,09,D,,,,,C,Y,M,A,1,0,0,0,21802.0,2,35.343040466308594,-119.02130126953124,4
2020,2020-11-28,1353,11,3,13,6,Y,A,Y,A,H,A,A,01,,01,D,,,,,C,N,N,A,1,0,0,0,23152.0,2,35.38243865966797,-119.0107879638672,3
2020,2020-11-29,1451,11,3,14,7,N,A,N,A,H,A,-,99,S,03,C,,,,,E,N,M,A,1,0,0,0,22350.0,2,35.3180046081543,-119.05677795410156,4
2020,2020-11-30,1814,11,3,18,1,Y,A,N,A,H,C,A,01,,09,D,,,Y,,C,N,N,A,1,0,0,1,21802.0,2,35.37316131591797,-118.98078918457033,4
2020,2020-11-09,2031,11,3,20,1,N,A,N,A,H,C,D,22,E,03,E,,,,,I,Y,N,D,0,0,0,0,22350.0,1,35.40519714355469,-119.14401245117188,1
2020,2020-11-23,2150,11,3,21,1,N,A,N,A,H,C,A,01,N,05,E,,,,,I,Y,N,D,1,0,0,0,21651.0,1,35.38801574707031,-118.92887878417967,4
2020,2020-11-24,1426,11,3,14,2,Y,A,Y,A,H,A,A,01,,12,D,,,,,D,Y,M,A,3,0,0,0,21453.0,2,35.38101959228516,-119.02114868164062,4
2020,2020-11-29,2127,11,3,21,7,Y,A,N,A,H,C,A,01,,03,E,,,,,I,Y,N,A,4,0,0,0,22350.0,1,35.345481872558594,-119.12326049804688,3
2020,2020-12-01,1245,12,4,12,2,N,A,N,A,H,A,D,22,S,09,D,,,,,C,Y,N,A,1,0,0,0,21802.0,3,35.35700607299805,-119.09233856201172,4
2020,2020-12-01,1734,12,4,17,2,N,A,N,A,H,C,D,22,W,03,C,,,,,C,N,N,A,1,0,0,0,22350.0,2,35.33945083618164,-119.01895904541016,4
2020,2020-12-02,1707,12,4,17,3,Y,A,N,A,H,C,D,22,,09,D,,,,,C,Y,N,A,1,0,0,0,21453.0,2,35.33776092529297,-119.08474731445312,2
2016,2016-09-24,1712,9,3,17,6,N,A,N,A,H,A,D,22,W,03,C,,,,,C,Y,N,D,1,0,0,0,22350.0,2,35.44170301,-119.16247504,4
2016,2016-09-26,1822,9,3,18,1,Y,A,N,A,H,-,D,22,,09,D,,,,,C,Y,N,A,1,0,0,0,21802.0,2,35.32992004,-119.07244005,4
2020,2020-11-21,1643,11,3,16,6,Y,A,N,A,H,A,A,01,,12,D,,,,,C,Y,N,A,2,0,0,0,21453.0,2,35.383010864257805,-118.99741363525392,3
2020,2020-10-21,1839,10,3,18,3,N,A,Y,A,H,A,C,02,S,03,F,,,Y,,A,Y,N,D,1,0,0,1,22350.0,1,35.38394546508789,-118.8974380493164,1
2020,2020-11-21,2048,11,3,20,6,N,A,N,A,H,C,A,01,N,08,E,,,,,I,Y,N,D,1,0,0,0,22107.0,1,35.35530471801758,-119.09237670898438,3
2020,2020-12-03,2231,12,4,22,4,N,A,N,A,H,C,-,99,W,09,D,,,,,C,Y,F,D,1,0,0,0,21804.0,2,35.33230972290039,-119.05487823486328,4
2020,2020-12-03,1722,12,4,17,4,Y,A,N,A,H,B,C,02,,03,D,,,Y,,D,Y,N,A,2,0,0,2,22350.0,2,35.36751174926758,-119.01885986328124,3
2020,2020-12-03,1832,12,4,18,4,N,A,N,A,H,C,-,99,W,09,D,,Y,,,G,N,M,D,1,0,1,0,21804.0,2,35.35430145263672,-119.06217193603516,4
2020,2020-12-03,2047,12,4,20,4,Y,A,N,A,H,B,A,07,,01,D,,,,,D,Y,N,A,1,0,0,0,23152.0,2,35.29597854614258,-119.03907012939452,4
2020,2020-12-03,2125,12,4,21,4,N,A,N,A,H,C,A,01,W,08,C,,,,,E,N,F,D,1,0,0,0,22107.0,4,35.37562942504883,-118.9787139892578,3
2020,2020-12-04,1156,12,4,11,5,N,A,N,A,H,A,N,60,E,11,G,Y,,,,B,N,N,A,1,1,0,0,21453.0,2,35.35416030883789,-119.05768585205078,3
2020,2020-12-04,1814,12,4,18,5,N,A,N,A,H,C,A,01,N,03,C,,,,,C,Y,N,D,1,0,0,0,22350.0,2,35.34126663208008,-119.09231567382812,4
2020,2020-12-04,1941,12,4,19,5,Y,A,N,A,H,C,A,01,,09,D,,,,,C,Y,N,A,2,0,0,0,21802.0,2,35.37908172607422,-119.01524353027344,4
2020,2020-12-04,2351,12,4,23,5,N,A,N,A,H,C,N,60,W,11,G,Y,,,,B,N,N,D,1,1,0,0,21954.0,2,35.37913513183594,-118.97893524169922,2
2020,2020-12-05,1429,12,4,14,6,N,A,N,A,H,A,A,01,S,09,D,,,,,C,N,N,D,2,0,0,0,21804.0,2,35.29551696777344,-119.02719879150392,4
2020,2020-12-05,1714,12,4,17,6,N,A,N,A,H,C,C,02,E,03,C,,,Y,,C,Y,N,D,2,0,0,1,22350.0,2,35.339447021484375,-119.02312469482422,3
2020,2020-12-06,1544,12,4,15,7,Y,A,N,A,H,A,A,01,,12,D,,,,,C,Y,N,A,1,0,0,0,21453.0,2,35.318321228027344,-119.0894775390625,4
2020,2020-12-06,1727,12,4,17,7,Y,A,Y,A,H,C,A,01,,01,D,,,,,C,Y,N,A,2,0,0,0,23152.0,2,35.35300064086914,-119.02120971679688,2
2020,2020-12-06,1733,12,4,17,7,N,A,N,A,H,C,C,02,N,08,F,,,Y,,A,N,N,D,1,0,0,1,22107.0,1,35.394317626953125,-118.89110565185548,3
2020,2020-11-29,1519,11,3,15,7,N,A,N,A,H,A,-,99,S,10,G,Y,,,,B,N,F,A,1,1,0,0,21950.0,2,35.353885650634766,-118.99413299560548,3
2020,2020-12-01,1904,12,4,19,2,N,A,N,A,D,C,A,01,N,01,C,,,,,C,Y,F,A,1,0,0,0,23152.0,2,35.35423278808594,-119.03890991210938,2
2020,2020-12-05,2343,12,4,23,6,Y,A,N,A,H,C,A,01,,12,D,,,,,D,N,F,A,4,0,0,0,22450.0,6,35.379859924316406,-118.98677825927734,3
2016,2016-09-25,1710,9,3,17,7,N,A,N,A,H,A,L,04,S,01,G,,Y,,,G,N,N,A,1,0,1,0,21200.0,2,35.35630707,-119.06124032,3
2016,2016-09-22,1050,9,3,10,4,N,A,N,A,H,A,-,,N,03,C,,,,,C,N,M,D,1,0,0,0,22350.0,2,35.34247879,-119.06105538,4
2020,2020-12-02,1957,12,4,19,3,N,A,N,A,H,C,N,60,N,11,G,Y,,,,B,N,F,D,1,1,0,0,21954.0,2,35.354202270507805,-119.03160095214844,4
2016,2016-09-23,512,9,3,5,5,N,A,N,A,H,C,A,01,E,03,C,,,,,C,Y,M,A,1,0,0,0,22350.0,2,35.38348,-119.08944613,4
2016,2016-09-22,1405,9,3,14,4,N,A,N,A,H,A,-,99,E,03,C,,,,,C,N,F,D,1,0,0,0,22350.0,2,35.35399606,-119.0210991,4
2016,2016-09-23,1753,9,3,17,5,Y,A,N,A,H,A,A,01,,12,D,,,,,C,Y,N,A,2,0,0,0,21453.0,2,35.30340011,-119.09224011,4
2016,2016-09-24,1401,9,3,14,6,N,A,N,A,H,A,A,01,W,03,C,,,,,C,N,N,D,1,0,0,0,22350.0,2,35.35424,-119.04546537,4
2016,2016-09-22,749,9,3,7,4,N,A,N,A,H,A,A,01,W,07,B,,,,,C,N,N,A,1,0,0,0,21658.0,2,35.31834,-119.09295961,4
2016,2016-09-25,1846,9,3,18,7,N,A,N,A,H,B,A,01,E,08,A,,,,,C,Y,N,D,1,0,0,0,22107.0,2,35.36752212,-119.04540887,4
2016,2016-09-26,1705,9,3,17,1,N,A,N,A,H,A,L,04,S,08,H,,Y,,,G,N,N,D,1,0,1,0,22107.0,2,35.35794741,-118.9763792,3
2016,2016-09-24,1449,9,3,14,6,Y,A,N,A,H,A,A,01,,09,D,,,,,C,Y,N,A,2,0,0,0,21453.0,2,35.40164005,-119.09234013,4
2016,2016-09-26,1731,9,3,17,1,Y,A,N,A,H,A,A,01,,10,G,Y,,,,B,N,N,D,1,1,0,0,21950.0,2,35.37884008,-118.99217007,3
2016,2016-09-24,1547,9,3,15,6,N,A,N,A,H,A,A,01,W,09,B,,,,,C,Y,N,D,1,0,0,0,21804.0,2,35.32507915,-119.05855085,4
2020,2020-12-05,2055,12,4,20,6,N,A,N,A,H,C,A,01,W,08,D,,,,,C,N,N,D,1,0,0,0,22107.0,2,35.38103103637695,-119.02393341064452,4
2020,2020-12-09,2041,12,4,20,3,Y,A,N,A,H,C,A,01,,09,D,,,,,C,Y,M,A,1,0,0,0,21453.0,2,35.33216857910156,-119.02131652832033,4
2020,2020-12-04,1939,12,4,19,5,Y,A,Y,A,H,C,A,01,,09,D,,,,,C,Y,N,A,3,0,0,0,21801.0,2,35.3466911315918,-119.01184844970705,4
2020,2020-12-06,1630,12,4,16,7,N,A,N,A,H,A,A,08,S,05,D,,,,,C,Y,N,D,2,0,0,0,21651.0,2,35.32489013671875,-119.0657196044922,4
2020,2020-12-08,1400,12,4,14,2,N,A,N,A,H,A,N,60,S,11,G,Y,,,,B,N,N,D,1,1,0,0,21954.0,2,35.339168548583984,-119.04338073730467,4
2020,2020-12-08,1710,12,4,17,2,Y,A,N,A,H,C,A,07,,09,D,,,,,C,Y,N,A,2,0,0,0,21453.0,2,35.36840057373047,-119.01892852783205,4
2020,2020-12-09,1320,12,4,13,3,Y,A,N,A,H,A,A,01,,09,D,,,,,C,Y,N,A,2,0,0,0,21802.0,2,35.31660079956055,-119.07447052001952,4
2020,2020-12-10,1116,12,4,11,4,N,A,N,A,H,A,A,01,S,03,E,,,,,I,Y,M,D,1,0,0,0,22350.0,3,,,4
2020,2020-12-10,1548,12,4,15,4,N,A,Y,A,H,A,A,01,E,01,C,,,,,C,Y,N,A,2,0,0,0,23152.0,2,35.36835861206055,-119.00301361083984,4
2020,2020-12-12,707,12,4,7,6,Y,A,N,A,H,A,A,01,,12,D,,,,,C,N,N,A,1,0,0,0,21453.0,2,35.3538818359375,-119.01188659667967,4
2020,2020-12-12,1319,12,4,13,6,Y,B,N,A,H,A,A,08,,12,D,,,,,C,Y,N,A,1,0,0,0,21453.0,3,35.33988952636719,-119.12799835205078,4
2020,2020-12-12,1407,12,4,14,6,N,A,N,A,H,A,A,01,S,03,E,,,,,I,Y,N,D,1,0,0,0,22350.0,1,35.39726638793945,-118.89014434814452,4
2020,2020-12-07,2226,12,4,22,1,Y,A,N,A,H,C,L,04,,05,H,,Y,,,G,N,N,A,1,0,1,0,21650.0,2,35.381160736083984,-119.03856658935548,3
2020,2020-12-08,1129,12,4,11,2,Y,A,N,A,H,A,A,07,,12,D,,,,,C,Y,N,A,2,0,0,0,21453.0,2,35.34431076049805,-119.06136322021484,2
2020,2020-12-13,1224,12,4,12,7,N,A,N,A,H,A,-,99,E,03,C,,,,,C,N,M,D,1,0,0,0,22350.0,2,35.318069458007805,-119.05549621582033,4
2020,2020-12-13,1937,12,4,19,7,N,A,Y,A,H,B,A,07,N,08,B,,,,,C,N,N,D,1,0,0,0,22107.0,2,35.35371017456055,-119.00300598144533,4
2020,2020-12-14,522,12,4,5,1,Y,B,N,B,H,C,I,11,,03,E,,,,,I,Y,N,A,1,0,0,0,22350.0,1,35.35319137573242,-119.11492156982422,4
2020,2020-12-14,735,12,4,7,1,N,A,N,B,C,A,A,07,W,03,E,,,,,J,Y,N,D,1,0,0,0,22350.0,2,35.3543586730957,-119.10531616210938,4
2020,2020-12-14,904,12,4,9,1,N,A,N,A,H,A,A,07,W,08,E,,,,,I,Y,N,D,1,0,0,0,22107.0,1,35.35424041748047,-119.0461196899414,4
2020,2020-12-01,1014,12,4,10,2,Y,A,N,A,H,A,-,- ,,12,D,,,,,C,Y,N,A,1,0,0,0,21453.0,2,35.37525939941406,-119.00291442871094,4
2020,2020-12-01,1159,12,4,11,2,N,A,N,A,H,A,L,04,N,05,H,,Y,,,G,N,N,D,1,0,1,0,21650.0,2,35.382205963134766,-119.01889038085938,3
2020,2020-12-02,1239,12,4,12,3,Y,A,Y,A,H,A,A,07,,12,D,,,,,C,Y,N,A,2,0,0,0,21453.0,2,,,3
2020,2020-12-06,29,12,4,0,7,N,A,Y,A,H,C,A,07,S,01,C,,,,,C,Y,N,A,1,0,0,0,23152.0,2,35.35371017456055,-119.00300598144533,4
2020,2020-12-06,1806,12,4,18,7,Y,A,Y,A,H,C,A,07,,01,D,,,,,C,Y,F,A,3,0,0,0,23152.0,3,,,4
2020,2020-12-16,328,12,4,3,3,Y,A,N,A,H,C,D,22,,09,D,,,,,C,Y,N,A,1,0,0,0,21802.0,2,35.28860855102539,-119.01876831054688,3
2016,2016-09-27,1015,9,3,10,2,Y,A,N,A,H,A,D,22,,09,D,,,,,C,Y,N,A,1,0,0,0,21802.0,2,35.79049002,-119.22352994,4
2016,2016-09-11,1214,9,3,12,7,Y,A,N,A,H,A,A,08,,09,D,,,,,D,Y,N,A,1,0,0,0,21801.0,2,35.77590001,-119.25849998,4
2020,2020-12-12,2051,12,4,20,6,N,A,N,A,H,C,A,01,S,08,C,,,,,E,Y,N,B,1,0,0,0,22107.0,2,35.34992980957031,-119.02125549316406,4
2020,2020-12-14,730,12,4,7,1,Y,A,N,B,H,A,A,01,,12,D,,,,,D,Y,N,A,2,0,0,0,21453.0,2,35.32529067993164,-119.10942840576172,4
2020,2020-12-16,1521,12,4,15,3,N,A,N,A,H,A,A,01,N,08,B,,,,,C,Y,N,A,2,0,0,0,22107.0,2,35.317729949951165,-119.0213623046875,4
2016,2016-08-27,2215,8,2,22,6,N,A,N,A,H,C,A,01,E,03,C,,,,,C,Y,N,D,1,0,0,0,22350.0,2,35.77591,-119.24079795,2
2016,2016-09-14,1647,9,3,16,3,N,A,N,A,H,A,A,07,S,09,D,,,,Y,C,Y,N,D,1,0,0,0,21801.0,3,,,3
2020,2020-12-09,1358,12,4,13,3,Y,A,N,A,H,A,-,- ,,12,D,,,,,C,Y,N,A,3,0,0,0,21453.0,2,35.36574172973633,-119.05370330810548,4
2020,2020-12-17,901,12,4,9,4,Y,B,N,A,H,A,A,01,,09,D,,,,,C,Y,N,A,1,0,0,0,21802.0,2,35.358028411865234,-119.04344940185548,3
2020,2020-12-17,901,12,4,9,4,N,B,N,A,H,A,A,01,E,03,C,,,,,C,Y,N,D,2,0,0,0,22350.0,2,35.31768035888672,-118.99365997314452,3
2016,2016-09-10,1509,9,3,15,6,N,A,N,A,H,A,-,- ,N,18,C,,,,,C,N,N,A,1,0,0,0,,3,35.77588489,-119.29424042,4
2020,2020-11-28,2143,11,3,21,6,N,A,N,A,H,C,-,- ,S,18,G,Y,,,,B,N,F,D,1,1,0,0,,2,35.32049560546875,-119.02133178710938,2
2020,2020-12-06,1104,12,4,11,7,Y,A,N,A,H,A,-,- ,,12,D,,,,,C,Y,N,A,3,0,0,0,21453.0,2,35.27421188354492,-119.0566635131836,3
2020,2020-12-13,1000,12,4,10,7,N,A,N,A,H,A,A,01,E,08,A,,,,,D,Y,N,D,2,0,0,0,22107.0,3,35.3394889831543,-119.00916290283205,2
2020,2020-12-15,1244,12,4,12,2,N,A,N,A,H,A,D,22,S,03,C,,,,,C,Y,N,D,1,0,0,0,22350.0,2,35.38035583496094,-119.002197265625,4
2020,2020-12-16,1327,12,4,13,3,Y,A,N,A,H,A,D,22,,12,D,,,,,C,Y,N,A,1,0,0,0,21453.0,2,35.39120101928711,-118.92854309082033,4
2020,2020-12-16,1628,12,4,16,3,Y,A,N,A,H,A,A,01,,12,D,,,,,C,Y,N,A,2,0,0,0,21453.0,2,35.36856842041016,-119.01650238037108,4
2020,2020-12-16,1633,12,4,16,3,N,A,N,A,H,A,C,02,E,03,F,,,Y,,A,Y,N,A,1,0,0,1,22350.0,2,35.37690353393555,-118.99285125732422,3
2020,2020-12-17,1246,12,4,12,4,Y,B,N,A,H,A,-,- ,,12,D,,,,,C,Y,N,A,2,0,0,0,22450.0,2,35.41244888305664,-119.14552307128906,3
2020,2020-12-17,1614,12,4,16,4,N,A,N,B,H,A,A,07,W,03,C,,,,,C,Y,N,D,3,0,0,0,22350.0,2,35.31774139404297,-119.0119857788086,3
2020,2020-12-18,1954,12,4,19,5,N,A,N,A,H,C,A,08,E,03,C,,,,,C,Y,N,A,2,0,0,0,22350.0,4,35.41239547729492,-119.09385681152344,4
2020,2020-12-19,1628,12,4,16,6,Y,A,N,A,H,B,A,07,,01,D,,,,,C,Y,M,A,1,0,0,0,23152.0,2,35.37813949584961,-119.02117919921876,4
2020,2020-12-19,1817,12,4,18,6,N,A,N,A,H,C,N,60,N,11,G,Y,,,,B,N,N,D,1,1,0,0,21956.0,2,35.35552978515625,-118.95863342285156,4
2016,2016-09-19,1900,9,3,19,1,N,A,N,A,H,B,N,60,E,11,G,Y,,,,B,N,N,D,1,1,0,0,21950.0,2,35.7632901,-119.26504986,4
2016,2016-09-13,1453,9,3,14,2,Y,A,N,A,H,A,A,08,,09,D,,,,,C,Y,N,A,2,0,0,0,21801.0,2,35.77590001,-119.25849998,3
2016,2016-09-08,903,9,3,9,4,N,A,N,A,H,A,A,01,N,08,B,,,Y,,C,Y,N,D,1,0,0,1,22107.0,2,35.7638563,-119.24579692,4
2016,2016-09-02,540,9,3,5,5,Y,A,N,A,H,A,A,01,,09,A,,,,,C,Y,N,A,1,0,0,0,21801.0,2,35.77590001,-119.25849998,4
2016,2016-09-11,1510,9,3,15,7,N,A,N,A,H,A,A,01,N,09,D,,,,,C,Y,N,D,1,0,0,0,21804.0,2,35.76553444,-119.24618495,4
2020,2020-12-15,853,12,4,8,2,Y,A,N,A,H,A,-,- ,,12,D,,,,,C,Y,N,A,2,0,0,0,21453.0,2,35.33216857910156,-119.02131652832033,4
2020,2020-12-18,945,12,4,9,5,Y,B,N,A,H,A,-,99,,09,D,,,,,C,N,M,A,1,0,0,0,21802.0,2,35.378170013427734,-119.04083251953124,4
2020,2020-12-18,1709,12,4,17,5,Y,A,N,A,H,B,C,06,,12,F,,,Y,,A,N,N,A,1,0,0,1,22450.0,1,35.35905838012695,-119.0824737548828,3
2020,2020-12-19,2106,12,4,21,6,Y,A,N,A,H,C,A,01,,03,E,,,,,I,Y,N,A,1,0,0,0,22350.0,1,35.38359069824219,-119.01312255859376,4
2020,2020-12-21,155,12,4,1,1,N,A,N,A,H,C,A,01,W,01,A,,,,,C,N,N,D,2,0,0,0,23152.0,2,35.373897552490234,-119.0426025390625,3
2020,2020-12-22,939,12,4,9,2,N,A,Y,A,H,A,N,60,E,11,G,Y,,,,B,N,M,D,1,1,0,0,21954.0,2,35.37998962402344,-119.00282287597656,4
2020,2020-12-21,1220,12,4,12,1,N,A,N,A,H,A,C,02,W,03,E,,,Y,,I,Y,N,D,1,0,0,1,22350.0,1,35.34991836547852,-118.97566986083984,2
2020,2020-12-22,1045,12,4,10,2,Y,A,N,A,H,A,D,22,,09,D,,,,,D,Y,N,A,1,0,0,0,21802.0,2,35.381690979003906,-118.9945068359375,3
2020,2020-12-23,1806,12,4,18,3,N,A,N,A,H,C,A,01,E,01,C,,,,,C,N,M,D,3,0,0,0,23152.0,2,35.3541374206543,-119.05197143554688,3
2020,2020-12-24,603,12,4,6,4,Y,B,N,A,H,C,A,01,,17,D,,,,,D,Y,N,A,1,0,0,0,21657.0,2,35.38132095336914,-118.99297332763672,4
2020,2020-12-24,1015,12,4,10,4,N,B,N,A,H,A,A,01,W,08,E,,,,,I,Y,N,D,1,0,0,0,22107.0,1,35.3976936340332,-118.95922088623048,3