ACCIDENT_YEAR,COLLISION_DATE,COLLISION_TIME,MONTH,SEASON,24HOURS,DAY_OF_WEEK,INTERSECTION,WEATHER_1,STATE_HWY_IND,ROAD_SURFACE,ROAD_COND_1,LIGHTING,STWD_VEHTYPE_AT_FAULT,CHP_VEHTYPE_AT_FAULT,DIRECTION,PCF_VIOL_CATEGORY,TYPE_OF_COLLISION,PEDESTRIAN_ACCIDENT,BICYCLE_ACCIDENT,MOTORCYCLE_ACCIDENT,TRUCK_ACCIDENT,MVIW,TOW_AWAY,HIT_AND_RUN,CONTROL_DEVICE,NUMBER_INJURED,COUNT_PED_INJURED,COUNT_BICYCLIST_INJURED,COUNT_MC_INJURED,PCF_VIOLATION,PARTY_COUNT,POINT_Y,POINT_X,COLLISION_SEVERITY
2016,2016-11-23,1755,11,3,17,3,N,A,N,A,H,D,N,60,N,11,G,Y,,,,B,N,N,D,1,1,0,0,21955.0,2,35.32968455,-119.01248086,2
2016,2016-11-04,1044,11,3,10,5,N,A,N,A,H,A,A,01,N,09,H,,,Y,,C,N,F,A,1,0,0,1,21804.0,2,35.35517107,-119.01894182,3
2016,2016-11-23,2123,11,3,21,3,N,A,N,A,H,C,A,07,N,01,E,,,,,I,Y,N,D,1,0,0,0,23152.0,1,35.32552199,-119.00975547,4
2016,2016-11-19,1440,11,3,14,6,Y,A,N,A,H,A,M,91,,09,D,,,,,C,Y,N,A,3,0,0,0,21801.0,2,35.37527002,-119.01889003,4
2016,2016-11-15,1003,11,3,10,2,N,A,N,A,H,A,L,04,S,05,H,,Y,,,G,N,N,A,1,0,1,0,21202.0,2,35.33953468,-119.03901834,4
2016,2016-11-10,1256,11,3,12,4,N,A,N,A,H,A,A,07,W,10,G,Y,,,,B,N,N,A,1,1,0,0,21950.0,2,35.33954014,-119.03007674,4
2016,2016-11-09,742,11,3,7,3,Y,A,N,A,H,A,L,04,,05,H,,Y,,,G,N,N,A,1,0,1,0,21650.0,2,35.4054801,-119.07435,3
2016,2016-11-10,817,11,3,8,4,Y,A,N,A,H,A,-,- ,,12,D,,,,,C,Y,N,A,3,0,0,0,21453.0,2,35.33656001,-119.03898007,4
2016,2016-11-23,2035,11,3,20,3,Y,A,N,A,H,C,N,60,,11,G,Y,,,,B,Y,N,A,1,1,0,0,21956.0,2,35.3685501,-119.01415011,4
2016,2016-12-04,840,12,4,8,7,N,A,N,A,H,A,A,01,W,04,A,,,,,I,Y,N,D,1,0,0,0,21703.0,1,35.4998,-119.2234878,4
2016,2016-11-24,1859,11,3,18,4,N,A,Y,A,H,C,N,60,S,11,G,Y,,,,B,N,N,D,1,1,0,0,21955.0,2,35.35269426,-119.04342649,3
2016,2016-11-21,2241,11,3,22,1,N,A,N,A,H,C,A,01,N,03,C,,,,,C,Y,N,A,1,0,0,0,22350.0,2,35.35305232,-119.01894,4
2016,2016-12-02,5,12,4,0,5,Y,A,N,A,H,C,A,01,,03,E,,,,,I,Y,N,A,1,0,0,0,22350.0,1,35.44174006,-119.18977986,4
2016,2016-11-22,1006,11,3,10,2,N,A,N,A,H,A,A,01,W,09,D,,,,Y,C,Y,N,D,2,0,0,0,21801.0,2,35.33365032,-119.08927017,4
2016,2016-11-24,1643,11,3,16,4,Y,A,N,A,H,B,-,- ,,12,D,,,,,C,Y,N,A,1,0,0,0,21453.0,2,35.31824003,-119.06911008,4
2016,2016-11-24,1142,11,3,11,4,Y,A,N,A,H,A,N,60,,11,G,Y,,,,B,N,N,D,1,1,0,0,21956.0,2,35.33331008,-119.0455201,4
2016,2016-11-24,2115,11,3,21,4,N,A,N,A,H,C,D,22,W,05,A,,,,,C,Y,N,A,1,0,0,0,21651.0,2,35.31771,-119.02142026,4
2016,2016-11-26,731,11,3,7,6,Y,A,N,A,H,A,A,07,,12,D,,,,,C,Y,N,A,1,0,0,0,21453.0,4,35.38116007,-119.03857011,4
2016,2016-11-25,6,11,3,0,5,N,A,N,A,H,D,A,01,E,01,C,,,,,C,Y,N,D,2,0,0,0,23152.0,2,35.39409133,-118.95775847,4
2016,2016-11-28,37,11,3,0,1,N,A,N,A,H,C,A,01,W,01,C,,,,,C,N,N,D,1,0,0,0,23152.0,2,35.35416,-119.0579713,4
2016,2016-11-25,2146,11,3,21,5,N,A,N,A,H,C,A,08,N,12,G,Y,,,,B,N,N,A,1,1,0,0,21453.0,2,35.33945921,-119.02131,2
2016,2016-11-26,1118,11,3,11,6,N,A,N,A,H,A,A,01,W,03,E,,,,,I,Y,N,D,2,0,0,0,22350.0,1,35.33989491,-119.12923911,3
2016,2016-11-26,1520,11,3,15,6,Y,C,N,B,H,A,-,- ,,12,D,,,,,C,Y,N,A,3,0,0,0,22450.0,2,35.36120005,-118.98855001,4
2016,2016-09-28,549,9,3,5,3,N,A,N,A,H,C,-,99,W,08,H,,Y,,,G,N,F,D,1,0,1,0,22107.0,2,35.33943176,-119.02830728,3
2016,2016-11-17,1514,11,3,15,4,N,A,Y,A,H,A,L,04,E,07,H,,Y,,,G,N,N,D,1,0,1,0,21658.0,2,35.20906583,-118.83612371,2
2016,2016-12-07,2229,12,4,22,3,Y,A,N,A,H,C,A,01,,01,A,,,,,I,N,M,D,1,0,0,0,23152.0,1,35.12822008,-118.44343006,3
2016,2016-10-29,1438,10,3,14,6,N,A,Y,A,H,A,D,22,W,08,F,,,,,A,Y,N,A,1,0,0,0,22107.0,1,35.60143515,-119.41084987,4
2016,2016-11-04,1330,11,3,13,5,N,A,N,A,H,A,A,01,N,08,E,,,,,I,Y,N,A,1,0,0,0,22107.0,1,35.58076057,-119.34938127,2
2016,2016-10-25,1935,10,3,19,2,N,A,Y,A,H,D,-,- ,E,00,G,Y,,,,B,N,N,D,1,1,0,0,,2,35.60155308,-119.35248468,2
2016,2016-12-05,1639,12,4,16,1,N,A,N,A,H,C,A,01,W,08,B,,,,,C,Y,N,D,2,0,0,0,22107.0,2,35.37324,-118.98934445,4
2016,2016-12-07,1757,12,4,17,3,N,A,N,A,H,C,D,22,S,03,C,,,,,C,N,N,D,2,0,0,0,22350.0,3,35.34041,-119.01915,4
2016,2016-12-07,853,12,4,8,3,Y,B,N,A,H,A,A,08,,09,D,,,,,C,Y,N,D,2,0,0,0,21801.0,2,35.36169001,-119.16890989,4
2016,2016-12-03,1917,12,4,19,6,Y,A,N,A,H,C,D,22,,01,D,,,,,C,Y,N,A,1,0,0,0,23152.0,2,35.31040004,-119.01189005,3
2016,2016-12-09,1922,12,4,19,5,N,A,N,A,H,C,D,22,N,01,C,,,,,C,Y,N,D,3,0,0,0,23152.0,6,35.28905099,-119.03901,3
2016,2016-12-04,537,12,4,5,7,N,A,N,A,H,D,D,22,N,08,E,,,,,I,Y,N,D,1,0,0,0,22107.0,1,35.42170772,-119.1748336,4
2016,2016-11-28,1540,11,3,15,1,N,A,N,A,H,A,A,01,E,09,D,,,,,C,N,N,A,3,0,0,0,21802.0,2,35.38242224,-118.99756786,4
2016,2016-11-28,2116,11,3,21,1,N,B,N,B,H,C,N,60,W,11,G,Y,,,,B,N,N,D,1,1,0,0,21956.0,2,35.33959838,-119.04455203,2
2016,2016-11-29,1727,11,3,17,2,N,A,N,A,H,D,A,01,S,01,B,,,,,E,Y,N,D,1,0,0,0,23152.0,2,35.3607057,-119.05450156,3
2016,2016-11-29,1327,11,3,13,2,N,A,N,A,H,A,A,08,N,01,E,,,,,I,Y,N,D,1,0,0,0,23152.0,1,35.40963839,-118.93453839,4
2016,2016-11-24,1734,11,3,17,4,N,A,N,A,H,C,N,60,E,11,G,Y,,,,B,N,N,D,1,1,0,0,21953.0,2,35.36483001,-118.99304557,3
2016,2016-12-06,1246,12,4,12,2,N,A,N,A,H,A,A,07,W,09,D,,,,,C,Y,N,D,1,0,0,0,21801.0,2,35.35397,-119.0222604,4
2016,2016-12-04,420,12,4,4,7,N,A,N,A,H,D,A,07,E,01,H,,,,,A,Y,N,D,1,0,0,0,23152.0,1,35.29599191,-118.96592196,3
2016,2016-12-03,1200,12,4,12,6,Y,A,N,A,H,A,A,01,,12,D,,,,,C,N,N,A,1,0,0,0,21453.0,2,35.38550003,-118.98650004,4
2016,2016-12-01,1658,12,4,16,4,N,A,N,A,H,B,L,04,E,05,H,,Y,,,G,N,F,D,1,0,1,0,21650.0,2,35.29591,-119.05571949,4
2016,2016-12-03,2314,12,4,23,6,N,A,N,A,H,C,A,01,N,05,A,,,,,C,Y,N,D,2,0,0,0,21650.0,2,35.30407981,-119.07967902,3
2016,2016-12-05,2144,12,4,21,1,N,A,N,A,H,C,C,02,S,01,E,,,Y,,I,Y,N,D,1,0,0,1,23152.0,1,35.38688808,-119.01824355,3
2016,2016-12-01,745,12,4,7,4,N,A,N,A,H,A,A,07,W,03,C,,,,,C,N,N,A,2,0,0,0,22350.0,3,35.35885471,-119.06161488,4
2016,2016-12-02,1308,12,4,13,5,N,A,N,A,H,A,A,01,W,08,D,,,,,C,Y,N,D,2,0,0,0,22107.0,2,35.35387,-118.99970944,4
2016,2016-12-02,1953,12,4,19,5,N,A,Y,A,H,C,N,60,N,11,G,Y,,,,B,Y,N,D,1,1,0,0,21954.0,2,35.36578741,-119.00295901,3
2016,2016-12-07,1724,12,4,17,3,N,A,N,A,H,C,A,01,N,03,C,,,,,C,Y,M,A,1,0,0,0,22350.0,3,35.35732782,-119.06123148,4
2016,2016-12-06,2112,12,4,21,2,N,A,N,A,H,C,A,07,E,01,E,,,,,I,N,N,A,1,0,0,0,23152.0,1,35.33880863,-119.05937034,4
2016,2016-12-04,1452,12,4,14,7,Y,A,N,A,H,A,-,99,,12,D,,,,,C,Y,M,A,1,0,0,0,21453.0,2,35.39388007,-118.97633003,4
2016,2016-12-01,1422,12,4,14,4,Y,A,N,A,H,A,A,07,,09,D,,,,,C,Y,N,A,2,0,0,0,21804.0,2,35.31039008,-119.01936009,4
2016,2016-12-11,1101,12,4,11,7,N,A,N,A,H,A,A,01,W,08,B,,,,,C,Y,N,D,2,0,0,0,22107.0,3,35.12573987,-117.96128669,4
2016,2016-11-30,1833,11,3,18,3,Y,A,N,A,H,C,A,07,,17,D,,,,,C,Y,N,A,1,0,0,0,24250.0,3,35.35033001,-119.02131002,3
2016,2016-11-30,1549,11,3,15,3,N,A,N,A,H,A,J,48,N,10,G,Y,,,,B,N,N,D,1,1,0,0,21950.0,2,35.41843021,-119.12278988,4
2016,2016-11-29,1610,11,3,16,2,N,A,N,A,H,A,A,01,W,01,E,,,,,I,Y,N,A,1,0,0,0,23152.0,1,35.38399739,-118.99722735,4
2016,2016-12-04,1625,12,4,16,7,Y,A,N,A,H,B,-,- ,,18,E,,,,,I,N,N,A,1,0,0,0,,1,35.36903009,-119.13676012,4
2016,2016-12-13,834,12,4,8,2,N,A,N,A,H,A,A,01,N,08,E,,,,,I,N,N,D,1,0,0,0,22107.0,1,35.38810519,-119.09243105,4
2016,2016-12-31,1235,12,4,12,6,N,C,N,B,H,C,J,48,E,22,G,Y,,,,B,N,N,B,1,1,0,0,,2,35.13912202,-119.46048307,4
2016,2016-12-21,2147,12,4,21,3,Y,A,N,A,H,C,A,07,,09,B,,,,,C,Y,N,A,2,0,0,0,21453.0,2,35.33959001,-119.04338009,4
2016,2016-12-21,2330,12,4,23,3,N,A,N,A,H,C,A,01,S,01,E,,,,,I,Y,N,D,2,0,0,0,23152.0,1,35.32776277,-119.0745,3
2016,2016-12-31,31,12,4,0,6,Y,B,N,B,H,C,A,07,,12,D,,,,,D,Y,N,A,1,0,0,0,21453.0,2,35.33224008,-119.04338009,4
2016,2016-12-24,212,12,4,2,6,N,B,N,B,H,C,A,01,S,08,E,,,,,I,Y,M,A,1,0,0,0,22107.0,1,35.33696867,-119.03898,4
2017,2017-01-08,1155,1,4,11,7,Y,A,N,A,H,A,J,48,,12,D,,,,,C,Y,N,A,2,0,0,0,21453.0,2,35.35388011,-119.01189011,4
2017,2017-01-04,1642,1,4,16,3,N,B,N,B,H,B,D,22,W,03,C,,,,,C,Y,N,A,3,0,0,0,22350.0,3,35.35447023,-119.06937723,4
2017,2017-01-17,907,1,4,9,2,Y,A,N,A,H,A,J,48,,12,D,,,,,C,Y,N,A,2,0,0,0,21453.0,2,35.38006011,-119.02115003,4
2016,2016-12-23,1801,12,4,18,5,N,C,N,B,F,D,A,01,E,03,E,,,,,I,Y,N,D,5,0,0,0,22349.0,1,35.36175,-119.10145479,4
2016,2016-12-09,635,12,4,6,5,N,A,N,B,H,A,A,01,E,03,C,,,,,C,N,N,A,6,0,0,0,22350.0,3,35.4998,-119.16976382,4
2016,2016-12-13,550,12,4,5,2,N,A,N,A,H,D,A,01,N,08,F,,,,,A,Y,N,D,1,0,0,0,22107.0,1,35.47065857,-119.15344112,2
2016,2016-12-07,1025,12,4,10,3,N,A,N,A,H,A,-,- ,W,00,A,,,,,I,Y,N,D,1,0,0,0,,1,35.50713,-119.29038761,3
2016,2016-12-17,4,12,4,0,6,N,A,N,A,H,C,A,07,N,03,G,Y,,,,B,N,N,D,1,1,0,0,22350.0,2,35.4990727,-119.27833766,3
2016,2016-12-05,1405,12,4,14,1,N,A,N,A,H,A,A,01,N,08,E,,,,,I,Y,N,D,1,0,0,0,22107.0,1,35.44907936,-119.20821458,4
2017,2017-03-06,2350,3,1,23,1,N,A,N,A,H,D,D,22,S,03,F,,,,,A,N,N,D,1,0,0,0,22350.0,1,35.2150594,-118.82430277,3
2016,2016-12-01,838,12,4,8,4,Y,A,N,A,H,A,D,22,,09,D,,Y,,,C,N,N,A,1,0,1,0,21800.0,2,35.77036007,-119.24594994,4
2016,2016-11-30,2050,11,3,20,3,Y,A,N,A,H,A,A,01,,09,D,,,,,C,Y,N,D,3,0,0,0,21801.0,2,35.7795,-119.25005994,4
2016,2016-11-10,1158,11,3,11,4,Y,A,N,A,H,A,A,01,,09,D,,,,Y,C,Y,N,A,3,0,0,0,21801.0,2,,,4
2016,2016-11-02,821,11,3,8,3,N,A,N,A,H,A,D,22,,10,A,Y,,,,B,N,N,D,1,1,0,0,21950.0,2,,,4
2016,2016-11-22,1708,11,3,17,2,N,A,N,A,H,C,N,60,N,11,G,Y,,,Y,B,N,N,D,1,1,0,0,21954.0,2,35.76930458,-119.24570455,4
2016,2016-12-01,1746,12,4,17,4,N,A,N,A,H,C,D,22,N,03,C,,,,,C,N,N,D,1,0,0,0,22350.0,2,35.76275214,-119.25851547,4
2016,2016-11-18,1842,11,3,18,5,Y,A,N,A,H,C,D,22,,12,D,,,,,C,Y,F,D,1,0,0,0,22450.0,2,35.76712,-119.2497199,4
2016,2016-11-18,1704,11,3,17,5,N,A,N,A,H,B,A,01,W,08,D,,,,Y,C,Y,N,D,1,0,0,0,22102.0,2,,,4
2016,2016-11-19,1734,11,3,17,6,N,A,N,A,H,B,A,01,E,00,C,,,,,C,Y,N,A,3,0,0,0,12345.0,2,35.790404,-119.24853086,4
2016,2016-11-18,1830,11,3,18,5,N,A,N,A,H,C,A,01,E,22,D,,,,,C,N,N,D,1,0,0,0,,2,35.7759,-119.23427887,4
2016,2016-11-04,1654,11,3,16,5,Y,A,N,A,H,A,A,01,,09,D,,,,,C,N,N,A,2,0,0,0,21802.0,2,35.76505008,-119.24077998,4
2016,2016-11-08,1555,11,3,15,2,Y,A,N,A,H,A,A,07,,10,D,Y,,,,B,N,F,A,1,1,0,0,21950.0,2,35.76799005,-119.24402991,3
2016,2016-11-11,1515,11,3,15,5,N,A,N,A,H,A,A,01,W,08,H,,,,,J,Y,N,A,1,0,0,0,22107.0,1,,,4
2016,2016-11-13,1330,11,3,13,7,N,A,N,A,H,A,A,01,S,03,C,,,,,C,N,N,A,2,0,0,0,22350.0,2,35.78313628,-119.24979985,4
2016,2016-11-21,1610,11,3,16,1,N,A,N,A,H,A,A,01,W,05,A,,,,,C,Y,N,D,1,0,0,0,21650.0,2,35.76349996,-119.23786337,4
2016,2016-11-02,800,11,3,8,3,Y,A,N,A,H,A,A,01,,09,D,,,,,C,N,N,D,1,0,0,0,21800.0,2,35.76595005,-119.23644997,4
2016,2016-11-02,1745,11,3,17,3,N,A,N,A,H,A,A,01,E,21,G,,,,,I,N,N,D,1,0,0,0,22106.0,1,35.7573048,-119.25340707,4
2016,2016-11-28,1005,11,3,10,1,Y,A,N,A,H,A,A,01,,12,D,,,,,C,Y,N,A,1,0,0,0,21453.0,4,35.63716008,-117.67873005,4
2016,2016-12-05,945,12,4,9,1,Y,A,N,A,H,A,A,01,,09,D,,,,,C,N,N,A,1,0,0,0,21453.0,2,35.62070008,-117.66997004,4
2016,2016-12-07,1120,12,4,11,3,N,A,N,A,H,A,A,01,,03,C,,,,,C,Y,N,D,1,0,0,0,22350.0,2,35.63714567,-117.66997039,4
2016,2016-10-06,700,10,3,7,4,Y,A,N,A,H,A,L,04,,05,H,,Y,,,G,N,N,A,1,0,1,0,21650.0,2,35.61890007,-117.67958012,3
2016,2016-08-21,223,8,2,2,7,N,F,N,A,H,C,D,22,,03,A,,,,,I,Y,F,A,6,0,0,0,22350.0,1,35.61163002,-117.68020007,2
2016,2016-12-19,1610,12,4,16,1,N,A,Y,A,H,B,L,04,W,22,F,,Y,,,-,N,N,D,1,0,1,0,,1,35.65165202,-117.68588304,2
2016,2016-12-31,0,12,4,0,6,Y,C,N,B,G,B,A,01,,03,E,,,,,I,Y,N,A,1,0,0,0,22350.0,1,35.44159238,-119.18969572,4
2016,2016-10-14,1529,10,3,15,5,N,A,N,A,H,A,L,04,W,03,H,,Y,,,J,N,N,D,1,0,1,0,22350.0,1,35.6248006,-117.67123377,4
2016,2016-10-21,1110,10,3,11,5,N,A,N,A,H,A,A,01,N,03,C,,,,,C,Y,N,D,1,0,0,0,22350.0,3,35.60105115,-117.67049,4
2016,2016-10-25,1530,10,3,15,2,N,A,Y,A,H,A,A,01,S,08,D,,,,,C,N,N,D,1,0,0,0,22107.0,3,35.6346353,-117.66976352,4
2016,2016-10-16,322,10,3,3,7,N,A,N,A,H,D,A,01,S,01,C,,,,,C,N,M,D,1,0,0,0,23152.0,2,,,4
2016,2016-12-29,1330,12,4,13,4,Y,A,N,A,H,A,A,01,,12,D,,,,,C,Y,N,A,2,0,0,0,21453.0,2,35.37432002,-119.01888007,4
2016,2016-12-31,1208,12,4,12,6,Y,B,N,B,H,A,L,04,,05,G,,Y,,,G,N,N,A,1,0,1,0,21650.0,2,35.33959001,-119.04338009,3
2016,2016-12-27,1322,12,4,13,2,N,A,N,A,H,A,N,60,W,11,G,Y,,,,B,N,N,D,1,1,0,0,21954.0,2,35.29951,-119.12597427,3
2016,2016-12-22,2323,12,4,23,4,N,A,N,A,H,C,A,01,N,01,A,,,,,C,Y,N,D,2,0,0,0,23152.0,2,35.35990311,-119.02127931,3
2016,2016-12-23,1510,12,4,15,5,Y,C,N,B,H,A,A,01,,09,D,,,,,C,N,N,D,2,0,0,0,21801.0,3,35.35389008,-119.01422002,4
2016,2016-12-23,830,12,4,8,5,N,A,N,A,H,A,A,08,E,08,D,,,,,C,N,N,D,4,0,0,0,22107.0,2,35.33222718,-119.00513423,2
2016,2016-12-28,1648,12,4,16,3,N,A,N,A,H,A,L,04,S,05,H,,Y,,,G,N,N,A,1,0,1,0,21650.0,2,35.3664785,-119.01886851,3
2016,2016-12-28,2221,12,4,22,3,N,A,N,A,H,C,N,60,E,11,G,Y,,,,B,N,N,A,1,1,0,0,21954.0,2,35.33947883,-119.05032261,4
2016,2016-12-27,814,12,4,8,2,Y,A,N,A,H,A,-,- ,,12,D,,,,,C,Y,N,A,1,0,0,0,21453.0,2,35.33220001,-119.03007008,4
2016,2016-12-21,1925,12,4,19,3,N,B,Y,A,H,D,A,08,N,03,C,,,,,C,Y,N,D,1,0,0,0,22350.0,2,35.10162603,-119.41640689,3
2016,2016-12-01,1710,12,4,17,4,N,A,N,A,H,A,D,22,N,08,F,,,Y,,A,N,N,D,1,0,0,1,22103.0,2,35.1452484,-119.45528434,4
2016,2016-11-09,1157,11,3,11,3,Y,A,Y,A,H,A,A,01,,03,C,,,,,C,Y,N,A,1,0,0,0,22350.0,2,35.60153531,-119.33518216,4
2016,2016-12-24,1329,12,4,13,6,Y,A,Y,A,H,A,A,01,,12,D,,,,,C,Y,N,A,2,0,0,0,21453.0,2,35.1369019,-119.44727948,3
2016,2016-12-24,2140,12,4,21,6,N,A,Y,A,H,C,A,01,N,01,B,,,,,C,Y,N,D,3,0,0,0,23153.0,2,35.13230411,-119.44626049,4
2017,2017-01-01,1000,1,4,10,7,N,A,N,A,H,A,A,01,,01,E,,,,,I,Y,N,D,1,0,0,0,23152.0,1,35.50853988,-119.28647876,3
2017,2017-01-04,2500,1,4,25,3,Y,C,N,B,G,B,A,01,,03,E,,,,,J,Y,N,D,1,0,0,0,22350.0,1,35.49976005,-119.20576999,4
2017,2017-01-06,1946,1,4,19,5,Y,A,N,A,H,C,M,96,,03,D,,,,,E,Y,N,A,2,0,0,0,22350.0,1,35.50347009,-119.28712993,2
2016,2016-12-08,2149,12,4,21,4,N,A,N,A,H,C,A,01,N,03,C,,,,Y,C,Y,N,D,1,0,0,0,22350.0,2,35.34268458,-119.0610574,4
2016,2016-12-30,2154,12,4,21,5,N,A,N,B,H,C,A,01,E,01,D,,,,,E,Y,N,D,1,0,0,0,23152.0,2,35.34942,-119.02108594,3
2016,2016-12-26,1133,12,4,11,1,Y,A,N,A,H,A,A,01,,09,D,,,,,C,N,N,A,2,0,0,0,21802.0,2,35.32282008,-119.08342012,3
2016,2016-10-24,2250,10,3,22,1,N,B,N,A,H,C,A,01,N,03,C,,,,,E,Y,N,D,2,0,0,0,22350.0,3,35.35077774,-119.02136,2
2016,2016-10-17,1742,10,3,17,1,N,A,N,A,H,A,L,04,W,17,H,,Y,,,G,N,N,D,1,0,1,0,21208.0,2,,,3
2017,2017-01-01,1330,1,4,13,7,N,A,N,A,H,A,C,02,N,03,B,,,Y,,C,Y,N,D,1,0,0,1,22350.0,2,35.34033217,-119.09233,4
2017,2017-01-09,1513,1,4,15,1,N,A,N,A,H,A,E,22,E,10,G,Y,,,,B,N,N,A,1,1,0,0,21950.0,2,35.36842267,-118.99583666,2
2017,2017-01-09,1523,1,4,15,1,Y,A,N,A,H,A,D,22,,12,D,,,,,C,N,N,A,2,0,0,0,21453.0,2,35.3781401,-119.02118004,4
2017,2017-01-04,1643,1,4,16,3,Y,B,N,A,H,A,D,22,,09,H,,Y,,,G,N,N,A,1,0,1,0,21802.0,2,35.37163005,-118.99475007,3
2017,2017-01-06,2104,1,4,21,5,Y,A,N,A,H,C,D,22,,09,D,,,,,C,Y,N,A,3,0,0,0,21453.0,2,35.28137009,-119.00301001,3
2016,2016-12-31,1935,12,4,19,6,N,B,N,B,H,C,A,01,W,09,D,,,,,C,Y,N,A,4,0,0,0,21804.0,3,35.33959141,-119.04357757,4
2016,2016-12-30,1907,12,4,19,5,N,C,N,B,H,C,D,22,N,01,C,,,,,C,Y,M,A,1,0,0,0,23152.0,2,35.3032274,-119.05671811,4
2017,2017-01-05,1458,1,4,14,4,Y,B,N,A,H,A,A,01,,12,D,,,,,C,N,N,A,2,0,0,0,22450.0,2,35.33050005,-119.01753005,4
2017,2017-01-08,1124,1,4,11,7,N,B,N,A,H,A,A,01,W,08,H,,Y,,,G,N,N,D,1,0,1,0,22107.0,2,35.33217,-119.02559534,3
2017,2017-01-08,1928,1,4,19,7,N,B,N,A,H,C,-,99,E,07,B,,,,,C,N,M,A,1,0,0,0,21658.0,2,35.29598,-119.03891939,4
2017,2017-01-06,1740,1,4,17,5,Y,A,N,A,H,C,A,07,,01,D,,,,,C,Y,N,A,4,0,0,0,23152.0,3,35.38130005,-118.98801008,4
2017,2017-01-07,853,1,4,8,6,N,A,N,A,H,A,A,01,N,01,E,,,,,I,Y,N,A,1,0,0,0,23152.0,1,35.28164019,-119.09216,4
2017,2017-01-06,1420,1,4,14,5,Y,A,N,A,H,A,A,01,,09,H,,Y,,,G,Y,N,D,1,0,1,0,21801.0,2,35.32130011,-119.01187003,3
2017,2017-01-03,2204,1,4,22,2,N,A,N,A,H,C,A,01,N,09,A,,,,,C,Y,N,A,1,0,0,0,21804.0,2,35.3179911,-119.04782,4
2017,2017-01-01,206,1,4,2,7,N,B,N,B,H,C,C,02,E,01,E,,,Y,,I,Y,N,D,1,0,0,1,23152.0,1,35.36977754,-119.05890495,4
2017,2017-01-05,1034,1,4,10,4,N,A,N,A,H,A,A,07,S,08,D,,,,,E,Y,N,D,2,0,0,0,22107.0,2,35.29542905,-119.00314591,3
2017,2017-01-07,1935,1,4,19,6,N,B,N,B,H,C,A,07,E,07,E,,,,,I,N,N,A,1,0,0,0,21658.0,1,35.37402141,-118.99175873,4
2016,2016-12-30,1113,12,4,11,5,N,B,N,B,H,A,A,01,N,01,C,,,,,C,N,M,A,1,0,0,0,23152.0,2,35.38010116,-119.02346,3
2016,2016-12-31,32,12,4,0,6,Y,A,N,B,H,C,A,07,,12,D,,,,,C,Y,N,A,1,0,0,0,21453.0,2,35.32498007,-119.04339004,4
2016,2016-12-31,1957,12,4,19,6,Y,C,N,B,H,C,A,01,,09,A,,,,,C,Y,N,D,1,0,0,0,21804.0,2,35.3031901,-119.05346008,4
2016,2016-12-30,1723,12,4,17,5,Y,C,N,B,H,C,A,01,,09,D,,,,,C,Y,N,A,1,0,0,0,21453.0,2,35.2960601,-119.07448002,3
2016,2016-12-30,1553,12,4,15,5,Y,B,Y,B,H,A,A,01,,12,D,,,,,C,Y,N,A,4,0,0,0,21453.0,3,35.38231319,-119.0104986,4
2016,2016-12-28,1053,12,4,10,3,N,A,N,A,H,A,A,01,S,09,D,,,,,C,N,N,A,2,0,0,0,21804.0,3,35.12435533,-117.9859101,4
2017,2017-01-01,1458,1,4,14,7,N,A,N,A,H,A,A,07,W,08,F,,,,,A,N,N,D,1,0,0,0,22107.0,4,35.19980673,-117.76696265,4
2016,2016-12-21,1845,12,4,18,3,Y,A,Y,A,H,C,-,,,09,A,,,,,C,Y,N,D,3,0,0,0,21802.0,3,35.57972198,-119.33409545,3
2016,2016-12-28,1730,12,4,17,3,N,A,N,A,H,C,L,04,W,14,G,,Y,,,G,N,N,D,1,0,1,0,21201.0,2,35.58702481,-119.349622,4
2017,2017-01-16,1618,1,4,16,1,Y,A,N,A,H,A,D,22,,09,D,,,,,C,Y,N,D,3,0,0,0,21802.0,3,35.35889006,-119.02128009,4
2017,2017-01-15,1242,1,4,12,7,Y,B,N,A,H,A,A,01,,12,D,,,,,C,Y,N,A,3,0,0,0,21453.0,2,35.29625006,-119.12815001,2
2017,2017-01-18,1958,1,4,19,3,N,C,N,D,G,D,A,01,W,03,H,,,,,E,Y,N,D,1,0,0,0,22350.0,2,35.28165001,-119.0960428,3
2017,2017-01-20,1328,1,4,13,5,Y,C,N,B,H,A,A,01,,09,D,,,,,C,Y,N,A,1,0,0,0,21802.0,3,35.3752901,-119.02236002,3
2016,2016-05-21,1001,5,1,10,6,Y,A,N,A,H,A,A,01,,10,G,,Y,,,G,N,N,D,1,0,1,0,21950.0,2,35.59423003,-119.3364399,4
2017,2017-02-07,2251,2,4,22,2,N,B,N,B,H,D,D,22,W,01,F,,,,,I,Y,M,A,1,0,0,0,23152.0,1,35.29588,-119.02146061,3
2017,2017-02-14,1554,2,4,15,2,N,A,N,A,H,A,A,01,W,12,B,,,,,C,N,N,A,2,0,0,0,21453.0,2,35.31819015,-119.06146022,4
2017,2017-02-10,1910,2,4,19,5,N,B,N,B,H,C,D,22,E,01,A,,,,,C,Y,N,D,2,0,0,0,23152.0,2,35.31308217,-119.06879592,4
2017,2017-02-14,1711,2,4,17,2,N,A,N,A,H,B,L,04,N,05,H,,Y,,,G,N,N,D,1,0,1,0,21650.0,2,35.31540968,-119.05677514,2
2017,2017-02-14,1710,2,4,17,2,N,A,N,A,H,A,A,07,E,01,E,,,,,I,Y,N,D,1,0,0,0,23152.0,1,35.36204263,-119.11770254,3
2017,2017-02-13,1332,2,4,13,1,N,A,N,A,H,A,A,01,W,12,D,,,,,C,N,N,A,2,0,0,0,21453.0,2,35.40000913,-119.09824288,4