ACCIDENT_YEAR,COLLISION_DATE,COLLISION_TIME,MONTH,SEASON,24HOURS,DAY_OF_WEEK,INTERSECTION,WEATHER_1,STATE_HWY_IND,ROAD_SURFACE,ROAD_COND_1,LIGHTING,STWD_VEHTYPE_AT_FAULT,CHP_VEHTYPE_AT_FAULT,DIRECTION,PCF_VIOL_CATEGORY,TYPE_OF_COLLISION,PEDESTRIAN_ACCIDENT,BICYCLE_ACCIDENT,MOTORCYCLE_ACCIDENT,TRUCK_ACCIDENT,MVIW,TOW_AWAY,HIT_AND_RUN,CONTROL_DEVICE,NUMBER_INJURED,COUNT_PED_INJURED,COUNT_BICYCLIST_INJURED,COUNT_MC_INJURED,PCF_VIOLATION,PARTY_COUNT,POINT_Y,POINT_X,COLLISION_SEVERITY
2017,2017-02-14,1629,2,4,16,2,Y,A,N,A,H,A,L,04,,09,D,,Y,,,G,N,N,D,1,0,1,0,21802.0,2,35.27368001,-119.06190003,3
2017,2017-02-13,1855,2,4,18,1,N,A,N,A,H,C,A,01,W,09,D,,,Y,,C,Y,N,D,1,0,0,1,21801.0,2,35.31771,-119.02263217,4
2017,2017-02-13,1616,2,4,16,1,N,A,N,A,H,C,A,01,W,09,D,,,,,C,Y,N,D,3,0,0,0,21804.0,2,35.31316,-119.09035404,3
2017,2017-02-06,1209,2,4,12,1,N,B,N,A,H,A,A,01,E,03,C,,,,,C,Y,N,A,2,0,0,0,22350.0,3,35.36836,-119.00301,4
2016,2016-12-15,1308,12,4,13,4,N,C,N,B,H,A,D,22,E,05,D,,,,,C,N,N,A,1,0,0,0,21651.0,2,35.3183138,-119.08922901,4
2016,2016-12-30,31,12,4,0,5,N,A,N,A,H,C,A,07,N,08,E,,,,,I,Y,N,D,1,0,0,0,22107.0,1,,,2
2016,2016-12-17,1515,12,4,15,6,Y,A,N,A,H,A,-,,,10,H,Y,,,,B,N,N,A,1,1,0,0,21950.0,2,35.62248011,-117.66995006,4
2017,2017-01-09,913,1,4,9,1,Y,B,N,B,H,A,A,01,,12,D,,,,,C,Y,N,A,2,0,0,0,21453.0,3,35.3766096,-119.00291061,4
2016,2016-12-21,1501,12,4,15,3,N,A,N,A,H,A,F,26,N,03,C,,,,Y,C,N,N,A,1,0,0,0,22350.0,2,35.35995325,-119.11611874,4
2017,2017-01-10,1302,1,4,13,2,Y,A,N,A,H,A,D,22,,12,D,,,,,C,Y,N,A,3,0,0,0,21453.0,3,35.37632003,-119.03859014,4
2017,2017-01-10,1750,1,4,17,2,Y,B,N,A,H,C,E,22,,10,G,Y,,,,B,N,F,A,1,1,0,0,21950.0,2,35.37340002,-119.01063002,4
2017,2017-01-12,207,1,4,2,4,N,A,N,A,H,C,A,01,E,01,B,,,,,E,N,N,D,2,0,0,0,23152.0,2,35.30394191,-119.02661425,2
2017,2017-01-15,1716,1,4,17,7,Y,A,N,A,H,C,A,01,,09,D,Y,,,,C,N,F,D,3,1,0,0,21801.0,3,35.36572006,-118.98523004,4
2017,2017-01-16,2102,1,4,21,1,N,A,N,A,H,C,A,07,N,01,C,,,,Y,C,Y,N,A,3,0,0,0,23153.0,2,35.37109242,-119.14553,3
2017,2017-01-14,1815,1,4,18,6,Y,A,N,A,H,C,D,22,,09,H,,Y,,,G,Y,N,A,1,0,1,0,21802.0,2,35.31679011,-119.04782005,4
2017,2017-01-14,1837,1,4,18,6,Y,A,Y,A,H,E,D,22,,09,D,,,,,C,Y,N,A,1,0,0,0,21802.0,2,35.40426027,-118.87016463,4
2017,2017-01-05,920,1,4,9,4,N,C,N,B,H,A,D,22,E,21,G,Y,,,,B,N,N,D,1,1,0,0,22106.0,2,35.37718711,-119.02084499,4
2016,2016-12-21,1455,12,4,14,3,Y,B,N,A,H,A,A,01,,09,D,,,,,C,Y,N,A,1,0,0,0,21802.0,2,35.32346006,-119.02133005,4
2016,2016-12-30,1220,12,4,12,5,Y,B,N,B,H,A,A,01,,09,D,,,,,C,Y,N,D,2,0,0,0,21801.0,2,35.35392001,-119.00853003,3
2017,2017-01-11,1831,1,4,18,3,N,B,N,A,H,C,N,60,N,11,G,Y,,,,B,N,N,D,1,1,0,0,21954.0,2,35.36860833,-119.0189189,2
2017,2017-01-11,1748,1,4,17,3,Y,A,N,A,H,C,A,01,,09,D,,,,,C,Y,N,A,2,0,0,0,21453.0,2,35.41399008,-119.10114007,4
2017,2017-01-13,1949,1,4,19,5,N,B,N,A,H,D,-,99,W,03,C,,,,,C,Y,N,D,2,0,0,0,22350.0,2,35.38279083,-119.00801092,4
2017,2017-01-13,1333,1,4,13,5,N,B,N,A,H,A,N,60,S,11,G,Y,,,,B,N,N,D,1,1,0,0,21950.0,2,35.28137121,-119.06198,3
2017,2017-01-16,1842,1,4,18,1,Y,A,N,A,H,C,A,01,,12,D,,,,,C,Y,N,A,2,0,0,0,21453.0,2,35.36877006,-119.09235007,3
2017,2017-01-12,1314,1,4,13,4,N,C,N,B,H,A,-,99,W,21,H,,,,,C,N,M,D,1,0,0,0,22106.0,2,35.37527,-119.01689908,4
2017,2017-01-10,811,1,4,8,2,N,A,N,A,H,A,L,04,W,05,H,,Y,,,G,N,M,D,1,0,1,0,21650.0,2,35.38659838,-118.98623626,3
2017,2017-01-07,2145,1,4,21,6,N,B,N,B,H,C,A,01,E,09,D,,,,,C,Y,N,A,2,0,0,0,21801.0,2,35.31825834,-119.07302066,4
2017,2017-01-02,833,1,4,8,1,N,B,N,B,H,A,A,01,N,03,E,,,,,I,Y,N,A,1,0,0,0,22350.0,1,35.33502732,-119.05368252,3
2017,2017-01-21,906,1,4,9,6,N,A,N,A,H,A,A,01,E,08,C,,,,,E,N,N,D,2,0,0,0,22107.0,2,35.39433,-119.00984981,4
2017,2017-01-10,1144,1,4,11,2,Y,B,Y,A,H,A,A,01,,12,D,,,,,C,N,N,A,1,0,0,0,21453.0,2,35.39388745,-118.96941465,4
2017,2017-01-18,1813,1,4,18,3,Y,C,N,B,H,C,A,01,,08,E,,,,,I,Y,N,A,1,0,0,0,22107.0,1,35.36188008,-119.09198,4
2017,2017-01-18,1725,1,4,17,3,Y,C,N,B,H,C,A,01,,09,D,,,,,C,Y,N,A,1,0,0,0,21802.0,2,35.33545011,-119.03007003,4
2017,2017-01-18,1537,1,4,15,3,Y,B,N,A,H,A,A,01,,12,D,,,,,C,Y,N,A,2,0,0,0,21453.0,2,35.36842011,-118.99587013,4
2017,2017-01-20,2117,1,4,21,5,Y,B,N,B,H,C,A,07,,12,A,,,,,C,Y,N,A,2,0,0,0,21453.0,2,35.36527001,-119.06551006,4
2017,2017-01-13,1741,1,4,17,5,N,B,N,A,H,C,A,01,S,03,A,,,,,E,Y,N,D,1,0,0,0,22350.0,2,35.31853,-119.01086,3
2017,2017-01-13,1935,1,4,19,5,N,B,N,A,H,C,L,04,W,05,H,,Y,,,G,N,N,D,1,0,1,0,21202.0,2,35.39721845,-119.00612478,3
2016,2016-12-21,1203,12,4,12,3,Y,A,N,A,H,A,F,26,,12,D,,,,Y,C,Y,N,A,1,0,0,0,21453.0,2,35.38025006,-118.98838003,4
2016,2016-12-08,1740,12,4,17,4,N,A,Y,A,H,C,D,22,N,03,C,,,,,C,Y,F,D,1,0,0,0,22350.0,4,35.39388745,-118.96941465,4
2016,2016-12-17,1851,12,4,18,6,N,A,N,A,H,C,C,02,N,08,B,,,Y,,E,N,N,D,1,0,0,1,22107.0,2,35.27572941,-119.06241353,4
2016,2016-12-20,1900,12,4,19,2,Y,A,N,A,H,C,A,01,,09,D,,,,,C,Y,N,A,2,0,0,0,21801.0,2,35.35398004,-119.02337005,4
2016,2016-12-26,1557,12,4,15,1,N,A,N,A,H,A,A,07,S,03,C,,,,,C,Y,N,A,2,0,0,0,22350.0,2,35.33671137,-118.93201,3
2016,2016-12-26,1501,12,4,15,1,Y,A,N,A,H,A,A,01,,09,D,,,,,C,Y,N,D,1,0,0,0,21802.0,2,35.35398004,-119.02337005,4
2016,2016-12-21,724,12,4,7,3,N,B,N,A,H,A,A,01,S,03,C,,,,,C,Y,N,D,2,0,0,0,22350.0,2,35.40713119,-118.94892418,3
2016,2016-12-27,1909,12,4,19,2,Y,A,N,A,H,C,A,01,,01,D,,,,,C,Y,N,A,1,0,0,0,23152.0,2,35.35425003,-119.04784,3
2016,2016-08-05,1820,8,2,18,5,N,A,N,A,H,A,A,01,N,09,A,,,,,C,N,N,D,2,0,0,0,21801.0,2,35.19275549,-118.82857,3
2016,2016-12-18,1430,12,4,14,7,N,A,N,A,H,A,A,01,S,09,D,,,,,C,N,N,D,3,0,0,0,21800.0,2,35.76652962,-119.25334021,4
2016,2016-12-19,1300,12,4,13,1,N,A,Y,A,H,A,D,22,E,04,C,,,,,C,N,F,A,1,0,0,0,21703.0,3,35.76140868,-119.24063157,4
2016,2016-12-10,1810,12,4,18,6,Y,A,N,A,H,A,A,07,,09,D,,,,,C,Y,N,A,2,0,0,0,21801.0,2,35.77590001,-119.25849998,2
2016,2016-12-05,1628,12,4,16,1,N,A,N,A,H,B,F,26,E,08,B,,,,Y,C,Y,N,A,2,0,0,0,22107.0,2,35.79046347,-119.22974825,4
2016,2016-12-28,1422,12,4,14,3,Y,A,N,A,H,A,A,01,,09,D,,,,,C,Y,N,D,1,0,0,0,21804.0,2,35.77591002,-119.25555993,4
2016,2016-12-27,951,12,4,9,2,N,A,N,A,H,A,D,22,,03,C,,,,,C,Y,N,D,1,0,0,0,22350.0,4,35.77958001,-119.2444799,3
2016,2016-12-30,2350,12,4,23,5,N,E,N,B,A,D,A,01,S,00,B,,,,,I,Y,N,A,3,0,0,0,23103.0,1,35.75581573,-119.24964827,4
2016,2016-12-22,1245,12,4,12,4,Y,A,Y,A,H,A,A,01,,09,D,,,,,C,Y,N,A,1,0,0,0,21801.0,3,35.76139398,-119.24975851,4
2016,2016-12-06,1738,12,4,17,2,N,A,N,A,H,C,A,07,E,10,G,Y,,,,B,N,F,A,2,2,0,0,21950.0,3,35.76947989,-119.24294376,3
2016,2016-12-23,2012,12,4,20,5,-,B,N,B,H,D,A,01,,03,C,,,,,C,Y,N,D,3,0,0,0,22350.0,2,35.7614301,-119.23196986,4
2016,2016-12-25,1552,12,4,15,7,N,A,N,A,H,A,A,01,S,08,D,,,,,C,Y,N,D,3,0,0,0,22107.0,2,35.77711608,-119.24568,4
2016,2016-10-01,1902,10,3,19,6,Y,A,N,A,D,C,A,01,,12,D,,,,,C,Y,N,A,2,0,0,0,21457.0,2,35.60528001,-117.67273002,4
2016,2016-12-27,1654,12,4,16,2,N,A,N,A,H,B,N,60,S,22,G,Y,,,,B,N,N,D,1,1,0,0,,2,35.36296059,-119.00287807,3
2016,2016-12-11,1544,12,4,15,7,N,A,N,A,H,A,N,60,N,11,G,Y,,,,B,N,N,D,1,1,0,0,21950.0,2,35.34429051,-119.05509364,4
2016,2016-12-14,2116,12,4,21,3,N,A,N,A,H,C,A,07,N,01,E,,,,,I,Y,N,D,1,0,0,0,23152.0,1,35.370818,-119.14553,4
2016,2016-12-10,1653,12,4,16,6,Y,A,N,A,H,B,N,60,,11,G,Y,,,,B,N,N,D,1,1,0,0,21954.0,2,35.35755001,-118.99190005,4
2016,2016-12-11,1901,12,4,19,7,Y,B,N,A,H,C,L,04,,12,H,,Y,,,G,N,M,A,1,0,1,0,21453.0,2,35.37358006,-118.99405013,3
2016,2016-12-07,1657,12,4,16,3,N,A,N,A,H,B,L,04,S,05,H,,Y,,,G,N,F,D,1,0,1,0,21650.0,2,35.36492512,-119.04341043,3
2016,2016-12-09,156,12,4,1,5,N,B,N,B,H,C,A,07,E,01,E,,,,,I,Y,N,A,1,0,0,0,23152.0,1,35.36870151,-119.11052059,4
2016,2016-12-20,2056,12,4,20,2,N,A,N,A,H,C,N,60,S,11,G,Y,,,,B,N,N,D,1,1,0,0,21955.0,2,35.35636693,-119.01892215,3
2016,2016-12-21,1802,12,4,18,3,N,B,N,A,H,C,A,07,W,09,D,,,,,C,N,N,D,1,0,0,0,21804.0,2,35.2742741,-119.0694802,4
2016,2016-12-08,905,12,4,9,4,Y,A,N,A,H,A,A,01,,09,A,,,,,C,N,N,A,1,0,0,0,21453.0,2,35.3444301,-119.11446007,4
2016,2016-12-27,954,12,4,9,2,Y,B,N,A,H,A,A,07,,09,D,,,,,C,N,N,A,1,0,0,0,21801.0,2,35.36080002,-119.01891003,4
2016,2016-12-20,1846,12,4,18,2,N,A,N,A,H,C,-,99,E,03,C,,,,,C,N,M,A,2,0,0,0,22350.0,2,35.36858951,-119.025333,4
2016,2016-12-20,1640,12,4,16,2,N,A,N,A,H,A,A,01,W,03,C,,,,,C,Y,N,D,1,0,0,0,22350.0,4,35.33895003,-119.05844902,4
2016,2016-12-21,1856,12,4,18,3,N,C,N,B,H,C,A,01,S,03,C,,,,,C,Y,N,D,3,0,0,0,22350.0,2,35.35121443,-119.11432773,4
2016,2016-12-25,1812,12,4,18,7,N,A,N,A,H,C,A,01,N,01,C,,,,,C,Y,N,D,1,0,0,0,23152.0,2,35.29472116,-119.00314,4
2017,2017-01-27,1420,1,4,14,5,Y,A,N,A,H,A,D,72,,12,D,,,,,C,Y,N,A,2,0,0,0,22450.0,2,35.51434008,-119.27814999,3
2016,2016-12-22,1906,12,4,19,4,Y,A,N,A,H,C,A,01,,09,A,,,,,C,Y,N,A,2,0,0,0,21453.0,2,35.31828008,-119.07446008,4
2017,2017-01-11,1452,1,4,14,3,N,A,N,A,H,A,A,01,S,03,C,,,,,C,N,N,D,2,0,0,0,22350.0,2,35.20220551,-118.84210778,4
2017,2017-01-27,1214,1,4,12,5,N,A,N,A,H,A,D,22,W,05,A,,,,,C,Y,N,D,1,0,0,0,21650.0,2,35.39122016,-119.10505667,1
2017,2017-01-24,1325,1,4,13,2,Y,A,Y,A,H,A,D,22,,17,D,,,,,D,Y,N,A,2,0,0,0,21451.0,2,35.3522716,-118.9843608,4
2017,2017-01-28,1159,1,4,11,6,Y,A,N,A,H,A,D,22,,09,D,,,,,C,Y,N,D,2,0,0,0,21801.0,2,35.35411005,-119.03223007,4
2017,2017-01-29,1915,1,4,19,7,Y,A,N,A,H,C,D,22,,01,D,,,,,C,N,N,A,1,0,0,0,23152.0,3,35.39747005,-118.97634008,4
2017,2017-01-17,1221,1,4,12,2,Y,B,N,A,H,A,A,01,,09,D,,,,,C,Y,N,A,5,0,0,0,21453.0,2,35.39226001,-118.94984006,4
2017,2017-01-22,1339,1,4,13,7,Y,C,N,B,H,A,D,22,,17,D,,,,,C,Y,N,A,2,0,0,0,21461.0,2,35.28863008,-119.00314003,4
2017,2017-01-23,1641,1,4,16,1,N,B,N,B,H,A,-,99,N,21,C,,,,,C,N,F,D,1,0,0,0,22106.0,2,35.35408896,-118.98527883,4
2017,2017-01-26,1733,1,4,17,4,N,A,N,A,H,C,N,60,E,11,G,Y,,,,B,N,N,D,1,1,0,0,21954.0,2,35.36457236,-119.00923194,4
2017,2017-01-23,255,1,4,2,1,N,A,N,B,H,C,A,01,E,05,G,Y,,,,B,N,N,D,1,1,0,0,21650.0,2,35.35432946,-119.08645301,4
2017,2017-01-25,736,1,4,7,3,Y,B,N,A,H,A,A,01,,12,D,,,,,C,Y,N,A,2,0,0,0,21453.0,3,35.39061005,-119.09229005,3
2017,2017-01-25,1844,1,4,18,3,N,A,N,A,H,C,L,04,W,05,H,,Y,,,G,N,N,A,1,0,1,0,21650.0,2,35.33955,-119.03223663,3
2017,2017-01-06,1015,1,4,10,5,Y,A,N,A,H,A,A,01,,08,E,,,,,I,Y,N,D,2,0,0,0,22107.0,1,35.38154009,-118.97949006,2
2017,2017-01-22,1849,1,4,18,7,N,B,N,B,H,C,L,04,W,05,A,,Y,,,G,N,M,D,1,0,1,0,21650.0,2,35.31774,-119.00880186,3
2017,2017-01-29,1939,1,4,19,7,N,A,N,A,H,C,A,01,W,08,E,,,,,I,Y,N,A,1,0,0,0,22107.0,1,35.33971061,-119.12128028,4
2017,2017-01-30,1812,1,4,18,1,N,A,N,A,H,C,A,01,S,03,C,,,,,C,N,N,D,1,0,0,0,22350.0,2,35.39924961,-118.9676,4
2017,2017-01-27,1635,1,4,16,5,N,A,N,A,H,A,C,02,N,03,C,,,Y,,C,Y,N,A,1,0,0,1,22350.0,2,35.4031389,-119.04086073,3
2017,2017-01-29,919,1,4,9,7,Y,A,N,A,H,A,L,04,,17,D,,Y,,,G,N,N,D,1,0,1,0,21208.0,2,35.37921003,-118.99372,4
2017,2017-01-30,1800,1,4,18,1,N,A,N,A,H,C,A,08,N,09,D,,,,,C,Y,N,D,2,0,0,0,21801.0,2,35.36181442,-119.01184973,4
2017,2017-01-21,1204,1,4,12,6,N,B,N,A,H,A,-,99,E,03,C,,,,,C,N,M,D,1,0,0,0,22350.0,2,35.33225983,-119.04778317,4
2017,2017-01-23,1856,1,4,18,1,N,A,N,B,H,C,A,01,S,01,C,,,,,C,Y,N,A,1,0,0,0,23152.0,2,35.30931256,-119.05669,3
2017,2017-01-30,2114,1,4,21,1,N,A,N,A,H,C,A,01,E,03,C,,,,,C,N,N,D,1,0,0,0,22350.0,2,35.2959686,-119.03703841,3
2017,2017-01-18,1530,1,4,15,3,N,A,N,B,H,B,A,08,N,10,G,Y,,,,B,N,N,D,1,1,0,0,21950.0,2,35.36113299,-119.01418819,3
2017,2017-01-29,839,1,4,8,7,Y,A,N,A,H,A,A,01,,09,D,,,,,C,Y,N,A,1,0,0,0,21802.0,2,35.36365003,-119.01888988,4
2017,2017-01-27,1625,1,4,16,5,N,A,N,A,H,A,A,01,E,08,A,,,,,C,Y,N,D,2,0,0,0,22107.0,2,35.3541375,-119.05191512,3
2017,2017-01-24,1852,1,4,18,2,N,A,N,B,H,C,-,99,E,08,B,,,,,C,N,M,A,1,0,0,0,22107.0,2,35.33983,-119.09221279,4
2017,2017-01-25,755,1,4,7,3,Y,A,N,A,H,A,A,01,,10,G,Y,,,,B,N,N,A,1,1,0,0,21950.0,2,35.3444301,-119.11446007,4
2017,2017-01-27,1634,1,4,16,5,N,A,N,A,H,A,L,04,N,05,H,,Y,,,G,N,F,A,1,0,1,0,21650.0,2,35.33656823,-119.03898,3
2017,2017-01-27,912,1,4,9,5,Y,A,N,A,H,A,A,01,,01,D,,,,,C,Y,N,A,2,0,0,0,23152.0,2,35.28140003,-119.0420901,3
2015,2015-01-20,1946,1,4,19,2,Y,A,N,A,H,C,A,01,,08,E,,,,,I,N,N,D,1,0,0,0,22107.0,1,,,4
2017,2017-01-30,1711,1,4,17,1,N,A,N,A,H,A,C,02,W,08,E,,,Y,,J,N,N,D,1,0,0,1,22107.0,1,35.14397328,-119.47297007,2
2017,2017-01-03,2100,1,4,21,2,N,A,N,A,H,C,A,01,S,01,E,,,,,I,Y,N,D,1,0,0,0,23152.0,1,35.13754747,-119.46223481,4
2017,2017-01-13,558,1,4,5,5,N,B,N,B,H,A,D,22,E,03,C,,,,,E,Y,M,D,1,0,0,0,22350.0,3,,,4
2016,2016-12-17,1919,12,4,19,6,Y,A,N,A,H,C,D,82,,03,C,,,,,C,N,F,A,1,0,0,0,22350.0,2,35.62248011,-117.66995006,4
2017,2017-01-01,2135,1,4,21,7,N,A,N,A,H,D,A,01,N,08,C,,,,,E,Y,N,D,4,0,0,0,22107.0,4,35.62348523,-117.67887829,3
2016,2016-08-31,1450,8,2,14,3,N,A,N,A,H,A,D,72,N,03,C,,,,,C,N,N,A,2,0,0,0,22350.0,3,35.62076848,-117.66996755,4
2017,2017-01-02,2350,1,4,23,1,N,A,N,A,H,C,A,01,N,01,E,,,,,I,Y,N,A,1,0,0,0,23152.0,1,35.6161874,-117.6789794,3
2017,2017-01-05,1035,1,4,10,4,N,A,N,A,H,A,A,07,N,08,C,,,,,C,N,N,D,1,0,0,0,22100.0,2,35.61486495,-117.67278,4
2017,2017-01-03,1543,1,4,15,2,Y,A,Y,A,H,A,A,08,,09,A,,,,,C,Y,N,A,1,0,0,0,21802.0,2,35.14133448,-119.4539455,3
2017,2017-01-04,1639,1,4,16,3,Y,B,Y,B,H,A,A,01,,09,D,,,,,C,Y,N,A,4,0,0,0,21804.0,2,35.13137603,-119.44535727,3
2017,2017-01-16,1352,1,4,13,1,N,A,N,A,H,A,A,01,N,03,C,,,,,C,N,N,A,1,0,0,0,22350.0,2,35.20186505,-118.83312046,4
2017,2017-01-30,1740,1,4,17,1,Y,A,Y,A,H,C,A,07,,08,D,,,,,C,N,N,D,1,0,0,0,22107.0,2,35.50282924,-119.27440291,4
2017,2017-02-03,722,2,4,7,5,N,A,N,A,H,B,A,01,E,07,B,,,,,C,Y,N,D,1,0,0,0,21658.0,2,35.37365312,-119.04104905,4
2017,2017-02-08,1334,2,4,13,3,Y,B,N,A,H,A,A,01,,09,A,,,,,C,N,N,A,1,0,0,0,21453.0,3,35.41979007,-119.14547002,3
2017,2017-02-03,930,2,4,9,5,N,A,N,A,H,A,A,01,N,09,D,,,,,C,Y,N,A,3,0,0,0,21453.0,2,35.30318116,-119.03905,3
2017,2017-02-04,1935,2,4,19,6,Y,A,N,A,H,C,A,01,,08,D,,,,,C,N,N,A,1,0,0,0,22100.0,2,35.38006011,-119.02115003,4
2017,2017-02-03,1815,2,4,18,5,N,A,N,A,H,C,N,60,W,11,G,Y,,,,B,N,N,D,1,1,0,0,21954.0,2,35.33949743,-119.05175237,4
2017,2017-02-08,1327,2,4,13,3,N,B,N,A,H,A,-,99,E,03,C,,,,,C,N,M,A,1,0,0,0,22350.0,2,35.36188,-119.09192975,4
2017,2017-02-03,2106,2,4,21,5,Y,A,Y,A,H,C,A,01,,08,D,,,,,C,Y,N,A,4,0,0,0,22101.0,3,35.39388745,-118.96941465,4
2017,2017-02-01,1309,2,4,13,3,N,A,N,A,H,A,A,07,W,21,G,Y,,,,B,N,N,A,1,1,0,0,22106.0,2,35.31961094,-119.05041039,4
2017,2017-02-08,1844,2,4,18,3,N,A,N,A,H,C,-,99,E,03,C,,,,,C,N,M,D,1,0,0,0,22350.0,2,35.29590279,-119.05652268,4
2017,2017-02-04,1413,2,4,14,6,N,A,N,A,H,A,-,99,N,12,D,,,,,C,Y,M,A,1,0,0,0,22450.0,2,35.35033549,-119.00309992,4
2017,2017-02-04,723,2,4,7,6,N,A,N,A,H,A,A,01,W,01,E,,,,,I,Y,N,D,1,0,0,0,23152.0,1,35.39341433,-118.95918107,4
2017,2017-02-05,2101,2,4,21,7,N,A,N,A,H,C,A,01,S,01,C,,,,,C,Y,N,A,3,0,0,0,23152.0,2,35.32507024,-119.0922506,4
2017,2017-02-05,1313,2,4,13,7,N,A,N,A,H,A,A,01,E,09,D,,,,,C,N,N,A,1,0,0,0,21804.0,2,35.39817,-119.10923912,4
2017,2017-02-06,834,2,4,8,1,Y,C,N,B,H,A,A,01,,12,D,,,,,C,Y,M,A,2,0,0,0,22450.0,3,35.36491004,-118.98523009,4
2017,2017-03-01,735,3,1,7,3,Y,A,N,A,H,A,A,07,,09,G,,Y,,,G,N,N,D,1,0,1,0,21801.0,2,35.31412011,-119.05677002,3
2017,2017-03-03,1506,3,1,15,5,N,A,N,A,H,A,A,01,N,03,C,,,,,C,Y,N,D,3,0,0,0,22350.0,2,35.38260226,-118.99754357,4
2017,2017-03-03,47,3,1,0,5,N,A,N,A,H,C,D,22,S,08,E,,,,,I,Y,N,D,1,0,0,0,22107.0,1,35.43139123,-119.18662824,4
2017,2017-03-05,814,3,1,8,7,N,A,N,B,H,A,D,22,W,03,E,,,,,I,Y,N,A,1,0,0,0,22350.0,1,35.35392393,-119.13688826,4
2017,2017-03-05,1840,3,1,18,7,N,B,N,B,H,C,A,07,N,01,E,,,,,I,Y,N,A,1,0,0,0,23152.0,1,35.40321938,-118.91420919,3
2017,2017-02-24,844,2,4,8,5,N,A,N,A,H,A,F,26,N,03,C,,,,Y,C,N,N,A,2,0,0,0,22350.0,2,35.36874073,-119.11056554,4
2017,2017-02-27,742,2,4,7,1,Y,A,N,A,H,A,A,07,,12,D,,,,,C,Y,N,A,1,0,0,0,21453.0,2,35.38201004,-118.9910201,4
2017,2017-02-27,804,2,4,8,1,Y,A,N,A,H,A,A,01,,09,D,,,,,C,Y,N,D,1,0,0,0,21801.0,2,35.36249008,-119.07350005,3
2017,2017-02-27,1044,2,4,10,1,N,A,N,A,H,A,A,01,S,08,D,,,,,C,Y,N,D,1,0,0,0,22100.0,2,35.32575969,-119.06571,3
2017,2017-02-28,1305,2,4,13,2,Y,A,N,A,H,A,L,04,,08,H,,Y,,,G,N,N,D,1,0,1,0,22107.0,2,35.33961007,-119.04618001,3
2017,2017-02-23,1617,2,4,16,4,Y,A,N,A,H,A,A,01,,12,D,,,,,C,Y,N,A,2,0,0,0,21453.0,2,35.34436001,-119.09231005,4
2017,2017-02-23,1549,2,4,15,4,N,A,N,A,H,A,-,,S,01,E,,,,,I,Y,N,A,1,0,0,0,23152.0,1,35.33217515,-119.0389942,4
2017,2017-02-23,814,2,4,8,4,Y,A,N,A,H,A,A,07,,09,D,,,Y,,C,Y,N,A,1,0,0,1,21801.0,2,35.27425011,-119.07451007,3
2017,2017-02-22,1544,2,4,15,3,N,A,N,A,H,A,E,22,W,03,C,,,,,C,Y,N,D,3,0,0,0,22350.0,3,35.35389157,-119.01437741,4
2017,2017-02-22,1248,2,4,12,3,N,A,N,A,H,A,A,01,W,03,E,,,,,I,Y,N,A,1,0,0,0,22350.0,1,35.28162765,-119.09241021,4
2017,2017-02-22,945,2,4,9,3,N,B,Y,A,H,A,A,01,N,03,C,,,,,C,Y,N,D,1,0,0,0,22350.0,3,35.37454404,-119.00291971,4
2017,2017-02-22,823,2,4,8,3,N,B,N,A,H,A,-,- ,E,07,B,,,,,C,Y,N,D,1,0,0,0,21658.0,2,35.36736231,-119.09177615,4
2017,2017-02-28,909,2,4,9,2,Y,A,N,A,H,A,A,01,,09,D,,,,,C,Y,N,A,3,0,0,0,21453.0,2,35.2960601,-119.07448002,4
2017,2017-02-27,2153,2,4,21,1,N,B,N,A,H,C,-,,W,08,G,Y,,,,B,N,F,D,1,1,0,0,22107.0,2,35.35398916,-118.97927682,4
2017,2017-02-27,1917,2,4,19,1,Y,A,N,A,H,C,A,01,,09,D,,,,,C,N,N,A,1,0,0,0,21801.0,2,35.39024006,-118.96963001,4
2017,2017-02-24,2236,2,4,22,5,Y,A,N,A,H,E,D,22,,01,D,,,,,C,Y,N,A,2,0,0,0,23152.0,2,35.33962324,-119.03946494,4
2017,2017-02-25,720,2,4,7,6,Y,A,N,A,H,A,A,01,,09,D,,,,,C,Y,N,A,1,0,0,0,21453.0,2,35.38103005,-119.02346009,4
2017,2017-02-25,1252,2,4,12,6,Y,A,N,A,H,A,A,01,,09,D,,,,,C,Y,N,A,1,0,0,0,21801.0,3,35.35884005,-119.00490009,4
2017,2017-02-25,1750,2,4,17,6,N,A,Y,A,H,B,C,02,W,08,F,,,Y,,A,N,N,D,1,0,0,1,22107.0,1,35.38324886,-119.04961263,3
2017,2017-02-26,1353,2,4,13,7,Y,A,N,A,H,A,A,01,,12,D,,,,,C,Y,N,A,2,0,0,0,21453.0,2,35.40517005,-119.12776008,3
2017,2017-02-26,2018,2,4,20,7,Y,A,N,A,H,C,A,01,,03,G,Y,,,,B,N,N,A,1,1,0,0,22350.0,2,35.33947004,-119.01519005,3
2017,2017-02-27,1053,2,4,10,1,N,A,N,A,H,A,A,01,S,01,C,,,,,C,Y,N,D,4,0,0,0,23152.0,4,35.36858652,-119.03878,3
2017,2017-02-27,1418,2,4,14,1,Y,B,N,A,H,A,A,01,,09,D,,,,,C,Y,N,A,1,0,0,0,21802.0,2,35.35986,-119.02544001,4
2017,2017-03-13,1400,3,1,14,1,N,A,N,A,H,A,L,04,E,17,H,,Y,,,G,N,N,A,1,0,1,0,21208.0,2,35.39812,-119.11887649,3
2017,2017-03-13,1740,3,1,17,1,N,A,N,A,H,A,L,04,W,05,H,,Y,,,G,N,N,D,1,0,1,0,21650.0,2,35.29873,-119.02449064,4
2017,2017-03-11,1703,3,1,17,6,N,A,N,A,H,A,A,07,E,02,G,Y,,,,B,N,N,D,1,1,0,0,21654.0,2,35.36393285,-118.9877126,3