ACCIDENT_YEAR,COLLISION_DATE,COLLISION_TIME,MONTH,SEASON,24HOURS,DAY_OF_WEEK,INTERSECTION,WEATHER_1,STATE_HWY_IND,ROAD_SURFACE,ROAD_COND_1,LIGHTING,STWD_VEHTYPE_AT_FAULT,CHP_VEHTYPE_AT_FAULT,DIRECTION,PCF_VIOL_CATEGORY,TYPE_OF_COLLISION,PEDESTRIAN_ACCIDENT,BICYCLE_ACCIDENT,MOTORCYCLE_ACCIDENT,TRUCK_ACCIDENT,MVIW,TOW_AWAY,HIT_AND_RUN,CONTROL_DEVICE,NUMBER_INJURED,COUNT_PED_INJURED,COUNT_BICYCLIST_INJURED,COUNT_MC_INJURED,PCF_VIOLATION,PARTY_COUNT,POINT_Y,POINT_X,COLLISION_SEVERITY
2018,2018-04-04,1657,4,1,16,3,Y,A,N,A,H,A,D,22,,12,D,,,,,C,Y,N,A,1,0,0,0,21453.0,2,35.30311965942383,-119.02130126953124,4
2018,2018-04-02,1638,4,1,16,1,N,A,N,A,H,A,D,22,E,03,E,,,,,I,Y,N,A,1,0,0,0,22350.0,1,35.303470611572266,-119.08922576904295,2
2018,2018-04-11,1637,4,1,16,3,N,A,N,A,H,A,D,22,E,08,E,,,,,I,Y,N,D,1,0,0,0,22107.0,2,35.361358642578125,-119.0382080078125,3
2018,2018-04-11,1644,4,1,16,3,Y,A,N,A,H,A,I,11,,09,D,,,,,C,Y,M,A,1,0,0,0,21802.0,2,35.36766052246094,-119.03878784179688,4
2018,2018-04-08,1735,4,1,17,7,N,A,N,A,H,A,A,01,S,03,C,,,,,C,N,N,A,2,0,0,0,22350.0,2,35.33948516845703,-119.03005981445312,4
2018,2018-04-06,609,4,1,6,5,Y,B,N,A,H,B,D,22,,12,D,,,,,C,N,N,A,2,0,0,0,21453.0,2,35.30313873291016,-119.03904724121094,2
2018,2018-04-05,1232,4,1,12,4,N,A,N,A,H,A,N,60,S,11,G,Y,,,,B,N,N,D,2,2,0,0,21950.0,3,35.390167236328125,-119.01055145263672,3
2018,2018-04-06,1943,4,1,19,5,Y,A,N,A,H,C,-,99,,10,G,Y,,,,B,N,M,A,1,1,0,0,21950.0,2,35.37432861328125,-119.0200424194336,4
2018,2018-04-01,2004,4,1,20,7,N,A,N,A,H,C,-,99,W,03,C,,,,,C,N,N,A,1,0,0,0,22350.0,3,35.29595947265625,-119.0292739868164,4
2018,2018-04-11,742,4,1,7,3,N,A,N,A,H,A,N,60,W,11,G,Y,,,,B,N,N,A,1,1,0,0,21954.0,2,35.35752868652344,-118.99562072753906,3
2018,2018-04-11,1411,4,1,14,3,Y,A,N,A,H,A,L,04,,05,H,,Y,,,G,N,N,A,1,0,1,0,21650.0,2,35.31787872314453,-119.11579895019533,3
2018,2018-04-06,1333,4,1,13,5,Y,A,N,A,H,A,A,01,,12,D,,,,,C,Y,N,A,2,0,0,0,22450.0,2,35.31803131103516,-119.11872863769533,4
2018,2018-04-05,1354,4,1,13,4,N,A,N,A,H,A,A,07,S,03,C,,,,,C,Y,N,A,1,0,0,0,22350.0,3,35.371952056884766,-119.03871154785156,4
2018,2018-02-25,1720,2,4,17,7,Y,A,N,A,H,A,A,01,,12,D,,,,,C,Y,N,A,1,0,0,0,22450.0,2,35.624752044677734,-117.66997528076172,3
2018,2018-03-29,1909,3,1,19,4,Y,A,N,A,H,C,A,07,,03,D,,,,,C,N,M,A,1,0,0,0,22350.0,2,35.2776985168457,-119.01300048828124,4
2018,2018-04-20,238,4,1,2,5,N,A,N,A,H,C,A,07,S,01,C,,,,,C,Y,N,A,2,0,0,0,23152.0,2,35.376609802246094,-119.0029067993164,3
2018,2018-04-18,2036,4,1,20,3,N,A,N,A,H,A,A,07,S,01,C,,,,,C,Y,N,A,1,0,0,0,23152.0,2,35.36448669433594,-119.01183319091795,4
2018,2018-04-18,1620,4,1,16,3,Y,A,N,A,H,A,-,- ,,09,D,,,,,C,Y,N,A,1,0,0,0,21801.0,2,35.32345962524414,-119.02133178710938,3
2018,2018-04-16,1546,4,1,15,1,Y,A,N,A,H,A,D,22,,12,D,,,,,C,Y,N,A,3,0,0,0,21453.0,2,35.362491607666016,-119.07350158691406,3
2018,2018-04-10,1622,4,1,16,2,Y,A,N,A,H,A,A,01,,03,C,,,,,C,Y,M,D,2,0,0,0,22350.0,3,35.334869384765625,-119.0723876953125,3
2018,2018-04-13,1511,4,1,15,5,N,A,N,A,H,A,A,01,E,09,D,,,,,C,N,N,D,2,0,0,0,21804.0,2,35.33216857910156,-119.02337646484376,4
2018,2018-04-14,2042,4,1,20,6,N,A,N,A,H,C,A,01,W,01,C,,,,,E,Y,N,D,1,0,0,0,23152.0,2,35.3234977722168,-119.02450561523438,3
2018,2018-04-14,1640,4,1,16,6,Y,B,N,A,H,A,D,22,,12,D,,,,,C,N,N,A,1,0,0,0,21453.0,2,35.354461669921875,-119.09237670898438,4
2018,2018-04-10,2103,4,1,21,2,N,A,N,A,H,C,N,60,W,11,G,Y,,,,B,N,N,D,1,1,0,0,21955.0,2,35.36838150024414,-118.99991607666016,3
2018,2018-04-17,1451,4,1,14,2,Y,A,Y,A,H,A,D,22,,03,C,,,,,C,Y,N,-,1,0,0,0,22350.0,4,35.12450408935547,-118.4677963256836,4
2018,2018-04-04,2316,4,1,23,3,Y,A,Y,A,H,C,C,02,,01,D,,,Y,,C,Y,N,A,2,0,0,2,23152.0,2,35.39620590209961,-118.95315551757812,2
2018,2018-04-13,1511,4,1,15,5,N,A,N,A,H,A,A,01,W,03,G,Y,,,,B,Y,N,D,1,1,0,0,22350.0,2,35.37155532836914,-119.06692504882812,3
2018,2018-04-03,1305,4,1,13,2,N,A,Y,A,H,A,A,01,E,17,A,,Y,,,E,N,F,D,1,0,1,0,22517.0,2,35.209110260009766,-118.82630157470705,3
2018,2018-04-07,1300,4,1,13,6,Y,C,N,B,H,A,D,22,,12,D,,,,,C,Y,F,A,1,0,0,0,22450.0,2,35.13016891479492,-118.4320831298828,4
2018,2018-04-23,1600,4,1,16,1,Y,B,N,A,H,A,A,01,,17,D,,,,,C,N,N,A,2,0,0,0,21451.0,2,35.3466911315918,-119.01184844970705,3
2018,2018-04-23,1439,4,1,14,1,N,A,N,A,H,A,D,22,N,09,D,,,,,C,N,N,D,1,0,0,0,21804.0,2,35.31834030151367,-119.04782104492188,4
2018,2018-04-06,849,4,1,8,5,Y,A,N,A,H,A,D,22,,03,C,,,,,E,N,M,A,1,0,0,0,22350.0,3,35.378841400146484,-118.99217224121094,4
2018,2018-04-21,1729,4,1,17,6,N,A,N,A,H,A,C,03,W,05,D,,,Y,,C,N,N,D,1,0,0,1,21650.0,2,35.28531265258789,-119.00811004638672,3
2018,2018-04-21,1752,4,1,17,6,Y,B,N,A,H,A,A,01,,03,C,,,,,C,N,N,A,4,0,0,0,22350.0,3,35.37627029418945,-119.03282165527344,4
2018,2018-04-19,1128,4,1,11,4,Y,A,N,A,H,A,D,22,,10,G,Y,,,,B,N,N,A,1,1,0,0,21950.0,2,35.34288024902344,-119.10321044921876,4
2018,2018-04-12,1024,4,1,10,4,N,A,N,A,H,A,A,01,E,08,B,,,,,E,N,N,D,1,0,0,0,22107.0,3,35.37928009033203,-118.97960662841795,3
2018,2018-04-17,1905,4,1,19,2,Y,A,N,A,H,A,A,01,,09,D,,,,,C,N,N,D,1,0,0,0,21802.0,2,35.36174011230469,-119.16326904296876,4
2018,2018-04-19,1749,4,1,17,4,N,A,N,A,H,A,D,22,E,08,D,,,,,C,Y,N,A,3,0,0,0,22107.0,2,35.29589080810547,-119.0031509399414,3
2018,2018-04-14,33,4,1,0,6,N,A,N,A,H,D,A,07,E,08,D,,,,,C,Y,M,D,1,0,0,0,22100.0,2,35.26681137084961,-119.01757049560548,4
2018,2018-04-20,1125,4,1,11,5,Y,A,N,A,H,A,A,07,,09,D,,,,,C,N,N,A,4,0,0,0,21802.0,2,35.32086944580078,-119.0676498413086,3
2018,2018-04-20,1451,4,1,14,5,N,A,N,A,H,A,A,01,N,00,A,,,,,E,Y,N,D,1,0,0,0,23103.0,2,35.3373908996582,-119.0234603881836,4
2018,2018-04-23,1516,4,1,15,1,N,A,N,A,H,A,A,07,W,03,C,,,,,C,N,N,D,2,0,0,0,22350.0,2,35.33937072753906,-119.05758666992188,4
2018,2018-04-26,1840,4,1,18,4,Y,A,N,A,H,A,A,01,,09,D,,,,,D,Y,N,A,4,0,0,0,21453.0,2,35.32529067993164,-119.10942840576172,4
2018,2018-04-19,1637,4,1,16,4,N,A,N,A,H,A,A,07,W,03,C,,,,,C,N,N,D,2,0,0,0,22350.0,2,35.35403823852539,-118.97241973876952,4
2018,2018-04-13,1740,4,1,17,5,N,A,N,A,H,A,L,04,E,05,H,,Y,,,G,N,N,A,1,0,1,0,21202.0,2,35.37358474731445,-118.99402618408205,4
2018,2018-04-13,2214,4,1,22,5,N,A,N,A,H,C,C,02,N,08,E,,,Y,,I,N,N,D,1,0,0,1,22107.0,1,35.32683181762695,-119.12803649902344,3
2018,2018-04-21,28,4,1,0,6,Y,A,N,A,H,C,-,- ,,12,D,,,,,C,N,N,A,2,0,0,0,21453.0,2,35.40155029296875,-119.08332061767578,3
2018,2018-04-22,1203,4,1,12,7,N,A,N,A,H,A,-,99,N,09,D,,,,,C,Y,M,D,1,0,0,0,21804.0,2,35.38570785522461,-119.01181030273438,4
2018,2018-04-25,1525,4,1,15,3,Y,A,N,A,H,A,A,01,,09,D,,,,,C,N,N,A,1,0,0,0,21802.0,2,35.377159118652344,-119.01641845703124,4
2018,2018-04-20,1613,4,1,16,5,Y,A,N,A,H,A,A,01,,12,D,,,,,C,Y,N,A,3,0,0,0,21453.0,2,35.3928108215332,-118.96759796142578,4
2018,2018-04-23,1401,4,1,14,1,Y,A,N,A,H,A,A,07,,09,D,,,,,C,Y,M,D,1,0,0,0,21801.0,2,35.3975715637207,-118.98184967041016,4
2018,2018-04-24,1134,4,1,11,2,Y,A,N,A,H,A,A,01,,12,D,,,,,D,Y,N,A,2,0,0,0,21453.0,2,35.38201141357422,-118.99102020263672,4
2018,2018-04-22,543,4,1,5,7,N,A,Y,A,H,C,A,01,N,01,C,,,,,C,Y,N,D,1,0,0,0,23152.0,2,35.36893081665039,-119.00294494628906,4
2018,2018-04-23,819,4,1,8,1,N,A,N,A,H,A,-,99,E,03,C,,,,,C,N,M,D,2,0,0,0,22350.0,2,35.35399627685547,-119.01881408691406,4
2018,2018-05-02,751,5,1,7,3,Y,A,N,A,H,A,A,07,,12,D,,,,,D,Y,N,A,2,0,0,0,22450.0,3,35.36491012573242,-118.9852294921875,4
2018,2018-05-01,920,5,1,9,2,Y,B,N,A,H,A,A,01,,12,D,,,,,C,Y,N,A,1,0,0,0,21453.0,2,35.33219909667969,-119.03006744384766,4
2018,2018-04-23,1446,4,1,14,1,N,B,N,A,H,A,A,01,N,03,C,,,,,C,N,N,D,3,0,0,0,22350.0,3,35.393070220947266,-118.96759796142578,3
2018,2018-04-27,1252,4,1,12,5,N,A,N,A,H,A,A,07,E,03,C,Y,,,,E,Y,N,D,1,1,0,0,22350.0,3,35.281368255615234,-119.01665496826172,4
2018,2018-04-20,1846,4,1,18,5,N,A,N,A,H,A,I,11,W,09,D,,,,,C,Y,N,D,3,0,0,0,21804.0,2,35.30320358276367,-119.05698394775392,2
2018,2018-04-29,1228,4,1,12,7,Y,B,N,A,H,A,A,01,,12,D,,,,,C,Y,N,A,2,0,0,0,21453.0,2,35.40753936767578,-118.967529296875,3
2018,2018-04-01,46,4,1,0,7,N,A,N,A,H,C,A,08,E,01,A,,,,,C,Y,N,D,2,0,0,0,23153.0,2,35.13692855834961,-119.43614196777344,2
2018,2018-04-22,2012,4,1,20,7,N,A,N,A,H,C,-,99,N,08,G,Y,,,,B,N,F,D,1,1,0,0,22107.0,2,35.3909797668457,-119.0105438232422,3
2018,2018-04-28,1251,4,1,12,6,N,A,N,A,H,A,A,01,E,03,C,,,,,C,Y,N,D,2,0,0,0,22350.0,2,35.3538818359375,-119.01160430908205,4
2018,2018-04-27,1330,4,1,13,5,Y,A,N,A,H,A,A,01,,10,G,Y,,,,B,N,N,A,1,1,0,0,21950.0,2,35.38673782348633,-119.01845550537108,4
2018,2018-04-28,1837,4,1,18,6,N,A,N,A,H,A,A,01,S,01,E,,,,,I,N,N,D,1,0,0,0,23152.0,1,35.3343505859375,-119.04336547851562,3
2018,2018-04-28,1854,4,1,18,6,Y,A,N,A,H,A,A,01,,12,D,,,,,D,N,N,D,3,0,0,0,22450.0,2,35.40803909301758,-118.94830322265624,4
2018,2018-04-29,602,4,1,6,7,N,A,N,A,H,A,A,01,E,01,B,,,,,E,Y,N,D,1,0,0,0,23152.0,2,35.34688949584961,-119.05899047851562,4
2018,2018-04-29,1813,4,1,18,7,Y,A,N,A,H,A,A,01,,09,D,,,,,C,N,N,D,4,0,0,0,21802.0,2,35.30329132080078,-119.0726318359375,4
2018,2018-04-29,1916,4,1,19,7,N,B,N,A,H,C,A,01,S,01,D,,,,,C,N,N,D,1,0,0,0,23152.0,2,35.33595275878906,-119.03006744384766,4
2018,2018-04-26,845,4,1,8,4,N,A,N,A,H,A,A,01,E,03,C,,,,,C,N,N,D,1,0,0,0,22350.0,2,35.35396957397461,-119.02269744873048,4
2018,2018-04-19,1533,4,1,15,4,N,A,N,A,H,A,-,99,E,08,B,,,,,C,Y,F,D,3,0,0,0,22107.0,2,35.317745208740234,-119.03148651123048,3
2018,2018-04-27,1216,4,1,12,5,N,A,N,A,H,A,A,01,W,03,C,,,,,C,N,N,A,1,0,0,0,22350.0,2,35.295928955078125,-119.04792022705078,4
2018,2018-04-27,1005,4,1,10,5,N,A,N,A,H,A,A,01,N,09,D,,,,,C,Y,N,D,4,0,0,0,21804.0,2,35.38731384277344,-119.04314422607422,4
2018,2018-04-27,1300,4,1,13,5,Y,A,N,A,H,A,-,99,,09,D,,,,,C,Y,N,D,1,0,0,0,21800.0,2,35.381961822509766,-118.98603057861328,4
2018,2018-04-27,1508,4,1,15,5,Y,A,N,A,H,A,A,01,,09,D,,,,,C,Y,N,A,2,0,0,0,21802.0,2,35.35699,-119.01892,4
2018,2018-04-30,1856,4,1,18,1,N,A,N,A,H,A,A,01,E,03,E,,,,,I,Y,N,D,1,0,0,0,22350.0,1,35.349483489990234,-119.12190246582033,3
2018,2018-04-30,2042,4,1,20,1,Y,A,N,A,H,C,A,01,,12,D,,,,,C,Y,F,A,1,0,0,0,21453.0,2,35.36856842041016,-118.98407745361328,4
2018,2018-04-02,1124,4,1,11,1,Y,A,Y,A,H,A,A,01,,09,D,,,,,C,Y,N,A,1,0,0,0,21802.0,2,35.144134521484375,-119.4626235961914,4
2018,2018-04-05,1524,4,1,15,4,N,A,Y,A,H,A,D,22,E,08,A,,,,,C,N,N,D,1,0,0,0,22100.0,2,35.13137435913086,-119.4453582763672,3
2018,2018-05-08,1052,5,1,10,2,Y,A,N,A,D,A,D,22,,09,D,,,,,C,N,N,D,1,0,0,0,21801.0,2,35.390220642089844,-118.99909973144533,4
2018,2018-05-08,1537,5,1,15,2,N,A,N,A,H,A,A,01,S,01,C,,,,,C,Y,N,D,1,0,0,0,23152.0,2,35.390079498291016,-119.01053619384766,4
2018,2018-04-12,1704,4,1,17,4,N,A,N,A,H,A,A,01,W,03,E,,,,,I,Y,N,D,1,0,0,0,22350.0,1,35.38322067260742,-118.99588775634766,3
2018,2018-04-09,1441,4,1,14,1,N,A,N,A,H,A,-,99,S,12,B,,,,,C,N,M,A,1,0,0,0,21457.0,2,35.295860290527344,-119.0566864013672,4
2018,2018-04-09,1554,4,1,15,1,Y,A,N,A,H,A,A,01,,09,D,,,,,C,Y,N,A,2,0,0,0,21802.0,2,35.343040466308594,-119.02130126953124,4
2018,2018-04-15,2044,4,1,20,7,Y,A,N,A,H,C,A,07,,12,C,,,,,D,Y,N,A,1,0,0,0,21453.0,2,35.37942123413086,-118.98018646240234,4
2018,2018-04-16,1356,4,1,13,1,Y,A,N,A,H,A,-,99,,09,D,,,,,C,Y,M,A,1,0,0,0,21802.0,2,35.36555,-119.01887,4
2018,2018-04-17,1340,4,1,13,2,Y,A,N,A,H,A,A,01,,09,D,,,,,C,Y,N,A,1,0,0,0,21802.0,2,35.39239883422852,-119.01428985595705,4
2018,2018-04-18,1536,4,1,15,3,N,A,N,A,H,A,A,01,W,03,C,,,,,C,Y,N,D,2,0,0,0,22350.0,2,35.44169998168945,-119.16032409667967,3
2018,2018-04-16,1822,4,1,18,1,Y,A,N,A,H,A,A,01,,12,D,,,,,C,Y,N,A,4,0,0,0,21453.0,2,35.3809700012207,-118.9914093017578,3
2018,2018-04-18,1749,4,1,17,3,N,A,N,A,H,A,A,01,W,03,C,,,,,C,Y,M,D,3,0,0,0,22350.0,3,35.37266540527344,-119.05258178710938,4
2018,2018-04-16,1606,4,1,16,1,N,A,N,A,H,A,A,01,W,09,D,,,,,C,Y,N,D,4,0,0,0,21804.0,2,35.33219146728516,-119.0145263671875,2
2018,2018-04-16,1607,4,1,16,1,Y,B,N,A,H,A,N,60,,11,G,Y,,,,B,N,N,D,1,1,0,0,21954.0,2,35.40401840209961,-118.91755676269533,3
2018,2018-04-13,549,4,1,5,5,N,A,N,A,H,D,N,60,E,11,G,Y,,,,B,N,N,D,1,1,0,0,21954.0,2,35.3686637878418,-119.03126525878906,2
2018,2018-04-15,1126,4,1,11,7,Y,B,N,A,H,A,A,01,,09,D,,,,,C,Y,N,A,2,0,0,0,21801.0,2,35.31774139404297,-119.01631927490234,4
2018,2018-04-13,2243,4,1,22,5,N,A,N,A,H,C,-,99,N,03,C,,,,,C,N,M,D,1,0,0,0,22350.0,2,35.36164474487305,-119.1455307006836,4
2018,2018-04-15,900,4,1,9,7,N,A,N,A,H,A,L,04,E,05,H,,Y,,,G,N,M,A,1,0,1,0,21650.0,2,35.2959098815918,-119.05570220947266,4
2018,2018-04-16,1518,4,1,15,1,Y,A,N,A,H,A,A,08,,01,D,,,,,C,Y,N,A,1,0,0,0,23153.0,2,35.61524963378906,-117.67900848388672,3
2018,2018-04-01,1019,4,1,10,7,Y,A,N,A,H,A,C,02,,09,D,,,Y,,C,N,N,D,1,0,0,1,21804.0,2,35.60803985595703,-117.66124725341795,3
2018,2018-03-28,1541,3,1,15,3,Y,A,N,A,H,A,-,,,12,D,,,,,C,Y,F,D,1,0,0,0,22450.0,2,35.194488525390625,-118.83303833007812,3
2018,2018-03-23,2107,3,1,21,5,Y,A,N,A,H,C,A,01,,03,D,,,,,C,Y,N,D,1,0,0,0,22350.0,2,35.3828010559082,-118.99916076660156,4
2018,2018-03-03,211,3,1,2,6,Y,C,N,B,H,C,A,01,,12,D,,,,,C,Y,N,A,2,0,0,0,21453.0,2,35.41250991821289,-119.09233856201172,2
2018,2018-01-18,1510,1,4,15,4,-,A,N,A,H,A,L,04,,07,A,,Y,,,G,N,N,D,1,0,1,0,21658.0,2,35.209139,-118.831309,2
2018,2018-04-23,1527,4,1,15,1,N,A,N,A,H,A,N,60,S,11,G,Y,,,,B,N,N,D,1,1,0,0,21954.0,2,35.20094680786133,-118.84210205078124,3
2018,2018-03-29,1700,3,1,17,4,N,A,N,A,H,A,C,06,W,12,D,,,Y,,C,Y,N,A,1,0,0,1,22450.0,2,35.60803985595703,-117.66129302978516,3
2018,2018-03-31,450,3,1,4,6,Y,A,N,A,H,C,A,01,,12,B,,,,,C,Y,N,A,2,0,0,0,21453.0,2,35.49980163574219,-119.1701889038086,2
2018,2018-04-05,1202,4,1,12,4,N,A,N,A,H,A,A,01,E,01,H,,,,,A,Y,N,D,1,0,0,0,23152.0,1,35.12549591064453,-118.0785903930664,3
2018,2018-04-07,1413,4,1,14,6,Y,B,N,B,H,A,A,01,,12,D,,,,,C,Y,N,A,4,0,0,0,21453.0,2,35.348819732666016,-119.12738037109376,3
2018,2018-04-13,2235,4,1,22,5,N,A,N,A,H,C,A,01,W,00,G,Y,,,,B,N,F,D,1,1,0,0,20001.0,2,,,2
2018,2018-04-22,1344,4,1,13,7,Y,A,N,A,H,A,D,22,,03,D,,,,,C,Y,N,A,2,0,0,0,22350.0,2,35.499858856201165,-119.28275299072266,3
2018,2018-04-25,930,4,1,9,3,N,A,N,A,H,A,A,01,E,21,G,Y,,,,B,N,F,D,1,1,0,0,22106.0,2,35.510738372802734,-119.2747802734375,3
2018,2018-04-05,625,4,1,6,4,Y,A,Y,A,H,A,D,22,,12,D,,,,,C,Y,N,A,1,0,0,0,21453.0,2,35.39653778076172,-118.94734191894533,3
2018,2018-04-10,203,4,1,2,2,N,A,N,A,H,C,A,01,E,08,E,,,,,I,Y,N,A,2,0,0,0,22107.0,1,35.355403900146484,-119.17557525634766,4
2018,2018-04-07,850,4,1,8,6,Y,B,N,A,H,A,A,07,,12,D,,,,,C,Y,N,A,1,0,0,0,21453.0,2,35.38351058959961,-119.09227752685548,4
2018,2018-04-12,203,4,1,2,4,Y,A,Y,A,H,C,A,01,,12,D,,,,Y,C,Y,M,D,1,0,0,0,21453.0,2,35.29343032836914,-119.02974700927734,3
2018,2018-05-01,1131,5,1,11,2,N,A,N,A,H,A,A,01,E,03,C,,,,,C,N,N,D,1,0,0,0,22350.0,2,35.36854553222656,-119.01165008544922,4
2018,2018-05-03,1240,5,1,12,4,Y,A,N,A,H,A,A,01,,12,D,,,,,C,Y,N,A,1,0,0,0,21453.0,2,35.29595947265625,-119.02720642089844,4
2018,2018-05-03,1437,5,1,14,4,N,A,N,A,H,A,A,01,S,01,A,,,,,C,Y,N,D,5,0,0,0,23152.0,2,35.351905822753906,-119.01184844970705,3
2018,2018-05-05,2110,5,1,21,6,N,A,Y,A,H,A,N,60,W,11,G,Y,,,,B,N,F,D,1,1,0,0,21954.0,2,35.05531692504883,-118.96729278564452,2
2018,2018-05-08,1627,5,1,16,2,Y,A,Y,A,H,A,D,22,S,09,D,,,,,C,N,N,A,1,0,0,0,21453.0,2,35.31987380981445,-119.03695678710938,4
2018,2018-05-08,1415,5,1,14,2,N,A,N,A,H,A,D,22,S,03,C,,,,,C,Y,N,D,4,0,0,0,22350.0,2,35.38529586791992,-119.04315185546876,3
2018,2018-05-28,1536,5,1,15,1,Y,A,Y,A,H,A,-,- ,,12,D,,,,,C,Y,N,A,1,0,0,0,21453.0,2,35.35238265991211,-119.01660919189452,4
2018,2018-05-28,904,5,1,9,1,N,A,N,A,H,A,L,04,E,01,E,,Y,,,I,N,N,D,1,0,1,0,21200.0,1,35.354244232177734,-119.04705047607422,3
2018,2018-05-14,1116,5,1,11,1,Y,A,N,A,H,A,D,22,,12,D,,,,,C,Y,N,A,2,0,0,0,21453.0,2,35.323421478271484,-119.12802886962892,4
2018,2018-05-09,2332,5,1,23,3,Y,A,N,A,H,C,A,07,,01,D,,,,,D,Y,N,A,2,0,0,0,23152.0,2,35.401641845703125,-119.09233856201172,4
2018,2018-05-14,237,5,1,2,1,N,A,N,A,H,C,N,60,W,11,G,Y,,,,B,N,N,D,1,1,0,0,21954.0,2,35.3974609375,-119.00277709960938,3
2018,2018-05-14,29,5,1,0,1,N,A,N,A,H,C,A,01,E,08,A,,,,,E,Y,N,D,1,0,0,0,22107.0,3,35.387210845947266,-118.9936065673828,4
2018,2018-05-16,1159,5,1,11,3,Y,A,N,A,H,A,-,99,,09,D,,,,,C,Y,M,A,1,0,0,0,21802.0,2,35.36738967895508,-119.0016632080078,4
2018,2018-05-17,1139,5,1,11,4,N,A,N,A,H,A,A,01,N,15,G,Y,,,,B,N,N,D,2,1,0,0,26451.0,2,35.40156936645508,-119.01061248779295,3
2018,2018-05-17,1445,5,1,14,4,N,A,N,A,H,A,A,01,E,08,H,,Y,,,G,N,F,D,1,0,1,0,22107.0,2,35.353885650634766,-119.03861236572266,3
2018,2018-05-18,657,5,1,6,5,Y,A,N,A,H,A,A,07,,12,D,,,,,C,N,N,A,1,0,0,0,21453.0,2,35.31816864013672,-119.05677795410156,4
2018,2018-05-04,933,5,1,9,5,Y,A,N,A,H,A,A,01,,09,D,,,Y,,C,N,N,D,1,0,0,1,21804.0,2,35.39432,-119.01881,4
2018,2018-05-07,1159,5,1,11,1,N,A,N,A,H,A,L,04,E,05,D,,Y,,,G,N,N,D,1,0,1,0,21650.0,2,35.374298095703125,-119.01288604736328,3
2018,2018-05-08,1434,5,1,14,2,N,A,N,A,H,A,A,01,W,03,C,,,,,C,N,M,D,1,0,0,0,22350.0,2,35.3543701171875,-119.07467651367188,4
2018,2018-05-09,2025,5,1,20,3,Y,A,N,A,H,C,C,02,,03,C,,,Y,,C,N,N,D,2,0,0,1,22350.0,2,35.36574172973633,-119.05370330810548,3
2018,2018-05-09,1800,5,1,18,3,N,A,N,A,H,A,-,99,E,08,B,,,,,C,N,M,D,1,0,0,0,22107.0,2,35.339454650878906,-119.01816558837892,4
2018,2018-05-09,700,5,1,7,3,Y,A,N,A,H,A,L,04,,09,H,,Y,,,G,N,N,A,1,0,1,0,21802.0,2,35.39936065673828,-118.9763412475586,3
2018,2018-05-08,1719,5,1,17,2,N,A,N,A,H,A,A,01,S,03,C,,,,,C,Y,N,D,2,0,0,0,22350.0,2,35.37500762939453,-119.00291442871094,4
2018,2018-05-06,830,5,1,8,7,Y,A,N,A,H,A,A,01,,01,D,,,,,E,Y,N,A,3,0,0,0,23153.0,2,35.49987030029297,-119.2605209350586,2
2018,2018-05-06,1434,5,1,14,7,N,A,N,A,H,A,A,01,W,03,C,,,,,C,N,M,D,1,0,0,0,22350.0,4,35.31039810180664,-119.01201629638672,4
2018,2018-04-23,1743,4,1,17,1,Y,A,N,A,H,A,A,07,,09,A,,,,,C,N,N,D,1,0,0,0,21801.0,2,35.49256134033203,-119.27397918701172,3
2018,2018-04-23,1244,4,1,12,1,Y,A,N,A,H,A,A,01,,05,D,,,,,C,N,N,D,2,0,0,0,21651.0,2,35.499609,-119.153237,2
2018,2018-05-12,1834,5,1,18,6,Y,A,N,A,H,A,D,22,,08,D,,,,,C,Y,N,D,2,0,0,0,22107.0,2,35.354209899902344,-119.0415496826172,3
2018,2018-05-11,1535,5,1,15,5,Y,A,N,A,H,A,D,22,,09,D,,,,,C,Y,N,D,1,0,0,0,21804.0,2,35.31412124633789,-119.05677032470705,4
2018,2018-04-28,2047,4,1,20,6,Y,A,N,A,H,C,D,22,,09,D,,,,,C,Y,N,A,3,0,0,0,21802.0,3,35.288761138916016,-119.0566864013672,4