ACCIDENT_YEAR,COLLISION_DATE,COLLISION_TIME,MONTH,SEASON,24HOURS,DAY_OF_WEEK,INTERSECTION,WEATHER_1,STATE_HWY_IND,ROAD_SURFACE,ROAD_COND_1,LIGHTING,STWD_VEHTYPE_AT_FAULT,CHP_VEHTYPE_AT_FAULT,DIRECTION,PCF_VIOL_CATEGORY,TYPE_OF_COLLISION,PEDESTRIAN_ACCIDENT,BICYCLE_ACCIDENT,MOTORCYCLE_ACCIDENT,TRUCK_ACCIDENT,MVIW,TOW_AWAY,HIT_AND_RUN,CONTROL_DEVICE,NUMBER_INJURED,COUNT_PED_INJURED,COUNT_BICYCLIST_INJURED,COUNT_MC_INJURED,PCF_VIOLATION,PARTY_COUNT,POINT_Y,POINT_X,COLLISION_SEVERITY
2019,2019-01-14,1133,1,4,11,1,Y,B,N,B,H,A,A,01,,12,D,,,,Y,C,Y,N,A,1,0,0,0,21453.0,2,35.49980926513672,-119.17903137207033,3
2019,2019-01-01,2311,1,4,23,2,N,A,N,A,H,C,D,22,S,08,E,,,,,I,Y,N,D,1,0,0,0,22107.0,1,35.32326889038086,-119.0922622680664,2
2019,2019-01-17,1836,1,4,18,4,N,B,N,B,H,C,N,60,E,11,G,Y,,,,B,N,N,D,1,1,0,0,21954.0,2,35.3636589050293,-119.0211181640625,4
2019,2019-01-21,1806,1,4,18,1,N,A,N,A,H,C,N,60,E,11,G,Y,,,,B,N,N,A,1,1,0,0,21954.0,2,35.373191833496094,-118.9974365234375,4
2019,2019-01-22,1215,1,4,12,2,N,A,N,A,H,A,L,04,N,05,H,,Y,,,G,N,N,A,1,0,1,0,21650.0,2,35.36062240600586,-119.00298309326172,4
2019,2019-01-22,1356,1,4,13,2,N,A,N,A,H,A,L,04,E,09,H,,Y,,,G,N,N,A,1,0,1,0,21804.0,2,35.31037902832031,-119.0207061767578,3
2019,2019-01-14,1548,1,4,15,1,Y,B,N,B,H,A,D,22,,09,D,,,,,C,N,N,A,1,0,0,0,21800.0,2,35.62617874145508,-117.67884063720705,4
2019,2019-01-07,2047,1,4,20,1,Y,A,N,A,H,C,A,01,,10,G,Y,,,,B,N,F,A,1,1,0,0,21950.0,2,35.62250900268555,-117.67887878417967,4
2018,2018-12-07,1736,12,4,17,5,N,A,N,A,H,D,-,99,S,10,G,Y,,,,B,N,F,D,1,1,0,0,21950.0,2,35.62842559814453,-117.6647491455078,2
2019,2019-01-18,1053,1,4,10,5,Y,B,N,A,H,A,L,04,,12,H,,Y,,,G,N,N,A,1,0,1,0,21453.0,2,35.373409271240234,-119.01412200927734,3
2019,2019-01-12,2055,1,4,20,6,N,A,N,A,H,C,A,01,S,01,E,,,,,I,Y,N,D,1,0,0,0,23152.0,1,35.31403732299805,-119.11878204345705,3
2019,2019-01-11,1458,1,4,14,5,N,A,N,A,H,A,A,01,N,03,C,,,,,C,Y,N,D,1,0,0,0,22350.0,2,35.399761199951165,-118.9763412475586,4
2019,2019-01-08,1132,1,4,11,2,N,A,N,A,H,A,A,07,E,03,C,,,,,C,N,N,D,1,0,0,0,22350.0,2,35.383975982666016,-119.00263214111328,4
2019,2019-01-10,2149,1,4,21,4,N,A,N,A,H,C,C,03,W,01,E,,,Y,,I,Y,N,A,1,0,0,1,23152.0,1,35.36402893066406,-119.0212860107422,4
2019,2019-01-20,1742,1,4,17,7,Y,B,N,A,H,C,A,07,,01,D,,,,,C,Y,N,A,1,0,0,0,23152.0,2,35.354000091552734,-119.01892852783205,3
2019,2019-01-14,933,1,4,9,1,Y,B,N,A,H,A,A,01,,09,A,,,,,C,Y,N,B,2,0,0,0,21800.0,2,35.3542594909668,-119.07565307617188,4
2019,2019-01-15,803,1,4,8,2,Y,A,N,A,H,A,-,- ,,12,D,,,,,C,Y,N,A,1,0,0,0,21453.0,2,35.33226013183594,-119.04782104492188,4
2019,2019-01-17,417,1,4,4,4,N,C,N,B,H,C,A,01,E,08,C,,,,,E,N,N,D,1,0,0,0,22107.0,2,35.33951568603516,-119.02922821044922,4
2019,2019-01-17,2140,1,4,21,4,N,A,N,B,H,C,-,99,W,03,C,,,,,C,Y,M,A,2,0,0,0,22350.0,2,35.34701919555664,-118.94087982177734,4
2019,2019-01-19,1142,1,4,11,6,N,A,N,A,H,A,C,02,W,08,B,,,Y,,C,Y,N,D,1,0,0,1,22107.0,2,35.3177490234375,-119.03346252441406,3
2019,2019-01-19,1445,1,4,14,6,Y,A,N,A,H,A,A,01,,12,D,,,,,C,Y,N,A,1,0,0,0,21453.0,2,35.31779098510742,-119.03909301757812,4
2019,2019-01-12,1257,1,4,12,6,Y,C,Y,B,H,A,A,01,,03,C,,,,,C,N,N,A,1,0,0,0,22350.0,2,35.651615142822266,-117.67884063720705,3
2019,2019-02-04,505,2,4,5,1,N,A,N,B,H,D,D,22,W,08,E,,,,,I,Y,N,D,1,0,0,0,22107.0,3,35.310420989990234,-118.99024200439452,3
2019,2019-02-07,16,2,4,0,4,Y,A,N,A,H,C,A,07,,12,D,,,,,C,Y,M,A,1,0,0,0,22450.0,2,35.38692855834961,-118.98760223388672,4
2019,2019-02-02,619,2,4,6,6,Y,B,N,A,H,B,D,22,,12,D,,,,,C,Y,M,B,1,0,0,0,22450.0,2,35.29589080810547,-119.0031509399414,3
2019,2019-01-26,38,1,4,0,6,Y,A,N,A,H,C,A,01,,01,D,,,,,C,Y,N,A,1,0,0,0,23152.0,2,35.32490158081055,-119.00935363769533,4
2019,2019-01-30,1254,1,4,12,3,N,A,N,A,H,A,A,01,W,08,A,,,,,C,N,N,D,1,0,0,0,22102.0,2,35.30103302001953,-119.03627777099608,4
2019,2019-01-30,1206,1,4,12,3,Y,A,N,A,H,A,A,01,,12,D,,,,,C,Y,N,A,1,0,0,0,21453.0,2,35.38051986694336,-119.09230041503906,4
2019,2019-01-24,1617,1,4,16,4,Y,A,N,A,H,A,-,99,,09,D,Y,,,,C,N,N,A,1,1,0,0,21802.0,3,35.36555099487305,-119.01886749267578,2
2019,2019-01-22,750,1,4,7,2,N,A,N,A,H,A,A,07,E,03,C,,,,,C,Y,N,D,1,0,0,0,22350.0,3,35.4099006652832,-118.97928619384766,3
2019,2019-01-31,1539,1,4,15,4,N,A,N,A,H,A,-,99,N,03,C,,,,,C,N,M,A,5,0,0,0,22350.0,2,35.36874008178711,-118.97635650634766,4
2019,2019-01-31,848,1,4,8,4,N,C,N,B,H,A,-,99,E,17,C,,,,,C,N,N,D,1,0,0,0,22109.0,2,35.38295364379883,-118.99726104736328,4
2019,2019-02-10,1343,2,4,13,7,N,D,N,C,G,A,-,,E,03,A,,,,,C,N,N,-,2,0,0,0,22350.0,2,35.171627044677734,-118.62500762939452,3
2019,2019-02-04,847,2,4,8,1,N,B,N,B,H,A,N,60,N,11,G,Y,,,,B,N,N,A,1,1,0,0,21456.0,2,35.32509994506836,-119.05677795410156,4
2019,2019-02-04,2036,2,4,20,1,N,B,N,B,H,D,N,60,W,11,G,Y,,,,B,N,N,A,1,1,0,0,21950.0,2,35.39051818847656,-119.0128936767578,3
2019,2019-02-02,152,2,4,1,6,N,A,N,A,H,C,A,01,W,08,C,,,,,E,Y,N,D,2,0,0,0,22107.0,3,35.37813186645508,-119.02594757080078,4
2019,2019-02-02,1642,2,4,16,6,N,A,N,A,H,A,-,99,W,03,C,,,,,C,N,M,D,1,0,0,0,22350.0,2,35.38741683959961,-119.01885223388672,4
2019,2019-02-03,2001,2,4,20,7,Y,B,N,B,H,D,D,22,,01,D,,,,,C,Y,N,A,1,0,0,0,23152.0,2,35.310420989990234,-118.98541259765624,3
2019,2019-02-05,808,2,4,8,2,Y,A,N,A,H,A,A,01,,12,D,,,,,C,Y,N,A,2,0,0,0,21453.0,2,35.33230972290039,-119.05567932128906,4
2019,2019-02-04,1942,2,4,19,1,N,A,N,A,H,C,A,01,W,03,E,,,,,I,N,N,D,1,0,0,0,22350.0,1,35.30672836303711,-119.02835845947266,4
2019,2019-02-04,1045,2,4,10,1,N,A,N,A,H,A,A,01,W,07,B,,,,,C,N,N,D,1,0,0,0,21658.0,2,35.3722038269043,-119.05442810058594,4
2019,2019-02-04,741,2,4,7,1,N,C,N,B,H,A,A,01,W,03,C,,,,,C,N,N,A,1,0,0,0,22350.0,2,35.37342071533203,-119.02358245849608,4
2019,2019-01-28,719,1,4,7,1,Y,A,N,A,H,A,L,04,,12,H,,Y,,,G,N,N,A,1,0,1,0,21453.0,2,35.2813606262207,-119.01188659667967,3
2018,2018-12-10,1649,12,4,16,1,Y,A,N,A,H,B,A,01,,09,A,,,,,C,N,N,A,2,0,0,0,21801.0,2,35.37527084350586,-119.01641845703124,4
2019,2019-01-30,756,1,4,7,3,Y,B,Y,A,H,A,A,01,,09,D,,,,,C,N,N,A,1,0,0,0,21802.0,2,35.50738906860352,-119.2795867919922,4
2019,2019-01-25,1825,1,4,18,5,N,A,Y,A,H,C,-,- ,W,18,E,,,,,I,Y,N,A,1,0,0,0,,2,35.62256622314453,-117.66189575195312,4
2019,2019-02-09,2351,2,4,23,6,N,A,Y,A,H,C,A,01,W,01,C,,,,,C,Y,N,A,1,0,0,0,23152.0,3,35.38214111328125,-119.04132080078124,4
2019,2019-01-29,2046,1,4,20,2,N,A,N,A,H,C,A,01,S,08,H,,Y,,,G,N,F,D,1,0,1,0,22107.0,2,35.3684196472168,-119.09233856201172,2
2019,2019-01-20,1209,1,4,12,7,Y,A,N,A,H,A,A,01,,03,C,,,,,C,N,N,A,1,0,0,0,22350.0,2,35.637161254882805,-117.6787338256836,4
2019,2019-01-20,1406,1,4,14,7,Y,A,N,A,H,A,C,02,,03,E,,,Y,,J,N,N,D,1,0,0,1,22350.0,2,35.61888885498047,-117.68782806396484,3
2019,2019-02-10,422,2,4,4,7,N,A,N,A,H,C,-,- ,W,12,D,,,,,C,Y,N,A,1,0,0,0,21453.0,2,35.38356018066406,-119.10415649414062,4
2019,2019-02-14,2052,2,4,20,4,N,A,N,A,H,C,A,07,W,01,C,,,,,C,Y,M,A,1,0,0,0,23152.0,3,35.383541107177734,-119.11020660400392,4
2019,2019-02-04,1838,2,4,18,1,Y,B,N,A,H,C,-,- ,,12,D,,,,,C,Y,N,A,1,0,0,0,21453.0,2,35.368709564208984,-119.03878021240234,4
2019,2019-02-12,1339,2,4,13,2,Y,B,N,A,H,A,A,07,,12,D,,,,Y,C,Y,N,A,1,0,0,0,21453.0,3,35.339439392089844,-119.02130889892578,4
2019,2019-02-13,1802,2,4,18,3,Y,B,N,A,H,C,D,22,,17,D,,,,,C,N,M,A,1,0,0,0,21451.0,2,35.360801696777344,-119.01891326904295,4
2019,2019-01-05,2050,1,4,20,6,Y,A,N,B,H,C,N,60,,11,G,Y,,,,B,N,N,A,1,1,0,0,21950.0,2,35.335540771484375,-119.07972717285156,3
2019,2019-02-07,756,2,4,7,4,N,A,N,A,H,A,-,- ,E,08,B,,,,,C,Y,N,A,1,0,0,0,22107.0,2,35.2813606262207,-119.00918579101562,4
2019,2019-02-07,821,2,4,8,4,N,A,N,A,H,A,A,07,E,03,C,,,,,C,Y,N,A,1,0,0,0,22350.0,2,35.317729949951165,-119.02833557128906,4
2019,2019-02-09,2333,2,4,23,6,Y,A,N,A,H,C,D,22,,01,D,,,,,C,Y,N,A,3,0,0,0,23152.0,2,35.30311965942383,-119.02130126953124,3
2019,2019-01-26,1538,1,4,15,6,Y,A,N,A,H,A,A,07,,12,D,,,,,C,Y,N,A,5,0,0,0,21453.0,2,35.33641052246094,-119.06598663330078,4
2019,2019-01-15,744,1,4,7,2,Y,A,N,A,H,A,A,01,,09,D,,,,,C,Y,N,D,1,0,0,0,21804.0,3,35.50210189819336,-119.27351379394533,4
2019,2019-01-25,2500,1,4,25,5,N,A,N,A,H,C,A,01,S,21,H,,Y,,,G,N,N,D,1,0,1,0,22106.0,2,35.61872100830078,-117.65223693847656,3
2018,2018-12-11,1930,12,4,19,2,Y,A,N,A,H,C,A,07,,09,A,,,,,C,N,N,D,1,0,0,0,21801.0,2,35.1945686340332,-118.82523345947266,3
2019,2019-02-11,1824,2,4,18,1,N,A,N,A,H,C,A,01,E,03,C,,,,,C,N,N,D,2,0,0,0,22350.0,2,35.317729949951165,-119.02791595458984,4
2019,2019-02-08,1842,2,4,18,5,N,A,N,A,H,C,-,99,W,03,C,,,,,C,N,M,A,2,0,0,0,22350.0,2,35.29587936401367,-119.02171325683594,4
2019,2019-02-08,2005,2,4,20,5,N,A,N,A,H,D,N,60,E,11,G,Y,,,,B,Y,N,D,1,1,0,0,21955.0,2,35.38095474243164,-118.99134063720705,2
2019,2019-02-07,1303,2,4,13,4,Y,A,N,A,H,A,-,- ,,12,D,,,,,C,Y,N,A,3,0,0,0,21453.0,2,35.360801696777344,-119.01891326904295,4
2019,2019-02-06,1149,2,4,11,3,Y,A,N,A,H,A,A,01,,09,D,,,,,C,Y,N,A,2,0,0,0,21453.0,3,35.398170471191406,-119.11002349853516,4
2019,2019-02-07,740,2,4,7,4,N,A,N,A,H,A,-,99,N,10,G,Y,,,,B,N,M,A,1,1,0,0,21950.0,2,35.33977127075195,-119.08980560302734,4
2019,2019-02-13,1923,2,4,19,3,Y,A,N,A,B,D,A,01,,09,D,,,,,C,Y,N,D,1,0,0,0,21802.0,2,35.310420989990234,-118.98541259765624,4
2019,2019-02-12,1938,2,4,19,2,Y,A,N,A,H,C,A,01,,09,D,,,,,C,N,N,A,1,0,0,0,21802.0,2,35.281368255615234,-119.0346908569336,4
2019,2019-01-26,830,1,4,8,6,N,A,N,A,H,D,A,01,W,08,G,Y,,,,B,N,F,D,1,1,0,0,22107.0,3,35.4022331237793,-118.97642517089844,4
2019,2019-02-12,1341,2,4,13,2,Y,A,N,A,H,A,A,01,,09,D,,,,,C,Y,N,A,2,0,0,0,21802.0,2,35.39796829223633,-119.13414764404295,4
2019,2019-02-06,1748,2,4,17,3,Y,B,N,A,H,C,A,01,,17,D,,,,,C,N,N,A,2,0,0,0,21451.0,2,35.37527084350586,-119.01889038085938,4
2019,2019-02-06,1746,2,4,17,3,N,A,N,A,H,B,L,04,E,17,D,,Y,,,G,Y,N,D,1,0,1,0,21208.0,2,35.644390106201165,-117.69106292724608,3
2019,2019-01-14,1415,1,4,14,1,N,A,Y,A,A,A,A,07,W,09,B,,,,,C,N,N,D,1,0,0,0,21804.0,2,35.14518356323242,-119.46601104736328,4
2019,2019-02-03,2038,2,4,20,7,Y,A,N,A,H,C,A,01,,01,C,,,,,E,Y,N,D,1,0,0,0,23153.0,2,35.615211486816406,-117.68955993652344,2
2019,2019-02-15,1845,2,4,18,5,N,B,N,A,H,C,D,22,W,03,C,,,,,C,N,N,D,1,0,0,0,22350.0,2,35.31827926635742,-119.07512664794922,4
2019,2019-02-20,2237,2,4,22,3,N,C,N,B,H,C,N,60,S,11,G,Y,,,,B,N,N,D,1,1,0,0,21954.0,2,35.401649475097656,-119.11000823974608,2
2019,2019-02-14,932,2,4,9,4,N,B,N,B,H,A,D,22,E,08,D,,,,,C,Y,M,D,1,0,0,0,22107.0,2,35.360748291015625,-119.00431823730467,4
2019,2019-02-15,1823,2,4,18,5,N,C,N,B,H,C,A,01,E,03,C,,,,,C,Y,N,D,2,0,0,0,22350.0,2,35.3394889831543,-119.0090103149414,4
2019,2019-02-15,1906,2,4,19,5,N,B,N,B,H,C,D,22,S,10,G,Y,,,,B,N,N,A,1,1,0,0,21950.0,2,35.3975715637207,-118.96759033203124,4
2019,2019-01-08,1350,1,4,13,2,-,A,N,A,H,A,-,,,12,D,,,,,C,N,N,A,2,0,0,0,22450.0,2,,,3
2019,2019-01-23,1007,1,4,10,3,N,A,N,A,H,A,A,01,N,08,E,,,,,I,Y,N,D,2,0,0,0,22107.0,1,35.29926681518555,-119.04779815673828,2
2019,2019-02-10,1105,2,4,11,7,N,C,N,B,H,A,A,01,N,08,B,,,,,C,N,N,A,1,0,0,0,22107.0,2,35.35661315917969,-119.06124114990234,4
2019,2019-02-15,1200,2,4,12,5,N,C,N,B,H,A,A,01,S,09,D,,,,,C,Y,N,A,1,0,0,0,21804.0,2,35.35702896118164,-119.09233856201172,3
2019,2019-02-17,347,2,4,3,7,Y,B,N,B,H,C,A,01,,01,C,,,,,C,Y,N,A,1,0,0,0,23152.0,2,35.36132049560547,-119.04342651367188,4
2019,2019-02-17,1431,2,4,14,7,Y,B,N,B,H,A,A,01,,09,D,,,,,C,N,M,A,1,0,0,0,21801.0,2,35.32345962524414,-119.02133178710938,4
2019,2019-02-18,2152,2,4,21,1,N,A,N,A,H,C,N,60,S,11,G,Y,,,,B,N,N,A,1,1,0,0,21955.0,2,35.39045715332031,-119.0105438232422,3
2019,2019-02-17,1658,2,4,16,7,Y,B,N,B,H,A,A,08,,01,D,,,,,C,Y,N,A,2,0,0,0,23152.0,2,35.37321090698242,-119.00089263916016,3
2019,2019-02-18,2118,2,4,21,1,Y,A,N,A,H,C,A,01,,09,D,,,,,C,Y,N,A,1,0,0,0,21453.0,2,,,4
2019,2019-02-18,1403,2,4,14,1,Y,B,N,A,H,A,A,01,,09,D,,,,,C,N,N,A,1,0,0,0,21804.0,2,35.318241119384766,-119.06910705566406,3
2019,2019-02-17,1816,2,4,18,7,Y,B,N,A,H,C,A,01,,09,C,,,,,C,Y,N,A,1,0,0,0,21802.0,2,35.39812088012695,-119.01426696777344,4
2019,2019-02-09,2047,2,4,20,6,Y,A,N,A,H,C,D,22,,17,A,,,,,C,Y,N,A,2,0,0,0,21451.0,2,35.36077880859375,-119.01186370849608,4
2019,2019-02-14,803,2,4,8,4,N,B,N,B,H,A,-,99,E,03,C,,,,,C,N,M,A,1,0,0,0,22350.0,2,35.354351043701165,-119.10408020019533,4
2019,2019-02-11,745,2,4,7,1,Y,A,N,A,H,A,A,07,,17,B,,,,,C,Y,N,A,1,0,0,0,21451.0,2,35.37813949584961,-119.02117919921876,4
2019,2019-02-05,1507,2,4,15,2,Y,B,N,A,H,A,A,01,,10,G,Y,,,,B,Y,N,A,1,1,0,0,21950.0,2,35.360801696777344,-119.01891326904295,4
2018,2018-10-29,1520,10,3,15,1,N,A,N,A,H,A,A,01,S,09,D,,,,,C,Y,N,D,1,0,0,0,21804.0,2,35.51008987426758,-119.27820587158205,1
2019,2019-07-17,1329,7,2,13,3,Y,A,N,A,H,A,A,01,,08,D,,,,,C,Y,N,D,1,0,0,0,22107.0,2,35.125728607177734,-118.00582885742188,1
2019,2019-05-31,422,5,1,4,5,N,A,N,A,H,D,D,22,S,01,E,,,,,I,Y,N,D,0,0,0,0,23152.0,1,35.46553421020508,-119.22830963134766,1
2019,2019-02-27,805,2,4,8,3,N,B,N,B,H,A,A,01,S,08,C,,,,,E,Y,N,B,1,0,0,0,22107.0,2,35.1470947265625,-119.45201873779295,3
2019,2019-02-28,700,2,4,7,4,Y,A,N,A,H,A,A,01,,09,B,,,,,C,N,N,D,1,0,0,0,21804.0,2,35.15520095825195,-118.59374237060548,4
2019,2019-01-23,1637,1,4,16,3,Y,A,N,A,H,A,A,01,,09,D,,,,,C,N,N,A,1,0,0,0,21802.0,2,35.376258850097656,-119.02584075927734,4
2019,2019-02-25,1328,2,4,13,1,N,A,N,A,H,A,A,01,N,03,C,,,,,C,N,N,A,1,0,0,0,22350.0,2,35.39825820922852,-119.11891174316406,4
2019,2019-02-26,1627,2,4,16,2,N,A,N,A,H,A,D,22,W,03,C,,,,,C,N,N,D,3,0,0,0,22350.0,3,35.33230209350586,-119.0565185546875,3
2019,2019-02-27,1109,2,4,11,3,N,B,N,A,H,A,A,01,W,09,D,,,,,C,Y,N,D,2,0,0,0,21804.0,2,35.3922119140625,-118.95347595214844,4
2019,2019-02-24,1349,2,4,13,7,N,A,N,A,H,A,A,07,E,07,B,,,,,C,Y,N,D,3,0,0,0,21658.0,4,35.295928955078125,-119.04708862304688,4
2019,2019-02-22,1130,2,4,11,5,N,A,N,A,H,A,A,01,S,09,D,,,Y,,C,Y,N,D,1,0,0,1,21804.0,2,35.31173324584961,-119.0566864013672,4
2019,2019-02-08,1718,2,4,17,5,Y,A,N,A,H,B,A,01,,09,D,,,,,C,Y,N,A,1,0,0,0,21453.0,2,35.30345153808594,-119.11000061035156,4
2019,2019-02-26,704,2,4,7,2,Y,A,N,A,H,A,A,01,,09,D,,,,,C,Y,N,A,1,0,0,0,21802.0,2,35.303428649902344,-119.10334777832033,4
2019,2019-02-25,717,2,4,7,1,Y,A,N,A,H,A,A,01,,12,D,Y,,,,C,Y,N,A,1,1,0,0,21453.0,3,35.36854934692383,-119.01181793212892,3
2019,2019-02-24,1830,2,4,18,7,Y,A,N,A,H,C,A,01,,09,D,,,,,C,Y,N,A,1,0,0,0,21800.0,2,35.33218002319336,-119.0175323486328,4
2019,2019-02-24,1054,2,4,10,7,N,A,N,A,H,A,A,01,W,09,D,,,,,C,Y,N,D,2,0,0,0,21804.0,2,35.3394889831543,-119.00523376464844,4
2019,2019-02-23,5,2,4,0,6,N,A,N,A,H,D,A,01,E,03,C,,,,,C,N,N,D,1,0,0,0,22350.0,2,35.36993408203125,-119.05816650390624,4
2019,2019-02-20,1859,2,4,18,3,N,B,N,B,H,C,A,01,W,01,C,,,,,C,N,N,D,1,0,0,0,23152.0,3,35.381160736083984,-119.03856658935548,4
2019,2019-02-19,849,2,4,8,2,Y,A,N,A,H,A,A,01,,09,D,,,,,C,Y,N,A,1,0,0,0,21453.0,2,35.37528991699219,-119.02120208740234,4
2019,2019-02-22,2053,2,4,20,5,N,A,N,A,H,D,N,60,W,11,G,Y,,,,B,N,N,D,1,1,0,0,21954.0,2,35.380069732666016,-119.02597808837892,4
2019,2019-02-22,1820,2,4,18,5,Y,A,N,A,H,C,A,01,,09,A,,,,,C,Y,N,D,2,0,0,0,21801.0,2,35.32686996459961,-119.05677795410156,4
2019,2019-02-21,2043,2,4,20,4,Y,A,N,A,H,C,A,01,,12,D,,,,,C,Y,N,A,2,0,0,0,21453.0,2,35.36503982543945,-119.11463928222656,4
2019,2019-02-21,1210,2,4,12,4,Y,B,N,B,H,A,A,08,,09,D,,,,,C,Y,N,A,1,0,0,0,21802.0,2,35.37583923339844,-118.99324798583984,4
2019,2019-02-20,2205,2,4,22,3,Y,B,N,B,H,C,A,01,,01,C,,,,,C,Y,M,A,1,0,0,0,23152.0,2,35.334819793701165,-119.07447052001952,4
2019,2019-02-20,2021,2,4,20,3,N,C,N,B,H,C,A,01,W,03,C,,,,,C,Y,N,D,1,0,0,0,22350.0,2,35.31303024291992,-119.05970764160156,4
2019,2019-02-08,1205,2,4,12,5,N,A,N,A,H,A,A,01,S,06,F,,,,,A,Y,N,D,1,0,0,0,21755.0,1,,,2
2019,2019-02-07,756,2,4,7,4,N,A,N,A,H,A,A,01,E,09,D,,,,,C,Y,N,A,1,0,0,0,21453.0,2,35.366897583007805,-119.05141448974608,3
2019,2019-03-05,1606,3,1,16,2,Y,C,N,B,H,A,A,01,,12,D,,,,,C,Y,M,A,1,0,0,0,21453.0,3,35.354190826416016,-118.94992065429688,3
2019,2019-03-01,1347,3,1,13,5,N,B,N,A,H,A,A,07,E,08,C,,,,,E,Y,N,D,1,0,0,0,22107.0,2,35.30318832397461,-119.05323028564452,4
2019,2019-03-02,1214,3,1,12,6,N,B,N,A,H,A,A,07,W,08,B,,,,,E,Y,N,D,1,0,0,0,22107.0,2,35.33218002319336,-119.003173828125,3
2019,2019-02-21,1521,2,4,15,4,Y,B,N,A,H,A,D,22,,12,D,,,,,C,Y,N,A,1,0,0,0,21453.0,4,35.368770599365234,-119.09235382080078,4
2019,2019-02-25,1234,2,4,12,1,Y,A,N,A,H,A,A,01,,08,D,,,,,C,Y,N,D,1,0,0,0,22100.0,2,35.37979888916016,-118.98175811767578,4
2019,2019-02-26,1744,2,4,17,2,N,B,N,A,H,D,A,01,N,08,D,,,,Y,C,N,N,D,1,0,0,0,22107.0,2,35.386234283447266,-119.11897277832033,4
2019,2019-02-17,1215,2,4,12,7,N,D,N,B,H,A,A,07,E,01,E,,,,,I,Y,N,-,1,0,0,0,23152.0,1,35.12429428100586,-118.46141815185548,3
2019,2019-03-02,31,3,1,0,6,N,C,N,B,H,C,A,01,S,09,C,,,,,C,Y,N,A,1,0,0,0,21802.0,2,35.342918395996094,-119.02130126953124,4
2019,2019-03-02,1059,3,1,10,6,Y,B,N,A,H,A,A,01,,09,D,,,,,C,N,N,A,1,0,0,0,21802.0,2,35.36880874633789,-119.10385131835938,4
2019,2019-03-03,1802,3,1,18,7,N,A,N,A,H,C,A,01,E,01,C,,,,,C,Y,N,D,2,0,0,0,23152.0,3,35.30329132080078,-119.0743408203125,4
2019,2019-03-03,2020,3,1,20,7,N,B,N,A,H,C,A,01,N,01,C,,,,,C,N,N,A,3,0,0,0,23152.0,2,35.361270904541016,-118.98523712158205,4
2019,2019-03-05,1459,3,1,14,2,N,C,N,B,H,A,A,01,N,03,C,,,,,C,Y,M,D,1,0,0,0,22350.0,2,35.32497024536133,-118.98544311523438,4
2019,2019-03-05,1602,3,1,16,2,Y,B,N,B,H,A,A,01,,12,D,,,,,D,N,N,A,2,0,0,0,21453.0,2,35.38483047485352,-119.02346801757812,4
2019,2019-03-05,1612,3,1,16,2,Y,B,N,B,H,A,A,08,,09,D,,,,,C,Y,N,A,2,0,0,0,21453.0,2,35.3184700012207,-119.09842681884766,3
2019,2019-02-23,1643,2,4,16,6,N,A,N,A,H,A,A,01,W,10,G,Y,,,,B,N,N,D,1,1,0,0,21950.0,2,35.39801025390625,-119.00873565673828,4
2019,2019-02-26,1821,2,4,18,2,N,A,N,A,H,C,N,60,E,11,G,Y,,,,B,N,N,D,1,1,0,0,21954.0,2,35.353878021240234,-119.01065063476562,3
2019,2019-02-27,36,2,4,0,3,Y,A,N,A,H,C,A,01,,12,D,,,,,C,Y,N,A,1,0,0,0,21453.0,2,35.32529067993164,-119.10942840576172,4
2019,2019-02-27,1552,2,4,15,3,Y,B,N,B,H,A,A,01,,09,H,,Y,,,G,N,N,A,1,0,1,0,21803.0,2,35.38650894165039,-119.01807403564452,4
2019,2019-02-28,1739,2,4,17,4,N,A,N,A,H,B,A,01,N,06,B,,,,,C,N,N,D,1,0,0,0,21750.0,2,35.36610412597656,-119.04338836669922,4
2019,2019-02-28,1911,2,4,19,4,Y,A,N,A,H,C,L,04,,09,H,,Y,,,G,N,F,A,1,0,1,0,21802.0,2,35.33219146728516,-119.0151824951172,3