ACCIDENT_YEAR,COLLISION_DATE,COLLISION_TIME,MONTH,SEASON,24HOURS,DAY_OF_WEEK,INTERSECTION,WEATHER_1,STATE_HWY_IND,ROAD_SURFACE,ROAD_COND_1,LIGHTING,STWD_VEHTYPE_AT_FAULT,CHP_VEHTYPE_AT_FAULT,DIRECTION,PCF_VIOL_CATEGORY,TYPE_OF_COLLISION,PEDESTRIAN_ACCIDENT,BICYCLE_ACCIDENT,MOTORCYCLE_ACCIDENT,TRUCK_ACCIDENT,MVIW,TOW_AWAY,HIT_AND_RUN,CONTROL_DEVICE,NUMBER_INJURED,COUNT_PED_INJURED,COUNT_BICYCLIST_INJURED,COUNT_MC_INJURED,PCF_VIOLATION,PARTY_COUNT,POINT_Y,POINT_X,COLLISION_SEVERITY
2015,2015-11-08,52,11,3,0,7,N,A,N,A,H,D,A,01,N,08,A,,,,,E,Y,N,D,1,0,0,0,22107.0,2,34.86990387,-118.1693786,4
2015,2015-11-08,1540,11,3,15,7,N,A,Y,A,H,A,C,02,W,08,B,,,Y,Y,C,N,N,D,1,0,0,1,22107.0,2,35.07084076,-118.1129155,3
2015,2015-11-06,1714,11,3,17,5,N,A,N,A,H,B,A,01,W,03,C,,,,,C,Y,N,A,2,0,0,0,22350.0,3,34.86404825,-118.18515613,4
2015,2015-11-04,1705,11,3,17,3,N,A,Y,A,H,A,A,01,W,08,E,,,,,I,N,N,D,1,0,0,0,22107.0,1,35.39346112,-118.97211669,4
2015,2015-11-05,1800,11,3,18,4,N,A,N,A,H,D,D,22,S,03,C,,,,,C,Y,N,D,1,0,0,0,22350.0,2,35.38079768,-119.1455795,4
2015,2015-11-05,1350,11,3,13,4,N,A,Y,A,H,A,A,07,N,03,C,,,,,C,Y,N,D,1,0,0,0,22350.0,4,35.2821001,-118.91437138,4
2015,2015-11-05,1843,11,3,18,4,N,A,Y,A,H,D,-,- ,W,18,H,,,,,H,Y,N,D,1,0,0,0,,1,35.20879154,-119.08111987,4
2015,2015-11-02,1505,11,3,15,1,N,B,Y,B,H,A,D,22,S,03,E,,,,Y,I,Y,N,D,1,0,0,0,22350.0,2,35.59023379,-119.20580508,3
2015,2015-09-13,537,9,3,5,7,N,A,Y,A,H,C,A,01,S,03,B,Y,,,,C,Y,N,D,4,0,0,0,22350.0,3,35.74610634,-119.24337469,1
2015,2015-11-02,1204,11,3,12,1,N,B,Y,A,G,A,-,99,N,03,C,,,,,C,N,M,D,2,0,0,0,22350.0,2,35.2128155,-119.0111614,4
2015,2015-11-02,1640,11,3,16,1,N,C,Y,B,H,A,D,22,S,03,F,,,,,A,Y,N,D,1,0,0,0,22350.0,1,35.2657,-119.0227,4
2015,2015-11-02,1730,11,3,17,1,Y,B,N,B,H,C,D,22,,12,D,,,,,C,Y,N,A,1,0,0,0,22450.0,2,35.39749011,-118.99401002,4
2015,2015-10-26,1719,10,3,17,1,N,A,Y,A,H,A,A,07,N,03,C,,,,,C,Y,M,D,1,0,0,0,22350.0,3,35.34253005,-119.03944827,4
2015,2015-10-25,215,10,3,2,7,N,A,N,A,H,D,-,99,S,08,A,Y,,,,E,N,F,D,1,1,0,0,22107.0,4,35.43639086,-119.02594207,4
2015,2015-09-28,156,9,3,1,1,N,A,Y,A,H,D,C,02,S,01,C,,,Y,Y,C,Y,N,D,0,0,0,0,23152.0,2,35.21793668,-119.01197397,1
2015,2015-11-09,2025,11,3,20,1,N,B,N,B,H,C,A,01,W,21,B,,,,,C,N,M,D,1,0,0,0,22106.0,2,35.41780726,-119.06078492,4
2015,2015-11-04,1224,11,3,12,3,N,A,Y,A,D,A,G,25,S,03,C,,,,Y,C,Y,N,A,3,0,0,0,22350.0,5,,,4
2015,2015-11-05,745,11,3,7,4,Y,A,N,A,H,A,L,04,,05,H,,Y,,,G,N,N,A,1,0,1,0,21202.0,2,35.37506007,-118.93205013,4
2015,2015-11-04,1915,11,3,19,3,Y,A,Y,A,H,C,G,25,,09,A,,,,Y,C,Y,N,A,6,0,0,0,21801.0,2,,,2
2015,2015-09-14,545,9,3,5,1,N,B,N,A,H,D,A,01,N,05,A,,,,,C,Y,N,D,3,0,0,0,21650.0,2,35.67850315,-119.184016,1
2015,2015-11-09,530,11,3,5,1,Y,C,N,B,H,D,D,22,,08,C,,,,,C,N,N,D,1,0,0,0,22107.0,2,35.05940654,-118.97588879,4
2015,2015-11-07,1020,11,3,10,6,N,A,Y,A,H,A,D,22,S,01,C,,,,Y,C,Y,N,D,2,0,0,0,23152.0,2,35.71682711,-119.72832388,3
2015,2015-11-06,1435,11,3,14,5,N,A,Y,A,H,A,-,- ,N,18,H,,,,,C,Y,N,D,1,0,0,0,,2,35.51382762,-119.54963704,3
2015,2015-11-05,2005,11,3,20,4,N,A,Y,A,H,C,A,01,W,09,D,,,,Y,C,Y,N,A,1,0,0,0,21804.0,2,35.05928723,-119.00615995,3
2015,2015-11-04,1650,11,3,16,3,N,A,N,A,H,A,A,08,N,03,C,,,,,C,Y,N,D,2,0,0,0,22350.0,5,35.34960263,-119.04339,4
2015,2015-10-31,1345,10,3,13,6,N,A,N,A,H,A,A,01,E,08,E,,,,,I,Y,N,D,1,0,0,0,22107.0,1,34.94821538,-118.27810585,3
2015,2015-11-05,545,11,3,5,4,Y,A,N,A,H,D,A,07,,09,D,,,,Y,C,Y,N,A,5,0,0,0,21802.0,2,35.6746001,-119.20471996,4
2015,2015-10-22,742,10,3,7,4,N,A,N,A,H,A,H,13,W,08,E,,,,,I,N,N,D,2,0,0,0,22107.0,1,35.31781007,-119.04784678,4
2015,2015-11-10,1620,11,3,16,2,N,A,Y,A,H,A,A,07,W,01,A,,,,Y,C,Y,N,A,3,0,0,0,23152.0,2,35.20884191,-119.09247003,2
2015,2015-11-08,1215,11,3,12,7,Y,A,N,A,H,A,A,01,,09,D,,,,,C,Y,F,D,3,0,0,0,21800.0,2,35.1318401,-119.46103991,2
2015,2015-10-23,1030,10,3,10,5,N,A,Y,A,H,A,D,22,W,03,C,,,,,C,Y,N,D,1,0,0,0,22350.0,2,,,4
2015,2015-10-28,1410,10,3,14,3,N,A,Y,A,H,A,D,22,W,03,C,,,,,C,Y,N,D,1,0,0,0,22350.0,4,35.26721943,-119.12241961,4
2015,2015-11-02,1205,11,3,12,1,N,B,Y,A,H,A,D,22,N,03,C,,,,,C,Y,N,D,3,0,0,0,22350.0,5,35.2128155,-119.0111614,3
2015,2015-11-04,1530,11,3,15,3,N,A,N,A,H,A,A,01,N,03,C,,,,,C,Y,N,D,3,0,0,0,22350.0,3,35.41364471,-119.05876594,4
2015,2015-11-05,1130,11,3,11,4,Y,A,Y,A,H,A,D,22,,09,D,,,,,C,Y,N,D,2,0,0,0,21801.0,2,35.64291479,-118.46187555,3
2015,2015-11-08,2235,11,3,22,7,N,A,Y,A,H,D,-,99,S,03,C,,,,,C,Y,M,D,1,0,0,0,22350.0,3,35.54931967,-119.33203228,4
2015,2015-11-15,1203,11,3,12,7,N,B,Y,B,H,A,G,27,E,03,E,,,,Y,I,Y,N,D,1,0,0,0,22350.0,1,35.21558771,-118.55161413,3
2015,2015-11-11,1600,11,3,16,3,N,A,N,A,H,A,A,01,N,08,F,,,,,A,Y,N,D,1,0,0,0,22107.0,1,35.09832463,-117.91744,3
2015,2015-11-02,1209,11,3,12,1,N,B,Y,A,H,A,A,07,N,03,C,,,,,C,Y,N,D,3,0,0,0,22350.0,4,35.2128155,-119.0111614,3
2015,2015-11-02,1210,11,3,12,1,N,B,Y,A,H,A,A,01,N,03,C,,,,,C,Y,N,D,4,0,0,0,22350.0,5,35.2128155,-119.0111614,3
2015,2015-11-06,1240,11,3,12,5,Y,A,N,A,H,A,L,04,,05,H,,Y,,,G,N,N,A,1,0,1,0,21202.0,2,35.40861073,-119.0389502,4
2015,2015-11-15,1610,11,3,16,7,Y,C,N,B,H,A,A,01,,05,B,,,,,C,Y,N,D,1,0,0,0,21460.0,2,34.89273002,-118.22078001,4
2015,2015-11-06,918,11,3,9,5,Y,A,Y,A,H,A,A,01,,09,D,,,,,C,Y,N,D,3,0,0,0,21802.0,2,35.26413878,-118.65799148,4
2015,2015-11-05,555,11,3,5,4,N,A,N,A,H,D,A,08,E,03,C,,,,Y,E,Y,N,D,1,0,0,0,22350.0,3,35.6746,-119.20469309,3
2015,2015-11-06,1655,11,3,16,5,N,A,N,A,H,B,A,01,S,08,E,,,,,I,Y,N,D,1,0,0,0,22107.0,1,35.27453694,-118.86065512,3
2015,2015-11-09,406,11,3,4,1,N,B,Y,A,H,D,A,08,N,03,C,,,,,C,Y,N,D,5,0,0,0,22350.0,2,34.87715519,-118.89503366,3
2015,2015-11-02,1400,11,3,14,1,N,C,N,B,H,A,A,01,N,03,D,,,,Y,C,Y,N,D,4,0,0,0,22350.0,3,34.89156761,-118.9134499,4
2015,2015-11-11,212,11,3,2,3,N,A,Y,A,H,D,A,01,S,03,C,,,,Y,C,Y,N,D,3,0,0,0,22350.0,2,35.13209287,-119.07837245,3
2015,2015-11-13,715,11,3,7,5,N,A,Y,A,H,A,A,01,E,08,E,,,,,I,Y,N,D,1,0,0,0,22107.0,1,35.65038759,-118.4579853,3
2015,2015-11-06,1215,11,3,12,5,N,A,Y,A,H,A,A,01,W,08,E,,,,,I,Y,N,D,2,0,0,0,22107.0,1,35.681162,-118.47009631,3
2015,2015-11-11,1910,11,3,19,3,N,A,N,A,H,D,A,01,E,01,A,,,,,C,Y,F,D,3,0,0,0,23152.0,2,34.86376813,-118.23624342,2
2015,2015-11-09,405,11,3,4,1,N,A,Y,A,H,D,A,01,S,08,C,,,,Y,C,Y,N,D,2,0,0,0,22107.0,2,34.87636107,-118.89396411,4
2015,2015-11-09,1505,11,3,15,1,N,B,N,A,H,A,C,02,W,03,D,,,Y,,C,Y,N,D,1,0,0,1,22350.0,2,35.40677825,-119.02894904,4
2015,2015-11-11,1911,11,3,19,3,N,A,Y,A,H,D,-,99,S,03,C,,,,,C,N,M,D,2,0,0,0,22350.0,2,35.368,-119.042,4
2015,2015-11-06,1145,11,3,11,5,Y,A,N,A,H,A,C,02,,03,F,,,Y,,A,N,N,D,1,0,0,1,22350.0,1,35.37526006,-118.92530001,3
2015,2015-11-06,1224,11,3,12,5,N,A,N,A,H,A,J,48,W,09,D,,,Y,,C,Y,N,D,1,0,0,1,21804.0,2,35.41958338,-119.04624953,2
2015,2015-11-08,2350,11,3,23,7,N,B,Y,A,H,D,D,22,S,07,C,,,,,C,Y,N,D,2,0,0,0,21658.0,2,35.69773893,-119.71409553,3
2015,2015-11-09,1650,11,3,16,1,N,B,Y,A,H,B,A,07,S,09,D,,,,,C,Y,N,A,1,0,0,0,21802.0,2,,,4
2015,2015-11-10,1635,11,3,16,2,N,B,Y,B,H,B,A,01,E,08,E,,,,,I,Y,N,D,2,0,0,0,22107.0,1,35.72821742,-118.15915988,3
2015,2015-11-11,2020,11,3,20,3,N,A,Y,A,H,D,D,22,N,01,E,,,,,I,Y,N,D,1,0,0,0,23152.0,1,35.39669271,-119.03233987,3
2015,2015-11-12,830,11,3,8,4,N,A,Y,A,H,A,A,01,S,03,C,,,,,C,Y,N,D,1,0,0,0,22350.0,3,35.36572,-119.0404,4
2015,2015-11-12,735,11,3,7,4,N,A,N,A,H,A,A,01,N,03,C,,,,,C,Y,N,D,2,0,0,0,22350.0,3,35.40434232,-119.04007009,3
2015,2015-11-07,620,11,3,6,6,N,A,N,A,H,A,A,07,N,09,A,,,,,C,Y,N,D,1,0,0,0,21801.0,2,35.71800451,-119.15965486,4
2015,2015-11-12,1545,11,3,15,4,N,A,Y,A,H,A,A,01,E,03,C,,,,,C,Y,N,D,1,0,0,0,22350.0,2,35.26688832,-119.03438037,4
2015,2015-11-07,1855,11,3,18,6,Y,A,Y,A,H,D,A,01,,12,D,,,,,C,Y,N,A,7,0,0,0,22450.0,2,35.76114701,-119.34439584,2
2015,2015-11-08,1130,11,3,11,7,Y,A,N,A,H,A,A,01,,09,D,,,,,C,Y,N,D,2,0,0,0,21804.0,2,35.29601004,-118.93763007,2
2015,2015-11-07,200,11,3,2,6,N,A,Y,A,H,C,A,01,S,01,B,,,,,E,Y,N,D,1,0,0,0,23152.0,2,,,4
2015,2015-11-11,1648,11,3,16,3,N,A,Y,A,H,B,G,27,S,07,B,,,,Y,C,Y,N,D,1,0,0,0,21658.0,2,,,4
2015,2015-11-12,1255,11,3,12,4,Y,A,N,A,H,A,A,01,,09,D,,,,,C,N,N,A,1,0,0,0,21800.0,2,35.36864011,-118.95861,4
2015,2015-11-09,1115,11,3,11,1,N,B,N,A,H,A,A,01,E,03,C,,,,,C,Y,M,A,2,0,0,0,22350.0,2,35.29593549,-118.98293022,4
2015,2015-11-03,455,11,3,4,2,N,B,Y,A,H,D,D,22,N,08,E,,,,,I,Y,N,D,1,0,0,0,22107.0,1,35.50220511,-119.16743177,4
2015,2015-11-09,1020,11,3,10,1,N,B,N,A,H,A,A,01,W,09,D,,,,,C,Y,N,D,2,0,0,0,21801.0,2,35.26696,-118.93742915,4
2015,2015-11-14,1530,11,3,15,6,N,A,Y,A,H,A,G,25,W,08,F,,,,Y,A,Y,N,D,1,0,0,0,22107.0,1,35.05824326,-119.37062024,4
2015,2015-11-13,1615,11,3,16,5,N,A,N,A,H,A,N,60,S,11,G,Y,,,,B,N,N,D,1,1,0,0,21954.0,2,35.38516771,-118.98153836,4
2015,2015-11-13,1735,11,3,17,5,N,A,Y,A,H,C,A,07,S,03,F,,,,,A,Y,N,D,1,0,0,0,22350.0,1,35.31015679,-119.03441586,3
2015,2015-11-13,730,11,3,7,5,N,A,N,A,H,A,D,22,S,08,D,,,,,C,Y,N,A,1,0,0,0,22100.0,2,35.37405982,-118.94981,4
2015,2015-11-13,1540,11,3,15,5,N,A,Y,A,H,A,A,07,N,03,C,,,,,C,N,N,D,2,0,0,0,22350.0,2,35.31928,-119.03717,4
2015,2015-11-14,2228,11,3,22,6,N,A,Y,A,H,D,A,01,E,01,E,,,,,I,Y,M,D,1,0,0,0,23152.0,1,35.36153219,-118.93913574,3
2015,2015-11-14,2227,11,3,22,6,N,A,N,A,H,D,A,01,E,01,C,,,,,E,Y,M,D,1,0,0,0,23152.0,2,35.36145244,-118.94296606,3
2015,2015-11-14,600,11,3,6,6,N,A,Y,A,H,B,A,01,N,08,E,,,,,I,Y,N,D,1,0,0,0,22107.0,1,35.41561057,-119.05841872,4
2015,2015-11-14,1055,11,3,10,6,N,A,Y,A,H,A,A,01,S,06,E,,,,,I,Y,N,D,1,0,0,0,21755.0,1,35.46939982,-117.65444847,4
2015,2015-11-16,1655,11,3,16,1,N,A,N,A,H,D,A,01,N,03,C,,,,,C,N,N,A,1,0,0,0,22350.0,2,35.34786503,-119.04339194,4
2015,2015-11-18,1547,11,3,15,3,Y,A,N,A,H,A,A,01,,09,A,,,,,C,N,N,D,1,0,0,0,21801.0,2,34.86431008,-118.16907006,4
2015,2015-11-17,1450,11,3,14,2,N,A,N,A,H,A,A,01,W,09,D,,,,,C,N,N,D,1,0,0,0,21804.0,2,35.42515,-119.0224933,4
2015,2015-11-17,1800,11,3,18,2,N,A,Y,A,H,D,A,01,N,03,C,,,,,C,N,N,D,1,0,0,0,22350.0,2,35.34399017,-119.03943989,4
2015,2015-11-17,900,11,3,9,2,N,A,Y,A,H,A,A,07,S,03,E,,,,,I,Y,N,D,1,0,0,0,22350.0,1,35.39827,-119.04548,3
2015,2015-11-17,810,11,3,8,2,Y,B,N,A,H,A,D,22,,09,D,,,,,C,N,N,D,2,0,0,0,21801.0,2,35.42802001,-119.02451003,4
2015,2015-11-18,740,11,3,7,3,N,A,N,A,H,A,A,01,N,08,E,,,,,I,N,N,D,1,0,0,0,22107.0,1,35.33772055,-119.01186,4
2015,2015-11-18,1828,11,3,18,3,N,A,N,A,H,D,D,22,N,17,E,,,Y,,J,N,N,D,2,0,0,2,23114.0,2,35.4281755,-119.03900564,4
2015,2015-11-14,1445,11,3,14,6,Y,A,N,A,H,A,A,01,,12,D,,,,,C,Y,N,D,2,0,0,0,22450.0,2,35.70329001,-119.25851991,4
2015,2015-11-16,17,11,3,0,1,N,C,Y,B,H,D,-,- ,S,18,F,,,,Y,A,Y,N,D,1,0,0,0,,1,,,3
2015,2015-11-15,1910,11,3,19,7,N,A,N,A,H,D,A,01,S,03,C,,,,,C,Y,N,D,2,0,0,0,22350.0,2,35.77355279,-119.27629907,4
2015,2015-11-18,1750,11,3,17,3,N,A,Y,A,H,D,A,01,N,03,C,,,,,C,N,N,D,1,0,0,0,22350.0,2,,,4
2015,2015-11-18,755,11,3,7,3,N,A,Y,A,H,A,A,07,N,03,C,,,,,C,Y,N,D,1,0,0,0,22350.0,2,35.34207064,-119.0394509,4
2015,2015-11-21,1245,11,3,12,6,Y,A,Y,A,H,A,A,01,,03,C,,,,,C,Y,N,D,1,0,0,0,22350.0,2,35.15476878,-119.44787467,4
2015,2015-11-19,1430,11,3,14,4,N,A,N,A,H,A,A,01,W,08,E,,,,,I,Y,N,D,1,0,0,0,22107.0,1,35.40929425,-119.01145399,3
2015,2015-11-19,1010,11,3,10,4,N,A,N,A,H,A,A,01,E,03,C,,,,,C,N,N,A,1,0,0,0,22350.0,2,35.41957,-119.03901915,4
2015,2015-11-20,1340,11,3,13,5,N,A,N,A,H,A,A,01,N,03,C,,,,,C,N,N,D,1,0,0,0,22350.0,2,35.3487858,-119.04339,4
2015,2015-11-21,1400,11,3,14,6,N,A,Y,A,H,A,A,01,S,03,C,,,,,C,N,N,D,1,0,0,0,22350.0,2,35.32210156,-119.03754221,4
2015,2015-11-21,1125,11,3,11,6,N,A,Y,A,H,A,A,07,N,03,C,,,,,C,N,N,D,1,0,0,0,22350.0,3,35.33638014,-119.03948354,4
2015,2015-11-16,1745,11,3,17,1,Y,A,N,A,H,D,A,01,,03,C,,,,,C,Y,N,A,1,0,0,0,22350.0,2,35.35404009,-118.89646,4
2015,2015-11-16,1800,11,3,18,1,Y,A,N,A,H,C,A,01,,09,D,,,,,C,N,M,D,2,0,0,0,21801.0,2,35.30861006,-119.00313011,4
2015,2015-11-14,1320,11,3,13,6,Y,A,N,A,H,A,A,01,,12,D,,,Y,,C,Y,N,A,1,0,0,1,22450.0,2,35.0535501,-118.19455004,4
2015,2015-11-14,20,11,3,0,6,Y,A,N,A,H,C,A,01,,01,E,,,,,I,Y,N,A,1,0,0,0,23152.0,1,35.39595,-118.92967,3
2015,2015-11-22,2345,11,3,23,7,N,A,Y,A,H,D,A,01,N,03,C,,,,Y,C,Y,N,D,1,0,0,0,22350.0,2,35.68880835,-119.707016,3
2015,2015-11-21,820,11,3,8,6,N,A,Y,A,D,A,A,01,N,08,E,,,,,I,Y,N,D,4,0,0,0,22107.0,2,35.61926325,-119.65571917,3
2015,2015-11-24,1855,11,3,18,2,N,B,N,B,H,D,D,22,E,03,E,,,,,I,Y,N,D,1,0,0,0,22350.0,1,35.58861979,-118.47804072,4
2015,2015-11-23,1645,11,3,16,1,N,A,N,A,H,A,A,07,W,08,E,,,,,I,Y,M,D,1,0,0,0,22107.0,1,35.42679857,-119.00511682,3
2015,2015-11-10,700,11,3,7,2,N,B,N,C,H,A,A,07,W,03,E,,,,,I,Y,N,D,0,0,0,0,22350.0,1,34.82031505,-118.95420842,1
2015,2015-11-15,1845,11,3,18,7,N,B,N,B,H,D,A,01,N,01,D,,,,,C,N,N,D,1,0,0,0,23152.0,2,35.36143207,-118.97637,4
2015,2015-11-11,1530,11,3,15,3,N,A,N,A,H,A,A,01,W,01,H,,,,,J,Y,M,D,1,0,0,0,23152.0,1,35.39712118,-119.1889143,3
2015,2015-11-22,2500,11,3,25,7,N,A,Y,A,H,D,A,01,S,01,B,,,,,I,Y,N,D,1,0,0,0,23152.0,1,35.64321487,-119.21965049,3
2015,2015-11-28,1550,11,3,15,6,Y,A,N,A,H,A,A,01,,01,D,,,,,C,Y,N,A,2,0,0,0,23152.0,2,35.36864003,-118.97031002,4
2015,2015-11-15,820,11,3,8,7,Y,A,N,A,H,A,A,01,,12,D,,,,,C,Y,N,D,4,0,0,0,21453.0,2,35.40862003,-119.03894995,4
2015,2015-11-24,540,11,3,5,2,N,A,Y,A,H,C,D,22,S,07,D,,,,,C,Y,N,D,2,0,0,0,21658.0,2,34.86165746,-118.17205318,3
2015,2015-11-24,1805,11,3,18,2,N,B,N,A,H,C,D,22,S,09,D,,Y,,,G,N,M,D,1,0,1,0,21804.0,2,35.40829705,-119.02107347,4
2015,2015-11-24,1510,11,3,15,2,N,A,N,A,H,A,A,07,N,08,F,,,,,A,Y,N,D,1,0,0,0,22107.0,1,35.19674502,-119.44563,4
2015,2015-11-29,1505,11,3,15,7,N,A,Y,A,H,A,A,01,S,03,C,,,,,C,Y,N,D,1,0,0,0,22350.0,2,35.34165259,-119.31701573,4
2015,2015-11-30,530,11,3,5,1,N,A,Y,A,H,D,A,01,W,08,E,,,,,I,Y,N,D,1,0,0,0,22107.0,1,35.11159987,-118.51229683,2
2015,2015-11-28,610,11,3,6,6,N,A,Y,A,H,B,A,01,N,08,F,,,,,A,Y,N,D,3,0,0,0,22107.0,1,35.3479051,-119.32634984,3
2015,2015-11-25,1201,11,3,12,3,N,A,Y,A,H,A,A,01,S,03,C,,,,,C,Y,N,D,1,0,0,0,22350.0,2,35.32368041,-119.29162811,4
2015,2015-11-24,920,11,3,9,2,N,A,Y,A,H,A,G,25,N,08,E,,,,Y,I,Y,N,D,1,0,0,0,22107.0,1,34.98596512,-119.43242369,4
2015,2015-11-15,2345,11,3,23,7,N,B,N,A,H,D,A,01,W,08,E,,,,,A,Y,N,D,1,0,0,0,22107.0,1,35.23789087,-118.9012363,2
2015,2015-11-20,1235,11,3,12,5,N,A,N,A,H,A,A,01,E,08,E,,,,,J,Y,N,D,1,0,0,0,22107.0,1,35.67460203,-119.20294424,4
2015,2015-11-13,1850,11,3,18,5,N,A,Y,A,H,D,N,60,W,11,G,Y,,,,B,N,N,D,1,1,0,0,21954.0,2,35.64697689,-117.81389002,3
2015,2015-11-21,1210,11,3,12,6,N,A,Y,A,H,A,C,02,E,08,E,,,Y,,I,Y,N,D,1,0,0,1,22107.0,1,35.47428105,-118.72869602,3
2015,2015-11-23,1355,11,3,13,1,Y,A,N,A,H,A,A,07,,09,A,,,,,C,Y,N,A,2,0,0,0,21453.0,2,35.37329007,-119.11010004,4
2015,2015-11-08,2500,11,3,25,7,N,A,N,A,H,D,-,99,S,08,G,Y,,,,B,N,F,D,1,1,0,0,22107.0,2,35.2152926,-118.82430404,2
2015,2015-11-23,550,11,3,5,1,N,A,Y,A,H,B,A,01,N,03,C,,,,,C,Y,N,D,2,0,0,0,22350.0,2,35.27517864,-119.02525703,3
2015,2015-11-24,1825,11,3,18,2,Y,A,N,A,H,D,A,01,,09,D,,,,,C,Y,N,D,1,0,0,0,21801.0,2,35.43524009,-119.01248007,4
2015,2015-11-23,1655,11,3,16,1,Y,B,N,A,H,B,A,07,,09,D,,,,,C,Y,N,A,2,0,0,0,21801.0,4,35.42701002,-119.06827013,4
2015,2015-11-25,1750,11,3,17,3,N,B,N,A,H,D,D,22,S,01,C,,,,,C,N,N,D,1,0,0,0,23152.0,2,35.41944537,-119.02126,4
2015,2015-11-24,820,11,3,8,2,N,A,Y,A,H,A,A,01,E,06,B,,,,Y,C,Y,N,D,1,0,0,0,21750.0,2,,,3
2015,2015-11-21,845,11,3,8,6,N,A,Y,A,D,A,A,01,S,03,C,,,,,C,Y,N,D,1,0,0,0,22350.0,3,35.59552681,-119.63585671,4
2015,2015-11-29,1425,11,3,14,7,N,A,Y,A,H,A,A,07,S,03,C,,,,,C,Y,N,D,1,0,0,0,22350.0,4,35.55281341,-119.5920645,4
2015,2015-11-20,422,11,3,4,5,N,A,Y,A,H,D,A,07,S,03,C,,,,,C,Y,N,D,1,0,0,0,22350.0,2,,,4
2015,2015-11-20,2245,11,3,22,5,N,A,N,A,H,C,A,01,E,01,E,,,,,I,Y,M,D,1,0,0,0,23152.0,1,,,3
2015,2015-11-25,200,11,3,2,3,N,B,Y,B,H,D,A,01,E,03,E,,,,,I,Y,N,D,3,0,0,0,22350.0,1,,,2
2015,2015-11-25,835,11,3,8,3,N,B,N,A,H,A,A,01,N,07,C,,,,,C,Y,N,D,2,0,0,0,21658.0,2,35.36544015,-118.96759484,4
2015,2015-11-26,1240,11,3,12,4,Y,A,N,A,H,A,A,01,,12,D,,,,,C,Y,N,A,1,0,0,0,21453.0,2,35.39026002,-118.99482004,4
2015,2015-11-28,440,11,3,4,6,N,A,Y,A,H,D,-,- ,N,18,E,,,,,H,Y,N,D,1,0,0,0,,1,34.84491236,-118.86669942,4
2015,2015-11-29,1820,11,3,18,7,Y,A,N,A,H,D,G,27,,05,D,,,,Y,C,Y,N,A,2,0,0,0,21752.0,2,35.15195012,-119.10981007,4
2015,2015-11-27,2320,11,3,23,5,N,A,Y,A,H,D,E,22,E,03,E,,,,,I,Y,N,D,1,0,0,0,22350.0,1,35.44973525,-118.78331592,3
2015,2015-11-29,855,11,3,8,7,N,A,N,A,H,A,A,01,S,01,E,,,,,I,Y,N,D,1,0,0,0,23152.0,1,35.68780578,-119.25863674,4
2015,2015-12-02,1730,12,4,17,3,N,A,N,A,H,D,D,22,E,03,C,,,,,C,Y,N,D,3,0,0,0,22350.0,5,35.44145002,-119.10654328,2
2015,2015-11-28,800,11,3,8,6,N,A,N,A,H,A,A,01,W,08,E,,,,,I,Y,N,D,1,0,0,0,22107.0,1,35.68870489,-119.29762401,4
2015,2015-11-26,955,11,3,9,4,N,A,Y,A,H,A,D,22,E,03,C,,,,Y,C,Y,N,D,1,0,0,0,22350.0,2,35.30923546,-118.7799829,3
2015,2015-11-28,1750,11,3,17,6,N,A,Y,A,H,D,A,07,S,08,E,,,,,I,Y,N,A,2,0,0,0,22107.0,2,34.88476786,-118.90122214,4
2015,2015-11-29,925,11,3,9,7,Y,A,N,A,H,A,D,22,,08,D,,,,,C,Y,N,D,1,0,0,0,22103.0,2,35.38721005,-118.97913014,4
2015,2015-11-22,815,11,3,8,7,N,A,N,A,H,A,A,01,S,01,E,,,,,I,Y,N,A,1,0,0,0,23152.0,1,35.60808,-117.64829,3
2015,2015-11-24,1310,11,3,13,2,N,A,N,A,H,A,A,01,W,03,E,,,,,I,Y,N,D,1,0,0,0,22350.0,1,35.43604,-118.93276,4
2015,2015-11-25,1810,11,3,18,3,N,A,N,A,H,D,A,01,S,03,C,,,,,C,Y,N,D,2,0,0,0,22350.0,2,35.34182283,-119.04338644,4
2015,2015-11-26,1840,11,3,18,4,N,A,Y,A,H,D,A,07,S,08,F,,,,,A,Y,N,D,2,0,0,0,22107.0,1,35.51099838,-119.17763877,3
2015,2015-11-28,1605,11,3,16,6,N,A,Y,A,H,A,A,01,S,08,E,,,,,I,Y,N,D,1,0,0,0,22107.0,1,35.43759405,-119.07973488,3
2015,2015-11-29,1705,11,3,17,7,Y,A,N,A,H,D,C,06,,09,D,,,Y,,C,Y,N,D,2,0,0,2,21804.0,2,35.55827006,-119.25965997,2
2015,2015-11-24,2130,11,3,21,2,N,B,N,B,H,D,A,01,W,06,D,,,,Y,C,Y,N,D,1,0,0,0,21750.0,2,35.55793135,-119.38029047,3
2015,2015-11-28,1805,11,3,18,6,N,A,N,A,H,D,A,01,E,05,A,,,,,C,Y,N,D,2,0,0,0,21651.0,2,35.12432553,-118.17083359,2
2015,2015-12-02,2026,12,4,20,3,N,A,N,A,H,D,A,01,W,08,E,,,,,I,Y,N,A,1,0,0,0,22107.0,1,34.81947,-119.00447,2
2015,2015-11-26,345,11,3,3,4,N,A,Y,A,D,D,A,01,S,08,E,,,,,I,Y,N,D,1,0,0,0,22107.0,1,35.59643806,-119.63619203,4
2015,2015-11-25,1710,11,3,17,3,N,A,Y,A,D,D,A,01,S,03,C,,,,,C,Y,N,D,1,0,0,0,22350.0,4,35.58301851,-119.62385399,4
2015,2015-12-02,655,12,4,6,3,N,A,Y,A,H,A,D,22,E,07,C,,,,,C,Y,N,D,1,0,0,0,21658.0,2,35.14076273,-118.46621229,3
2015,2015-11-25,947,11,3,9,3,N,B,Y,A,D,A,A,01,N,03,C,,,,,C,Y,N,D,1,0,0,0,22350.0,2,35.62303359,-119.65853241,4