ACCIDENT_YEAR,COLLISION_DATE,COLLISION_TIME,MONTH,SEASON,24HOURS,DAY_OF_WEEK,INTERSECTION,WEATHER_1,STATE_HWY_IND,ROAD_SURFACE,ROAD_COND_1,LIGHTING,STWD_VEHTYPE_AT_FAULT,CHP_VEHTYPE_AT_FAULT,DIRECTION,PCF_VIOL_CATEGORY,TYPE_OF_COLLISION,PEDESTRIAN_ACCIDENT,BICYCLE_ACCIDENT,MOTORCYCLE_ACCIDENT,TRUCK_ACCIDENT,MVIW,TOW_AWAY,HIT_AND_RUN,CONTROL_DEVICE,NUMBER_INJURED,COUNT_PED_INJURED,COUNT_BICYCLIST_INJURED,COUNT_MC_INJURED,PCF_VIOLATION,PARTY_COUNT,POINT_Y,POINT_X,COLLISION_SEVERITY
2016,2016-01-28,845,1,4,8,4,N,E,N,B,H,A,A,01,W,05,B,,,,,C,Y,N,D,2,0,0,0,21650.0,2,35.76094707,-119.48820828,4
2016,2016-01-28,1115,1,4,11,4,N,A,Y,A,H,A,A,01,W,07,F,,,,,A,Y,N,D,1,0,0,0,21658.0,2,35.38368026,-118.99758864,3
2016,2016-01-24,1545,1,4,15,7,N,B,N,A,H,A,A,01,E,06,B,,,Y,,C,Y,N,D,1,0,0,1,21750.0,2,35.3905402,-119.08325298,4
2016,2016-01-26,1626,1,4,16,2,N,A,N,A,H,A,E,22,W,03,C,,,,,C,Y,N,D,1,0,0,0,22350.0,3,35.00015658,-117.66060407,3
2016,2016-01-28,1300,1,4,13,4,N,A,Y,A,H,A,A,07,E,09,D,,,,,C,Y,N,D,2,0,0,0,21804.0,2,35.64268445,-118.41151693,3
2016,2016-01-29,1550,1,4,15,5,N,A,Y,A,H,A,A,01,N,03,B,,,,,C,Y,N,D,1,0,0,0,22350.0,3,35.37011589,-119.04273686,4
2016,2016-01-29,855,1,4,8,5,Y,A,Y,A,H,A,D,22,,05,B,,,,,C,Y,N,A,2,0,0,0,21752.0,2,35.71791006,-119.24083992,4
2016,2016-02-02,805,2,4,8,2,N,A,N,A,H,A,A,01,N,08,F,,,,,A,Y,N,D,1,0,0,0,22107.0,1,35.01929587,-117.91705638,3
2016,2016-01-29,1736,1,4,17,5,N,A,Y,A,H,D,A,01,S,03,C,,,,,C,Y,N,D,3,0,0,0,22350.0,4,35.4954738,-119.15868436,4
2016,2016-01-30,1010,1,4,10,6,Y,B,N,A,H,A,A,01,,09,D,,,,,C,N,N,A,1,0,0,0,21801.0,2,35.44000006,-119.02144009,4
2016,2016-01-30,202,1,4,2,6,N,B,Y,A,H,D,A,01,S,01,E,,,,,I,Y,N,D,1,0,0,0,23152.0,1,,,4
2016,2016-01-31,1115,1,4,11,7,N,B,Y,B,H,A,A,01,S,03,D,,,,,C,Y,N,D,1,0,0,0,22350.0,2,35.36050006,-119.03936673,4
2016,2016-01-31,1225,1,4,12,7,N,B,Y,B,H,A,A,01,N,03,E,,,,,I,Y,N,D,1,0,0,0,22350.0,1,35.32625054,-119.0383311,4
2016,2016-01-31,1145,1,4,11,7,N,B,Y,B,H,A,D,22,S,03,E,,,,,I,N,N,D,1,0,0,0,22350.0,1,35.37650017,-119.04454527,4
2016,2016-02-01,540,2,4,5,1,N,A,N,D,H,D,A,07,N,03,F,,,,,A,Y,N,D,1,0,0,0,22350.0,1,35.14739561,-118.96771101,4
2016,2016-02-02,745,2,4,7,2,Y,B,N,A,H,A,D,22,,09,D,,,,,C,N,N,A,2,0,0,0,21802.0,2,35.3321801,-119.00298009,4
2016,2016-02-03,740,2,4,7,3,N,B,N,C,H,A,A,07,W,03,A,,,,,E,N,N,D,1,0,0,0,22350.0,2,35.10939169,-118.49125098,3
2016,2016-02-03,915,2,4,9,3,N,A,N,A,H,A,A,07,W,08,E,,,,,I,Y,N,D,1,0,0,0,22107.0,1,35.15195,-119.10981,4
2016,2016-01-30,1250,1,4,12,6,Y,A,N,A,H,A,A,01,,12,D,,,,,C,Y,N,A,2,0,0,0,21453.0,2,34.86420009,-118.17594003,4
2016,2016-01-19,1240,1,4,12,2,N,C,N,B,H,A,A,01,S,21,C,,,,,C,N,N,A,1,0,0,0,22106.0,2,35.38088769,-118.96754,4
2016,2016-01-28,855,1,4,8,4,N,A,N,A,H,A,N,60,E,11,G,Y,,,,B,N,N,D,1,1,0,0,21954.0,2,35.41227,-119.02113,3
2016,2016-01-29,130,1,4,1,5,N,A,Y,A,H,D,I,19,E,08,E,,,,,I,Y,N,D,1,0,0,0,22107.0,1,35.59095121,-118.52257451,3
2016,2016-02-02,1610,2,4,16,2,Y,B,N,A,H,A,A,08,,09,D,,,,,C,Y,N,A,2,0,0,0,21802.0,2,35.73228003,-119.25832992,4
2016,2016-02-03,1305,2,4,13,3,N,A,Y,C,H,A,C,02,E,03,F,,,Y,,A,Y,N,D,1,0,0,1,22350.0,1,35.73299498,-118.53744899,4
2016,2016-01-24,905,1,4,9,7,N,B,N,A,H,A,A,01,E,03,F,,,,,A,Y,N,D,3,0,0,0,22350.0,1,35.62188388,-119.01481986,1
2016,2016-01-29,2100,1,4,21,5,N,A,Y,A,H,D,A,07,E,08,A,,,,,C,Y,N,D,3,0,0,0,22107.0,2,35.23800532,-119.36113504,2
2016,2016-02-04,610,2,4,6,4,N,A,Y,A,H,B,A,01,S,01,A,,,,,C,Y,N,D,2,0,0,0,23152.0,2,35.39603428,-119.39316305,3
2016,2016-01-20,755,1,4,7,3,N,B,Y,B,H,A,A,07,N,03,C,,,,,C,N,N,D,1,0,0,0,22350.0,2,35.37019993,-118.91424007,4
2016,2016-01-23,1315,1,4,13,6,N,B,Y,B,H,A,A,01,W,03,E,,,,,I,Y,N,D,1,0,0,0,22350.0,1,35.26242026,-118.62184009,4
2016,2016-01-23,1819,1,4,18,6,N,A,N,A,H,D,D,22,W,08,E,,,,,I,Y,N,D,2,0,0,0,22107.0,1,35.76129147,-119.31579922,2
2016,2016-01-31,140,1,4,1,7,N,B,Y,B,H,D,A,01,W,08,F,,,,,A,Y,N,D,1,0,0,0,22107.0,1,35.57924561,-118.54743235,3
2016,2016-01-28,1503,1,4,15,4,N,A,N,A,H,A,D,22,W,08,F,,,,,A,Y,N,D,1,0,0,0,22107.0,1,,,3
2016,2016-01-26,1810,1,4,18,2,N,B,N,A,H,C,A,07,W,03,C,,,,,C,N,N,A,1,0,0,0,22350.0,2,35.38374073,-118.97914034,4
2016,2016-02-04,1120,2,4,11,4,N,A,Y,A,H,A,A,01,N,07,C,,,,Y,C,Y,N,D,1,0,0,0,21658.0,2,34.83188162,-118.17009099,4
2015,2015-12-19,1240,12,4,12,6,N,A,Y,A,H,A,A,01,E,08,F,,,,,A,Y,N,D,3,0,0,0,22107.0,1,35.10818982,-118.24594385,1
2016,2016-02-02,1225,2,4,12,2,N,A,N,A,H,A,A,01,E,08,B,,,,,E,Y,N,D,1,0,0,0,22107.0,2,35.37524,-118.96758,4
2016,2016-01-12,1823,1,4,18,2,N,A,Y,A,H,D,-,- ,S,18,E,,,,Y,C,Y,N,D,3,0,0,0,,3,35.55567739,-119.19721958,3
2016,2016-01-31,1435,1,4,14,7,N,B,Y,B,H,A,A,07,N,03,E,,,,,I,Y,N,D,2,0,0,0,22350.0,1,35.50020114,-119.16439959,4
2016,2016-01-31,1512,1,4,15,7,N,D,Y,B,H,A,A,01,W,08,E,,,,,I,Y,N,D,2,0,0,0,22107.0,1,35.21607043,-118.55203399,3
2016,2016-02-06,2330,2,4,23,6,N,A,N,A,H,D,A,01,S,08,E,,,,,J,Y,M,D,1,0,0,0,22107.0,3,35.25249704,-119.2526561,3
2016,2016-02-01,1300,2,4,13,1,N,A,Y,A,H,A,A,01,E,08,D,,,,,C,Y,N,D,1,0,0,0,22107.0,2,35.35267177,-119.01610024,4
2016,2016-02-01,742,2,4,7,1,N,B,Y,A,H,A,A,01,S,03,C,,,,,C,N,N,D,1,0,0,0,22350.0,2,35.38242,-119.04221,4
2016,2016-01-20,1644,1,4,16,3,Y,B,N,A,H,A,A,07,,12,D,,,,,C,Y,N,A,4,0,0,0,22450.0,2,35.09291011,-118.91472008,3
2019,2019-09-19,1608,9,3,16,4,Y,A,N,A,H,A,D,22,,09,D,,,,,C,N,N,A,1,0,0,0,21802.0,2,35.59703063964844,-119.34927368164062,4
2016,2016-01-21,1750,1,4,17,4,N,A,N,A,H,D,-,- ,W,18,D,,,Y,,H,Y,N,D,1,0,0,1,,1,35.28162336,-118.89928081,2
2016,2016-02-04,750,2,4,7,4,N,A,N,A,H,A,A,01,N,08,E,,,,,I,Y,N,D,1,0,0,0,22107.0,1,35.44423517,-119.0242202,3
2016,2016-01-22,1900,1,4,19,5,N,A,N,A,H,D,D,22,W,08,F,,,,,A,Y,N,D,1,0,0,0,22107.0,1,35.32560199,-118.8302713,3
2016,2016-01-23,1455,1,4,14,6,N,A,N,A,G,A,A,07,N,01,E,,,,,I,Y,N,D,1,0,0,0,23152.0,1,35.62347252,-119.31236938,3
2016,2016-01-30,2000,1,4,20,6,Y,A,N,A,H,C,D,22,,09,D,,,,,C,Y,M,A,3,0,0,0,21453.0,2,35.36877011,-118.93194008,4
2016,2016-01-19,650,1,4,6,2,N,B,N,A,H,A,D,22,E,03,C,,,,,C,Y,N,D,7,0,0,0,22350.0,4,35.44185,-119.30491262,1
2019,2019-07-22,1819,7,2,18,1,Y,A,Y,A,H,A,D,22,,12,H,,,,,C,Y,N,A,1,0,0,0,21453.0,3,35.601558685302734,-119.34928894042967,2
2016,2016-01-15,500,1,4,5,5,N,A,N,A,H,D,N,60,S,11,G,Y,,,,B,N,F,D,1,1,0,0,21956.0,2,35.30175805,-119.00313483,2
2016,2016-02-03,805,2,4,8,3,Y,A,N,A,H,A,A,07,,09,D,,,,,C,Y,N,A,5,0,0,0,21801.0,3,35.34399009,-119.03448003,3
2016,2016-02-05,1325,2,4,13,5,N,A,Y,A,H,A,A,01,S,03,C,,,,,C,Y,N,D,1,0,0,0,22350.0,3,35.41745506,-119.05963785,4
2016,2016-02-06,20,2,4,0,6,N,A,Y,A,H,D,A,01,W,08,E,,,,,I,Y,N,D,1,0,0,0,22107.0,1,35.60706056,-118.49645707,4
2016,2016-02-06,734,2,4,7,6,N,A,Y,A,H,A,A,07,N,03,C,,,,,C,Y,N,D,5,0,0,0,22350.0,2,35.26971938,-119.02355237,4
2016,2016-02-07,1300,2,4,13,7,Y,A,N,A,H,A,A,01,,09,D,,,,,C,Y,N,D,2,0,0,0,21801.0,2,35.40868004,-119.0163901,4
2019,2019-06-15,1757,6,2,17,6,N,A,N,A,H,A,N,60,W,11,G,Y,,,,B,Y,N,D,1,1,0,0,21954.0,2,35.59700012207031,-119.3449935913086,4
2016,2016-01-30,2015,1,4,20,6,N,E,Y,B,H,D,A,01,E,08,E,,,,,I,Y,N,D,1,0,0,0,22107.0,1,,,2
2016,2016-02-08,225,2,4,2,1,N,A,N,A,H,C,A,07,S,08,F,,,,,A,Y,N,D,2,0,0,0,22107.0,1,35.34430055,-118.98540426,3
2016,2016-02-02,1335,2,4,13,2,N,B,Y,A,H,A,G,25,S,08,F,,,,Y,A,Y,N,D,1,0,0,0,22107.0,1,,,4
2016,2016-01-22,2210,1,4,22,5,Y,A,N,A,H,D,D,22,,01,E,,,,,I,Y,M,D,1,0,0,0,23152.0,1,35.36516011,-118.94082004,3
2016,2016-02-08,1520,2,4,15,1,N,A,Y,A,H,A,C,02,N,08,F,,,Y,,A,Y,N,D,1,0,0,1,22107.0,1,35.00703,-118.9516,3
2016,2016-02-02,1615,2,4,16,2,Y,A,N,A,H,A,A,01,,03,C,,,,,C,Y,N,D,1,0,0,0,22350.0,2,35.76130001,-119.31188986,4
2016,2016-01-22,1745,1,4,17,5,N,A,N,A,H,D,N,60,W,11,G,Y,,,,B,Y,N,D,0,0,0,0,21954.0,2,35.29600025,-118.93490465,1
2016,2016-02-09,1501,2,4,15,2,Y,A,N,A,H,A,L,04,,12,D,,Y,,,G,N,N,A,1,0,1,0,21453.0,2,35.40862004,-119.03895002,2
2016,2016-02-07,2305,2,4,23,7,N,A,N,A,H,C,D,22,N,01,E,,,,,I,Y,N,A,1,0,0,0,23152.0,1,35.4412136,-119.02982175,3
2016,2016-02-10,910,2,4,9,3,N,A,Y,A,H,A,A,01,W,03,C,,,,,C,Y,N,D,2,0,0,0,22350.0,3,35.39311671,-118.97224184,4
2016,2016-01-31,1513,1,4,15,7,N,D,Y,B,H,A,D,22,E,03,A,Y,,,,E,Y,N,D,3,1,0,0,22350.0,3,35.21585754,-118.55184882,3
2016,2016-02-10,2225,2,4,22,3,Y,A,N,A,H,C,A,01,,08,E,,,,,I,Y,N,A,1,0,0,0,22107.0,1,35.37641005,-118.96758012,4
2016,2016-02-05,715,2,4,7,5,Y,A,Y,A,H,A,G,25,,09,D,,,,Y,C,N,N,A,1,0,0,0,21802.0,2,35.47408223,-119.07467681,4
2016,2016-01-16,735,1,4,7,6,N,B,Y,A,H,A,-,- ,N,18,F,,,,,I,Y,N,D,1,0,0,0,,1,34.88215278,-118.16666072,3
2016,2016-02-05,1545,2,4,15,5,N,A,Y,A,H,A,E,22,S,03,C,,,,,C,Y,N,D,2,0,0,0,22350.0,3,35.33939,-119.03947,4
2015,2015-12-26,2326,12,4,23,6,N,A,Y,A,H,D,A,01,S,01,F,,,,,A,Y,N,D,0,0,0,0,23152.0,1,35.39477798,-119.04458496,1
2016,2016-01-15,545,1,4,5,5,N,B,Y,A,H,B,A,01,E,08,B,,,,Y,C,Y,N,D,2,0,0,0,22107.0,2,35.05808164,-119.2609892,4
2015,2015-12-30,1225,12,4,12,3,N,A,N,A,H,A,A,01,N,08,E,,,,,I,Y,N,D,2,0,0,0,22107.0,1,35.24617555,-119.09214508,2
2016,2016-01-30,2320,1,4,23,6,N,A,Y,A,H,D,A,01,W,01,E,,,,Y,I,Y,N,D,2,0,0,0,23152.0,3,35.26616787,-118.66654456,3
2016,2016-01-31,424,1,4,4,7,N,B,Y,A,H,D,A,01,S,01,B,,,,,C,Y,N,D,1,0,0,0,23152.0,3,34.93124354,-118.93030291,2
2016,2016-02-09,1830,2,4,18,2,N,A,N,A,H,D,A,01,S,01,C,,,,,C,Y,N,D,1,0,0,0,23152.0,3,35.40807129,-119.03893857,3
2016,2016-02-05,1712,2,4,17,5,N,A,Y,A,H,B,C,02,N,03,F,,,Y,,A,Y,N,D,1,0,0,1,22350.0,2,35.35300137,-119.03940879,4
2016,2016-02-05,1100,2,4,11,5,N,A,N,A,H,A,D,22,W,03,C,,,,Y,C,Y,N,A,1,0,0,0,22350.0,2,35.42707739,-119.11033525,4
2016,2016-02-05,1653,2,4,16,5,Y,A,Y,A,H,A,D,22,,10,G,Y,,,,B,N,N,A,1,1,0,0,21950.0,2,,,3
2016,2016-02-07,1056,2,4,10,7,N,A,Y,A,C,A,A,01,S,03,C,,,,,C,N,N,D,1,0,0,0,22350.0,2,35.37922968,-119.04437409,4
2016,2016-02-11,715,2,4,7,4,Y,E,N,A,H,A,A,08,,12,D,,,,,C,Y,N,A,1,0,0,0,22450.0,2,35.71762002,-119.36592988,4
2016,2016-02-11,1400,2,4,14,4,N,A,N,A,H,A,A,01,N,01,A,,,,,C,Y,N,A,2,0,0,0,23152.0,2,35.39052777,-118.9850253,3
2016,2016-02-07,620,2,4,6,7,N,E,N,A,H,A,D,22,E,08,E,,,,,I,Y,N,D,1,0,0,0,22107.0,1,35.47809727,-119.29142447,3
2016,2016-02-07,107,2,4,1,7,Y,A,Y,A,H,C,A,01,,01,E,,,,,I,Y,N,A,1,0,0,0,23152.0,1,35.64482923,-119.33100113,3
2016,2016-01-31,1850,1,4,18,7,N,B,N,B,H,C,D,22,W,03,C,,,,,C,Y,N,D,2,0,0,0,22350.0,2,35.41953026,-119.03169704,4
2016,2016-02-08,1539,2,4,15,1,N,A,Y,A,H,A,A,07,N,03,C,,,,Y,C,Y,N,D,1,0,0,0,22350.0,2,,,4
2016,2016-01-31,255,1,4,2,7,N,A,N,A,H,D,D,22,N,08,F,,,,,A,Y,F,D,2,0,0,0,22107.0,1,35.63426623,-117.72301,3
2016,2016-02-06,1250,2,4,12,6,N,A,Y,A,H,A,C,02,E,08,F,,,Y,,A,Y,N,D,1,0,0,1,22107.0,1,35.65978674,-118.01831887,3
2016,2016-02-14,520,2,4,5,7,N,A,N,A,H,D,A,07,N,08,E,,,,,I,Y,M,D,1,0,0,0,22107.0,1,35.39391744,-118.9851695,3
2016,2016-02-04,2300,2,4,23,4,N,A,N,A,H,D,D,22,E,08,F,,,,,A,Y,N,D,1,0,0,0,22107.0,1,35.13111431,-118.56609106,3
2016,2016-02-07,2018,2,4,20,7,N,A,Y,A,H,D,N,60,W,11,G,Y,,,,B,N,N,D,1,1,0,0,21956.0,2,,,2
2016,2016-02-09,608,2,4,6,2,N,A,N,A,H,D,A,01,N,03,E,,,,,I,Y,N,D,1,0,0,0,22350.0,1,35.10141764,-119.31406438,4
2016,2016-02-14,1605,2,4,16,7,N,A,N,A,H,A,A,01,N,08,B,,,,,E,N,M,D,1,0,0,0,22107.0,2,35.36875231,-118.94307911,4
2016,2016-02-07,940,2,4,9,7,Y,A,Y,A,H,A,A,08,,10,G,Y,,,,B,N,N,A,1,1,0,0,21950.0,2,35.25953968,-118.91441361,4
2016,2016-02-10,319,2,4,3,3,N,A,N,A,H,D,A,01,S,08,F,,,,,A,Y,N,D,1,0,0,0,22107.0,1,34.84186015,-118.23786942,3
2016,2016-02-09,1635,2,4,16,2,N,A,Y,A,D,A,A,01,W,08,B,,,,,C,Y,N,D,1,0,0,0,22100.0,2,35.38329403,-119.05544985,4
2016,2016-02-10,2330,2,4,23,3,N,A,Y,A,H,D,A,01,S,08,E,,,,,I,Y,N,D,1,0,0,0,22107.0,1,35.69671077,-119.23139097,3
2016,2016-02-13,830,2,4,8,6,N,B,Y,A,H,A,A,01,N,01,E,,,,,I,Y,N,D,3,0,0,0,23152.0,1,35.67471991,-119.33015983,2
2016,2016-02-06,1412,2,4,14,6,Y,A,N,A,H,A,A,01,,09,D,,,,,C,Y,N,D,2,0,0,0,21800.0,2,35.59691003,-119.33642988,4
2016,2016-02-14,1615,2,4,16,7,N,A,N,A,H,A,A,08,S,03,C,,,,,C,Y,N,A,2,0,0,0,22350.0,2,35.3666913,-118.96759,4
2016,2016-02-15,455,2,4,4,1,N,A,Y,A,H,D,C,02,E,03,C,,,Y,,C,N,N,D,1,0,0,1,22350.0,2,35.0580919,-119.25998869,4
2016,2016-02-12,1650,2,4,16,5,N,A,N,A,H,A,A,07,E,03,C,,,,,C,Y,N,D,3,0,0,0,22350.0,3,34.86431858,-118.16852119,4
2016,2016-02-15,1640,2,4,16,1,Y,A,N,A,H,A,A,01,,12,D,,,,,C,Y,N,A,1,0,0,0,21453.0,2,35.31039012,-119.00313002,4
2016,2016-02-04,530,2,4,5,4,Y,A,N,A,H,C,A,01,,03,D,,,,,C,Y,N,D,1,0,0,0,22350.0,2,35.38507005,-118.97992001,4
2016,2016-02-15,1235,2,4,12,1,N,A,Y,A,H,A,A,01,E,08,E,,,,,I,Y,N,D,1,0,0,0,22107.0,1,35.64553339,-118.36421953,4
2016,2016-02-11,1800,2,4,18,4,N,A,Y,A,H,D,D,22,W,08,F,,,,,A,Y,N,D,1,0,0,0,22107.0,1,35.15723823,-118.47376215,3
2016,2016-02-10,2032,2,4,20,3,N,A,N,A,H,D,A,01,W,13,E,,,,,I,N,N,D,1,0,0,0,22515.0,1,34.81793,-118.88586647,4
2016,2016-02-15,1000,2,4,10,1,N,A,Y,A,H,A,C,02,N,03,F,,,Y,,A,Y,N,D,1,0,0,1,22350.0,1,34.82599595,-118.87307353,3
2016,2016-02-11,1430,2,4,14,4,N,A,N,A,H,A,A,01,N,08,A,,,,,C,Y,N,A,1,0,0,0,22107.0,2,35.42710744,-119.10999985,4
2016,2016-02-14,955,2,4,9,7,Y,A,N,A,H,A,D,22,,09,D,,,,,C,Y,N,D,1,0,0,0,21800.0,2,35.25606009,-118.91659006,4
2016,2016-02-15,715,2,4,7,1,N,A,Y,A,H,A,A,07,N,08,B,,,,Y,C,Y,N,D,2,0,0,0,22107.0,2,35.21774051,-119.01194284,4
2016,2016-02-09,2313,2,4,23,2,N,A,Y,A,H,D,A,01,S,08,F,,,,,A,Y,N,D,1,0,0,0,22107.0,1,,,4
2016,2016-02-06,1651,2,4,16,6,N,A,N,A,H,A,A,01,E,09,C,,,,,C,Y,N,D,3,0,0,0,21804.0,2,35.71051,-117.83918279,2
2018,2018-05-31,1938,5,1,19,4,Y,A,N,A,G,A,A,01,,09,D,,,,,C,N,F,A,1,0,0,0,21804.0,2,35.5955696105957,-119.3337631225586,3
2016,2016-02-10,1913,2,4,19,3,N,A,Y,A,H,D,A,01,W,08,E,,,,,I,Y,N,D,1,0,0,0,22107.0,1,,,4
2016,2016-02-14,1702,2,4,17,7,N,A,N,A,H,A,A,01,W,21,C,,,,,C,Y,N,D,2,0,0,0,22106.0,2,35.23799282,-119.08414613,4
2016,2016-02-13,1900,2,4,19,6,N,A,Y,A,H,D,-,99,N,08,B,,,,,C,Y,N,D,1,0,0,0,22107.0,2,35.73652863,-119.74300197,4
2016,2016-02-10,1745,2,4,17,3,N,A,Y,A,H,B,A,07,E,08,E,,,,,I,N,N,D,1,0,0,0,22107.0,1,35.67809734,-118.25310413,4
2016,2016-02-10,1530,2,4,15,3,N,A,Y,A,H,A,A,01,W,08,E,,,,,I,N,N,D,1,0,0,0,22107.0,1,35.49333218,-118.69877512,4
2016,2016-02-12,1810,2,4,18,5,N,A,N,A,H,D,N,60,E,11,G,Y,,,,B,N,N,D,1,1,0,0,21954.0,2,35.37715255,-118.97070873,4
2016,2016-02-14,1245,2,4,12,7,N,A,Y,A,H,A,A,01,E,07,D,,,,,C,N,M,D,1,0,0,0,21658.0,3,35.35229281,-118.98200263,4
2016,2016-02-17,1515,2,4,15,3,N,B,Y,B,H,A,A,01,E,03,E,,,,,I,Y,N,D,1,0,0,0,22350.0,1,35.26385043,-118.62870957,3
2016,2016-02-10,1754,2,4,17,3,N,A,N,A,H,C,F,26,W,09,D,,,,Y,C,Y,N,A,1,0,0,0,21802.0,2,35.35486,-119.3323069,4
2016,2016-02-14,245,2,4,2,7,N,A,N,A,H,D,D,22,N,08,E,,,,,I,Y,M,D,1,0,0,0,22107.0,1,35.68168364,-118.37862637,3
2016,2016-02-16,1350,2,4,13,2,N,A,N,A,H,A,A,01,W,08,E,,,,,I,Y,N,D,2,0,0,0,22107.0,1,35.09478462,-118.55128533,3
2016,2016-02-15,1805,2,4,18,1,N,A,Y,A,H,C,A,01,N,03,C,,,,,C,Y,N,D,3,0,0,0,22350.0,5,35.34228395,-119.03945828,4
2018,2018-09-30,1155,9,3,11,7,Y,A,N,A,H,A,A,01,,09,D,,,,,C,N,N,A,2,0,0,0,21802.0,2,35.588821411132805,-119.34490966796876,4
2018,2018-02-17,2105,2,4,21,6,N,A,N,A,H,C,A,07,N,01,C,,,,,E,Y,N,A,1,0,0,0,23152.0,2,35.599075317382805,-119.3425750732422,3
2018,2018-02-22,1704,2,4,17,4,N,A,N,A,H,A,A,01,E,08,E,,,,,I,Y,N,A,1,0,0,0,22107.0,1,35.57973098754883,-119.33412933349608,3
2016,2016-02-11,1620,2,4,16,4,N,A,N,A,H,A,C,02,N,03,F,,,Y,,A,Y,N,D,2,0,0,2,22350.0,1,34.98698675,-118.94476891,3
2016,2016-02-11,1210,2,4,12,4,N,A,N,A,H,A,A,01,W,08,F,,,,,A,Y,N,D,1,0,0,0,22107.0,1,35.18049973,-119.50078494,4
2018,2018-09-18,745,9,3,7,2,N,A,N,A,H,A,A,01,S,10,G,Y,,,,B,N,N,A,2,2,0,0,21950.0,3,35.605796813964844,-119.33872985839844,3
2018,2018-05-13,202,5,1,2,7,Y,A,N,A,H,C,A,01,,01,C,,,,,C,Y,N,A,4,0,0,0,23152.0,2,35.58702087402344,-119.33390045166016,4
2016,2016-02-14,1155,2,4,11,7,N,A,Y,A,H,A,C,02,E,03,F,,,Y,,A,Y,N,D,1,0,0,1,22350.0,1,35.47257074,-118.71401759,2
2016,2016-02-14,4,2,4,0,7,N,A,Y,A,D,D,A,07,S,03,D,,,,,C,N,N,D,1,0,0,0,22350.0,2,35.60076842,-119.640339,4
2016,2016-02-12,215,2,4,2,5,N,A,Y,A,H,D,N,60,W,11,G,Y,,,Y,B,N,N,D,0,0,0,0,21954.0,2,35.3521648,-118.9145989,1
2016,2016-02-17,1800,2,4,18,3,N,B,Y,A,H,C,A,01,S,09,D,,,,,C,Y,N,D,3,0,0,0,21801.0,2,35.29501033,-119.25249331,3
2016,2016-02-12,730,2,4,7,5,N,A,Y,A,H,A,D,22,N,03,C,,,,,C,Y,N,A,4,0,0,0,22350.0,2,35.39291381,-119.02734344,4
2016,2016-02-18,1014,2,4,10,4,N,A,Y,A,H,A,A,01,E,05,A,,,,,C,Y,M,A,1,0,0,0,21651.0,2,35.38325127,-119.0497794,4
2016,2016-02-09,2347,2,4,23,2,N,A,N,A,H,C,A,01,S,08,C,,,,Y,E,Y,F,D,1,0,0,0,22107.0,2,35.36297971,-118.95860782,4
2016,2016-02-11,1620,2,4,16,4,N,A,Y,A,H,A,D,22,N,08,B,,,,,C,Y,M,A,1,0,0,0,22107.0,2,35.38342051,-119.04466832,4
2016,2016-02-13,420,2,4,4,6,N,A,N,A,H,C,A,07,W,01,E,,,,,I,Y,M,D,1,0,0,0,23152.0,5,35.33992386,-118.88395379,3
2016,2016-02-15,2133,2,4,21,1,N,A,N,A,H,C,A,07,N,01,C,,,,,C,N,M,A,1,0,0,0,23152.0,3,35.33958604,-119.00311,4
2016,2016-02-16,2200,2,4,22,2,N,A,N,A,H,D,A,01,E,01,E,,,,,I,Y,M,D,1,0,0,0,23152.0,1,35.23785332,-118.90914291,3
2016,2016-02-19,900,2,4,9,5,N,A,Y,A,H,A,-,99,S,07,F,,,,,A,Y,F,D,1,0,0,0,21658.0,2,35.4409237,-119.08388084,4
2016,2016-02-08,1905,2,4,19,1,Y,A,N,A,H,C,A,08,,12,D,,,,,C,N,N,A,1,0,0,0,21453.0,2,35.34672004,-119.0390301,4
2016,2016-02-08,1110,2,4,11,1,N,A,Y,A,H,A,A,01,N,03,C,,,,Y,C,Y,N,D,1,0,0,0,22350.0,2,35.304459370000004,-119.0325948,4
2016,2016-02-09,1725,2,4,17,2,N,A,Y,A,H,A,A,01,E,03,C,,,,,C,Y,N,D,1,0,0,0,22350.0,2,35.35277109,-119.03236,4
2016,2016-02-15,1710,2,4,17,1,N,A,Y,A,H,A,A,08,E,08,E,,,,,I,Y,N,D,1,0,0,0,22107.0,1,35.31612809,-118.78821547,4
2016,2016-02-13,1405,2,4,14,6,Y,A,N,A,H,A,E,22,,09,D,,,,,C,Y,N,A,1,0,0,0,21802.0,2,35.29642002,-118.84293008,3
2016,2016-02-13,1010,2,4,10,6,Y,A,Y,A,H,A,D,22,,12,D,,,,,C,Y,N,D,2,0,0,0,21453.0,2,35.25604996,-118.91441842,4
2016,2016-02-16,1055,2,4,10,2,N,A,Y,A,H,A,D,22,E,07,B,,,,,C,Y,N,D,2,0,0,0,21658.0,2,35.35280536,-119.04109035,4
2016,2016-02-05,2155,2,4,21,5,N,A,N,A,H,D,A,01,W,01,E,,,,,I,Y,N,D,1,0,0,0,23152.0,2,35.3494246,-118.98659215,3
2016,2016-02-16,1545,2,4,15,2,N,A,N,A,H,A,A,01,S,03,C,,,,,C,Y,N,D,1,0,0,0,22350.0,2,35.36044975,-118.94988,4
2016,2016-02-20,1740,2,4,17,6,N,B,Y,A,D,D,A,01,W,08,F,,,,,I,Y,N,D,3,0,0,0,22107.0,1,35.11026583,-118.34571,4
2016,2016-02-14,2,2,4,0,7,N,A,Y,A,D,D,A,08,N,08,E,,,,,I,Y,N,D,1,0,0,0,22107.0,1,35.60076842,-119.640339,4
2015,2015-11-26,355,11,3,3,4,N,A,Y,A,D,D,A,01,S,03,C,,,,,C,Y,N,D,6,0,0,0,22350.0,5,35.60028958,-119.63988044,1
2016,2016-02-13,2355,2,4,23,6,N,A,Y,A,H,C,A,07,W,03,E,,,,,J,Y,N,D,6,0,0,0,22350.0,1,,,2
2016,2016-02-14,1545,2,4,15,7,N,A,Y,A,H,A,A,01,E,08,E,,,,,I,Y,N,D,2,0,0,0,22107.0,1,35.20884398,-118.87431016,4