ACCIDENT_YEAR,COLLISION_DATE,COLLISION_TIME,MONTH,SEASON,24HOURS,DAY_OF_WEEK,INTERSECTION,WEATHER_1,STATE_HWY_IND,ROAD_SURFACE,ROAD_COND_1,LIGHTING,STWD_VEHTYPE_AT_FAULT,CHP_VEHTYPE_AT_FAULT,DIRECTION,PCF_VIOL_CATEGORY,TYPE_OF_COLLISION,PEDESTRIAN_ACCIDENT,BICYCLE_ACCIDENT,MOTORCYCLE_ACCIDENT,TRUCK_ACCIDENT,MVIW,TOW_AWAY,HIT_AND_RUN,CONTROL_DEVICE,NUMBER_INJURED,COUNT_PED_INJURED,COUNT_BICYCLIST_INJURED,COUNT_MC_INJURED,PCF_VIOLATION,PARTY_COUNT,POINT_Y,POINT_X,COLLISION_SEVERITY
2016,2016-10-01,805,10,3,8,6,N,A,Y,A,H,A,F,26,S,03,C,,,,Y,C,Y,N,D,2,0,0,0,22350.0,2,35.09189079,-118.97853024,3
2016,2016-09-30,2241,9,3,22,5,N,A,Y,A,H,C,A,07,S,07,C,,,,,C,N,N,D,2,0,0,0,21658.0,2,,,4
2016,2016-10-01,2312,10,3,23,6,Y,A,N,A,H,C,D,22,,12,D,,,,,C,Y,N,A,1,0,0,0,21453.0,2,35.37624001,-118.93204008,3
2016,2016-10-01,920,10,3,9,6,Y,A,N,A,H,A,A,07,,12,D,,,,Y,C,Y,N,A,1,0,0,0,21453.0,2,35.41961005,-119.02126011,4
2016,2016-10-01,1200,10,3,12,6,N,A,Y,A,H,A,C,02,W,03,B,,,Y,,C,Y,N,D,2,0,0,2,22350.0,2,35.22989612,-118.70450445,3
2016,2016-10-02,1900,10,3,19,7,N,A,Y,A,H,D,A,07,S,07,B,,,,,C,N,N,D,2,0,0,0,21658.0,2,35.3821195,-119.04439806,4
2016,2016-10-02,2035,10,3,20,7,Y,A,N,A,H,D,L,04,,08,D,,Y,,,G,N,N,A,1,0,1,0,22100.0,2,35.3503201,-118.98539008,4
2016,2016-10-02,1228,10,3,12,7,N,A,Y,A,H,A,A,07,N,08,E,,,,,I,Y,N,D,1,0,0,0,22107.0,1,35.33069864,-119.03940258,4
2016,2016-10-03,2020,10,3,20,1,N,A,Y,A,H,D,A,07,E,08,E,,,,,I,Y,N,D,1,0,0,0,22107.0,1,35.4452238,-118.7899809,4
2016,2016-10-03,1000,10,3,10,1,N,A,Y,A,H,A,A,01,E,07,C,,,,,C,N,N,D,1,0,0,0,21658.0,2,35.3525649,-118.97861119,4
2016,2016-10-03,615,10,3,6,1,N,A,Y,A,H,A,D,22,N,03,C,,,,,C,Y,M,D,2,0,0,0,22350.0,5,35.41488032,-119.05758075,4
2016,2016-10-03,745,10,3,7,1,N,A,Y,A,H,A,D,22,N,05,B,,,,Y,C,Y,N,D,1,0,0,0,21650.0,2,35.66692165,-119.07562897,3
2016,2016-10-06,1140,10,3,11,4,N,A,N,A,H,A,A,07,N,08,F,,,,,A,Y,N,D,2,0,0,0,22107.0,1,34.8523646,-118.16137909,3
2016,2016-09-27,1805,9,3,18,2,N,A,Y,A,H,B,A,01,E,01,E,,,,,I,Y,N,D,2,0,0,0,23152.0,1,35.2638412,-118.62802922,3
2016,2016-10-03,1705,10,3,17,1,N,A,Y,A,H,A,-,- ,S,00,B,,,,,C,Y,N,D,2,0,0,0,,2,35.4955245,-119.15915894,4
2016,2016-10-06,1410,10,3,14,4,N,A,Y,A,H,A,A,01,W,08,F,,,,,A,Y,N,D,1,0,0,0,22107.0,1,,,3
2016,2016-10-07,700,10,3,7,5,Y,A,N,A,H,A,A,07,,09,B,,,,Y,C,Y,N,D,1,0,0,0,21804.0,2,35.19864001,-118.02127008,4
2016,2016-08-15,1455,8,2,14,1,N,A,Y,A,H,A,D,22,E,05,A,,,,,C,Y,N,D,1,0,0,0,21651.0,2,35.55881448,-118.60012262,1
2016,2016-09-30,1811,9,3,18,5,Y,A,Y,A,H,A,A,01,,09,D,,,,,C,Y,N,A,3,0,0,0,21802.0,2,34.82127011,-118.96967,3
2016,2016-10-09,1201,10,3,12,7,N,A,Y,A,H,A,A,07,W,08,F,,,,,A,Y,N,D,1,0,0,0,22107.0,1,35.39894838,-119.41237144,3
2016,2016-10-04,1400,10,3,14,2,N,A,N,A,H,A,D,22,E,21,G,Y,,,,B,N,N,D,1,1,0,0,22106.0,2,35.43091302,-119.03089968,3
2016,2016-10-04,1324,10,3,13,2,N,A,Y,A,H,A,D,22,W,08,E,,,,,I,Y,N,D,1,0,0,0,22107.0,1,35.72232562,-120.18572022,4
2016,2016-10-04,935,10,3,9,2,Y,A,N,A,H,A,A,01,,09,D,,,,,C,Y,N,D,1,0,0,0,21801.0,2,35.37769008,-118.94980009,4
2016,2016-09-28,1640,9,3,16,3,N,F,Y,A,G,A,D,22,N,03,C,,,,,C,Y,F,D,1,0,0,0,22350.0,8,35.26999912,-119.22743379,3
2016,2016-10-04,1725,10,3,17,2,N,A,Y,A,H,A,A,01,W,08,E,,,,,I,Y,N,A,1,0,0,0,22107.0,1,35.60187853,-119.24380031,2
2016,2016-10-03,1235,10,3,12,1,N,A,Y,A,H,A,A,01,N,08,E,,,,,I,Y,N,D,3,0,0,0,22107.0,1,35.449401280000004,-119.09797114,3
2016,2016-10-01,1636,10,3,16,6,N,A,Y,A,H,A,D,22,N,08,E,,,,,I,Y,N,D,1,0,0,0,22107.0,1,,,3
2016,2016-10-04,2210,10,3,22,2,N,A,Y,A,H,D,A,07,E,08,E,,,,,I,Y,N,B,1,0,0,0,22107.0,1,35.44632835,-118.7883811,4
2016,2016-10-05,1045,10,3,10,3,N,A,N,A,H,A,C,02,E,08,F,,,Y,,A,Y,N,D,1,0,0,1,22107.0,1,34.9277674,-119.40840714,2
2016,2016-10-01,1700,10,3,17,6,N,A,Y,A,H,A,A,01,E,03,B,,,,Y,C,Y,N,D,2,0,0,0,22350.0,2,35.01005797,-117.64141023,4
2016,2016-10-04,1510,10,3,15,2,N,A,Y,A,D,A,A,01,N,07,B,,,,,C,N,N,D,1,0,0,0,21658.0,2,35.3389237,-119.03973904,3
2016,2016-10-05,1135,10,3,11,3,N,A,N,A,H,A,-,- ,W,18,E,,,,,I,Y,N,D,1,0,0,0,,1,35.41258134,-119.24488038,4
2016,2016-10-10,1355,10,3,13,1,N,A,N,A,H,A,A,01,N,08,F,,,,,A,Y,N,A,2,0,0,0,22107.0,1,35.29962153,-119.46520449,4
2016,2016-09-10,2100,9,3,21,6,N,A,N,A,H,D,D,22,W,01,B,,,,,C,Y,N,D,4,0,0,0,23152.0,5,35.26691001,-118.96056994,1
2016,2016-10-05,2025,10,3,20,3,N,A,N,A,H,C,D,22,N,03,C,,,,,C,N,N,A,1,0,0,0,22350.0,2,35.35454437,-118.93202899,4
2016,2016-10-05,750,10,3,7,3,N,A,Y,A,H,A,A,01,N,03,C,,,,,C,N,N,D,1,0,0,0,22350.0,4,35.36220069,-119.03950104,4
2016,2016-10-06,740,10,3,7,4,N,A,N,A,H,A,A,01,E,06,A,,,,,C,Y,F,D,3,0,0,0,21751.0,3,35.26690945,-118.96236664,2
2016,2016-10-06,715,10,3,7,4,N,A,Y,A,H,A,A,01,E,03,C,,,,Y,C,Y,N,D,1,0,0,0,22350.0,2,35.64910401,-118.35836167,4
2016,2016-10-09,1300,10,3,13,7,N,A,N,A,H,A,C,02,W,05,B,,,Y,,C,Y,N,D,1,0,0,1,21460.0,2,34.86112953,-119.20984447,2
2016,2016-10-04,1749,10,3,17,2,N,A,Y,A,H,A,D,22,W,03,C,,,,,C,Y,N,D,1,0,0,0,22350.0,5,35.39342373,-118.9711155,4
2016,2016-10-07,1115,10,3,11,5,N,A,N,A,H,A,D,22,S,08,D,,,,,C,Y,N,D,2,0,0,0,22107.0,2,35.7612106,-119.32975074,4
2016,2016-10-07,1205,10,3,12,5,Y,A,Y,A,H,A,A,01,,12,D,,,,,C,Y,N,A,4,0,0,0,21453.0,2,,,4
2016,2016-10-07,1900,10,3,19,5,N,A,Y,A,H,D,A,07,,04,C,,,,,C,Y,N,D,1,0,0,0,21703.0,2,35.21528657,-119.01120852,4
2016,2016-10-08,1945,10,3,19,6,N,A,N,A,H,C,A,01,S,03,C,,,,,C,Y,N,D,2,0,0,0,22350.0,2,35.37496562,-118.96758,3
2016,2016-10-08,1300,10,3,13,6,N,A,N,A,H,A,-,- ,S,18,C,,,,,E,Y,N,D,1,0,0,0,,2,35.26444207,-119.00313925,3
2016,2016-10-08,800,10,3,8,6,N,A,N,A,H,A,A,07,S,08,E,,,,,I,Y,N,D,1,0,0,0,22107.0,1,35.66352312,-118.30291271,4
2016,2016-10-04,1227,10,3,12,2,Y,A,N,A,H,A,D,22,,09,D,,,,,C,N,N,D,1,0,0,0,21800.0,3,35.42420001,-119.02787007,4
2016,2016-10-09,1345,10,3,13,7,N,A,N,A,H,A,C,02,E,05,D,,,Y,,C,Y,N,D,1,0,0,1,21650.0,2,35.41636777,-119.04921504,2
2016,2016-10-09,1125,10,3,11,7,N,A,N,A,H,A,D,22,N,08,F,,,,,A,Y,N,D,1,0,0,0,22107.0,1,35.61526706,-118.24977465,3
2016,2016-10-09,1730,10,3,17,7,N,A,Y,A,H,A,A,01,W,03,C,,,,,C,N,N,D,2,0,0,0,22350.0,2,35.58647889,-118.52786081,4
2016,2016-10-11,750,10,3,7,2,N,A,Y,A,H,A,A,01,N,03,C,,,,,C,N,N,D,1,0,0,0,22350.0,2,35.34748,-119.0393,4
2016,2016-10-12,1238,10,3,12,3,N,A,N,A,H,A,A,08,E,09,D,,,Y,,C,Y,F,D,1,0,0,1,21801.0,2,35.20968218,-119.40820206,2
2016,2016-10-08,650,10,3,6,6,N,A,Y,A,H,B,A,07,S,08,F,,,,,A,Y,N,D,1,0,0,0,22107.0,1,34.97129927,-118.15989042,4
2016,2016-10-01,2055,10,3,20,6,N,A,Y,A,H,C,A,01,N,01,C,,,,,C,Y,N,D,1,0,0,0,23152.0,3,,,2
2016,2016-10-11,1855,10,3,18,2,Y,A,N,A,H,C,A,01,,09,A,,,,,C,Y,N,D,1,0,0,0,21802.0,2,35.62252002,-117.7229901,4
2016,2016-10-12,1605,10,3,16,3,N,A,Y,A,H,A,D,22,W,03,C,,,,,C,N,N,D,2,0,0,0,22350.0,2,35.1644511,-118.47340909,4
2016,2016-10-10,2500,10,3,25,1,N,A,N,A,H,B,A,08,N,08,E,,,,,I,Y,N,D,1,0,0,0,22107.0,1,34.9421472,-118.9296372,2
2016,2016-10-13,1719,10,3,17,4,N,A,Y,A,D,A,A,08,E,03,C,,,,,C,N,N,A,1,0,0,0,22350.0,3,35.11044627,-118.34070025,4
2016,2016-10-02,1428,10,3,14,7,N,A,Y,A,H,A,A,07,,08,F,,,,,A,Y,N,D,1,0,0,0,22107.0,1,35.04427336,-118.98358267,3
2016,2016-10-08,1725,10,3,17,6,Y,A,N,A,H,A,A,01,,12,D,,,,,C,Y,F,A,1,0,0,0,21453.0,2,35.37641005,-118.96758012,3
2016,2016-10-08,1814,10,3,18,6,N,A,N,A,H,C,-,99,S,10,G,Y,,,,B,N,F,A,1,1,0,0,21950.0,2,35.34668628,-119.03447008,4
2016,2016-10-09,50,10,3,0,7,N,A,Y,A,H,D,A,01,S,08,E,,,,,I,Y,N,D,2,0,0,0,22107.0,1,35.55040508,-119.19607356,3
2016,2016-10-10,800,10,3,8,1,N,A,Y,A,H,A,A,07,S,07,B,,,,,C,Y,N,D,2,0,0,0,21658.0,2,35.44078831,-119.08319197,4
2016,2016-10-04,607,10,3,6,2,Y,A,N,A,H,D,A,01,,09,D,,,,,C,Y,N,A,1,0,0,0,21802.0,2,35.55778006,-119.43869996,4
2016,2016-10-13,35,10,3,0,4,N,A,Y,A,H,C,-,99,S,07,B,,,,,C,Y,M,D,1,0,0,0,21658.0,2,35.05721506,-118.9675882,4
2016,2016-10-10,1540,10,3,15,1,Y,A,N,A,H,A,D,22,,06,B,,,,,C,Y,F,D,1,0,0,0,21750.0,2,35.63109,-119.20440996,3
2016,2016-10-02,2320,10,3,23,7,N,A,Y,A,H,D,A,07,N,03,C,,,,,C,Y,F,D,5,0,0,0,22350.0,3,35.6664773,-119.69081757,3
2016,2016-10-13,1315,10,3,13,4,N,A,Y,A,H,A,A,07,W,08,F,,,,,A,Y,N,D,1,0,0,0,22107.0,1,35.70416441,-120.15157845,2
2016,2016-10-07,1733,10,3,17,5,N,A,Y,A,H,A,A,01,S,08,F,,,,,A,Y,N,D,1,0,0,0,22107.0,1,35.39215375,-119.38837283,3
2016,2016-10-10,950,10,3,9,1,N,A,N,A,H,A,A,01,N,09,D,,,,,C,Y,N,A,2,0,0,0,21802.0,2,35.33850894,-118.84331768,4
2016,2016-10-04,735,10,3,7,2,Y,A,N,A,H,A,-,- ,,18,H,,,,,A,N,N,A,12,0,0,0,,1,35.14492849,-119.46515679,3
2016,2016-10-12,1545,10,3,15,3,N,A,Y,A,H,A,A,01,N,03,C,,,,,C,Y,N,D,2,0,0,0,22350.0,2,35.58005042,-119.20340101,4
2016,2016-10-16,1925,10,3,19,7,Y,B,Y,A,H,C,A,01,,01,A,,,,,C,N,M,D,3,0,0,0,23152.0,2,35.26879023,-118.91439944,4
2016,2016-10-12,1440,10,3,14,3,Y,A,N,A,H,A,A,01,,09,D,,,,,C,Y,N,D,2,0,0,0,21801.0,2,35.36897005,-118.9084401,4
2016,2016-10-12,905,10,3,9,3,N,A,N,A,H,A,A,01,S,03,C,,,,,C,Y,N,D,3,0,0,0,22350.0,2,35.3250583,-118.93205068,4
2016,2016-10-12,750,10,3,7,3,N,A,Y,A,H,A,A,01,N,03,E,,,,Y,I,Y,N,D,2,0,0,0,22350.0,4,35.34769995,-119.03942288,4
2016,2016-10-13,1750,10,3,17,4,N,A,N,A,H,B,A,01,S,08,E,,,,,I,Y,N,D,1,0,0,0,22107.0,1,35.72939207,-119.27627992,4
2016,2016-10-13,1700,10,3,17,4,Y,A,N,A,H,A,N,60,,11,G,Y,,,,B,N,N,A,1,1,0,0,21954.0,2,35.42711005,-119.03012009,3
2016,2016-10-09,1520,10,3,15,7,N,A,Y,A,H,A,A,01,N,08,E,,,,,I,Y,N,D,2,0,0,0,22107.0,1,34.99582613,-118.94815428,3
2016,2016-10-08,1338,10,3,13,6,N,A,N,A,H,A,A,01,E,08,F,,,,,A,Y,N,D,1,0,0,0,22107.0,1,35.07660055,-119.05648829,3
2016,2016-09-30,602,9,3,6,5,Y,A,Y,A,H,D,M,58,,09,D,,,,Y,C,Y,N,A,5,0,0,0,21802.0,3,35.05805299,-119.31359994,3
2016,2016-10-14,515,10,3,5,5,N,A,N,A,H,D,A,01,W,08,E,,,,,I,Y,N,D,1,0,0,0,22107.0,1,35.35528101,-118.90154376,3
2016,2016-10-17,1500,10,3,15,1,N,A,Y,A,H,A,A,01,N,03,C,,,,Y,C,Y,N,D,1,0,0,0,22350.0,2,35.47489992,-119.26089461,4
2016,2016-10-16,150,10,3,1,7,N,A,N,A,H,C,-,99,W,09,D,,,,,C,Y,F,D,1,0,0,0,21804.0,2,35.37064372,-118.96567303,4
2016,2016-10-12,720,10,3,7,3,Y,A,N,A,H,A,A,01,,09,D,,,,,C,Y,N,A,1,0,0,0,21802.0,2,35.10969011,-118.43251003,4
2016,2016-10-14,755,10,3,7,5,N,A,Y,A,H,A,A,01,W,03,C,,,,,C,Y,N,D,5,0,0,0,22350.0,4,35.35277255,-119.0327501,4
2016,2016-10-19,1435,10,3,14,3,Y,A,N,A,H,A,A,01,,01,A,,,,,C,Y,N,A,3,0,0,0,23152.0,2,35.37329007,-119.11010004,2
2016,2016-10-07,1555,10,3,15,5,N,A,Y,A,H,A,D,22,N,09,F,,,,,A,Y,F,A,1,0,0,0,21802.0,2,35.25786571,-118.03802177,3
2020,2020-01-01,1759,1,4,17,3,N,A,N,A,H,C,A,01,N,03,C,,,,,C,N,M,D,1,0,0,0,22350.0,2,35.496238708496094,-119.27838134765624,4
2016,2016-10-14,1920,10,3,19,5,N,A,Y,A,H,D,A,07,N,01,A,,,,,C,Y,N,D,1,0,0,0,23152.0,2,35.48204899,-119.26077918,3
2016,2016-10-16,1430,10,3,14,7,N,A,N,A,H,A,A,01,S,08,E,,,,,I,Y,N,D,1,0,0,0,22107.0,1,35.40252814,-119.40013642,4
2016,2016-10-14,1820,10,3,18,5,Y,A,N,A,H,A,A,07,,09,D,,,Y,,C,Y,N,A,1,0,0,1,21802.0,2,35.43016006,-119.03015008,4
2016,2016-10-16,1625,10,3,16,7,N,F,N,A,H,A,A,07,S,03,C,,,,,C,Y,N,D,3,0,0,0,22350.0,3,35.24998117,-119.25265,4
2016,2016-10-16,1610,10,3,16,7,N,A,Y,A,H,A,A,07,S,05,A,,,,,C,Y,N,A,1,0,0,0,21460.0,2,35.1687708,-119.51051601,3
2016,2016-10-17,755,10,3,7,1,N,A,Y,A,H,A,D,22,W,08,E,,,,,I,Y,N,D,1,0,0,0,22107.0,1,,,4
2016,2016-10-18,1845,10,3,18,2,N,A,Y,A,H,D,A,01,S,08,D,,,,Y,C,Y,N,D,1,0,0,0,22107.0,2,35.18425145,-119.13608609,3
2016,2016-10-14,735,10,3,7,5,N,A,Y,A,H,A,A,01,S,03,C,,,,,C,Y,N,D,1,0,0,0,22350.0,2,35.36701269,-119.0413713,4
2016,2016-10-15,1855,10,3,18,6,N,A,N,A,H,D,A,01,W,01,E,,,,,I,Y,N,D,1,0,0,0,23152.0,1,35.60173,-119.20971,3
2016,2016-10-08,1606,10,3,16,6,Y,A,N,A,H,A,A,01,,12,D,,,,,C,Y,M,A,4,0,0,0,21453.0,4,35.41955006,-119.0300601,4
2016,2016-10-18,550,10,3,5,2,Y,A,N,A,H,D,D,22,,05,D,,,,,C,Y,N,D,2,0,0,0,21752.0,2,35.50041011,-119.42111989,4
2016,2016-10-19,100,10,3,1,3,N,A,Y,A,H,D,A,07,N,08,F,,,,,A,Y,N,D,1,0,0,0,22107.0,1,35.4306598,-119.44109106,3
2016,2016-10-21,45,10,3,0,5,N,A,Y,A,H,D,G,25,N,03,C,,,,Y,C,Y,N,D,1,0,0,0,22350.0,2,35.27819779,-119.23615626,4
2016,2016-10-15,2300,10,3,23,6,N,A,Y,A,H,D,A,07,E,08,E,,,,,I,Y,N,D,1,0,0,0,22107.0,1,35.70304243,-118.06498076,4
2016,2016-10-15,1925,10,3,19,6,N,A,N,A,H,C,A,07,W,09,D,,,,,C,Y,N,D,2,0,0,0,21801.0,2,35.376222,-118.93379191,4
2016,2016-10-15,1120,10,3,11,6,N,A,Y,A,H,A,C,02,W,08,F,,,Y,,A,Y,N,D,1,0,0,1,22107.0,1,35.56697508,-118.58584571,3
2016,2016-02-20,57,2,4,0,6,N,A,Y,A,H,D,A,01,N,03,D,,,,,C,Y,N,D,1,0,0,0,22350.0,2,35.27955897,-119.23760396,1
2016,2016-10-16,1410,10,3,14,7,N,B,N,A,H,A,-,- ,N,18,E,,,,,J,Y,N,D,1,0,0,0,,1,35.67089931,-118.33566345,3
2016,2016-10-16,945,10,3,9,7,N,A,Y,A,H,A,C,02,W,08,F,,,Y,,A,N,N,D,1,0,0,1,22107.0,1,35.52851493,-118.65911219,4
2016,2016-10-16,1417,10,3,14,7,N,A,Y,A,H,A,A,01,S,03,D,,,,,C,Y,N,D,1,0,0,0,22350.0,2,35.31750808,-119.03605384,4
2016,2016-10-18,1515,10,3,15,2,N,A,N,A,H,A,A,07,E,21,H,,,,,C,N,N,D,2,0,0,0,22106.0,2,35.4635381,-119.27343656,3
2016,2016-10-18,1735,10,3,17,2,N,A,Y,A,H,A,A,01,N,03,C,,,,,C,N,N,D,1,0,0,0,22350.0,2,35.37231371,-119.04370436,4
2016,2016-10-18,736,10,3,7,2,N,A,N,A,H,A,L,04,S,05,D,,Y,,,G,N,N,A,1,0,1,0,21650.0,2,35.41887177,-119.03916,4
2016,2016-10-12,1605,10,3,16,3,Y,A,N,A,H,A,H,13,,03,C,,,,,C,N,N,D,1,0,0,0,22350.0,2,35.39761007,-118.96759009,4
2016,2016-10-20,1715,10,3,17,4,N,A,Y,A,H,A,-,98,W,03,C,,,,,C,Y,N,D,1,0,0,0,22350.0,2,35.61611303,-119.66561031,4
2016,2016-10-16,935,10,3,9,7,N,A,N,A,H,A,A,01,S,08,B,,,,,C,Y,N,D,1,0,0,0,22107.0,2,35.48002511,-119.27857,4
2016,2016-10-18,1345,10,3,13,2,Y,A,N,A,H,A,C,03,,05,D,,,Y,,C,Y,N,D,1,0,0,1,21752.0,2,35.39388009,-118.97734011,3
2016,2016-10-12,1705,10,3,17,3,N,A,Y,A,H,A,D,22,E,07,C,,,Y,,C,Y,N,D,1,0,0,1,21658.0,2,35.35279577,-119.03929826,4
2016,2016-10-14,515,10,3,5,5,N,A,Y,A,H,D,A,01,N,01,A,,,,,C,Y,N,D,3,0,0,0,23152.0,2,35.31206,-118.91432266,2
2016,2016-09-16,2300,9,3,23,5,N,A,N,A,H,D,A,01,S,03,H,,,,,A,Y,N,A,3,0,0,0,22350.0,1,35.23804177,-118.86049989,1
2016,2016-10-22,820,10,3,8,6,N,A,N,A,H,A,A,01,N,01,E,,,,,I,Y,M,D,1,0,0,0,23152.0,1,35.30349494,-119.00313,3
2016,2016-10-15,1135,10,3,11,6,N,A,N,A,H,A,A,07,E,08,F,,,,,A,Y,N,D,1,0,0,0,22107.0,1,35.23768172,-119.01367843,4
2016,2016-10-12,1650,10,3,16,3,N,A,Y,A,H,A,-,99,E,07,F,,,,,A,Y,M,D,1,0,0,0,21658.0,2,35.11539812,-118.18637862,4
2016,2016-10-19,750,10,3,7,3,N,A,Y,A,H,A,A,08,E,03,C,,,,,C,Y,N,D,2,0,0,0,22350.0,3,35.35275647,-119.02858987,4
2016,2016-10-19,1610,10,3,16,3,N,A,Y,A,H,A,D,22,N,03,C,,,,,C,Y,N,D,1,0,0,0,22350.0,3,,,4
2016,2016-10-17,759,10,3,7,1,N,A,N,A,H,A,A,01,E,21,G,Y,,,,B,N,N,D,1,1,0,0,22106.0,2,35.258767,-118.91430795,4
2016,2016-10-11,850,10,3,8,2,N,A,Y,A,H,A,G,26,E,08,C,,Y,,Y,G,N,N,D,0,0,0,0,22107.0,2,,,1
2016,2016-10-23,1010,10,3,10,7,N,B,Y,A,H,A,D,22,W,08,F,,,,,A,Y,N,D,1,0,0,0,22107.0,1,35.00727657,-117.84831062,3
2016,2016-10-23,1128,10,3,11,7,N,B,Y,A,H,A,C,02,N,03,C,,,Y,,C,Y,N,D,3,0,0,3,22350.0,2,,,3
2016,2016-10-24,525,10,3,5,1,N,B,N,B,H,D,A,01,W,08,F,,,,,A,Y,N,D,1,0,0,0,22107.0,1,34.95168967,-118.17121504,4
2016,2016-10-20,1100,10,3,11,4,N,A,N,A,H,A,L,04,E,05,D,,Y,,,C,N,N,D,1,0,1,0,21650.0,2,35.40674966,-119.02088649,4
2016,2016-10-17,800,10,3,8,1,N,A,Y,A,B,A,-,- ,S,18,F,,,,,A,Y,M,D,1,0,0,0,,2,35.32808619,-119.29841932,3
2016,2016-10-20,750,10,3,7,4,N,A,Y,A,H,A,A,07,N,08,E,,,,,I,Y,N,D,1,0,0,0,22107.0,1,35.27059755,-119.02378323,3
2016,2016-10-19,1425,10,3,14,3,N,A,N,A,H,A,A,01,S,08,F,,,,,A,Y,N,D,1,0,0,0,22107.0,1,34.93821674,-119.40387199,4
2016,2016-10-20,935,10,3,9,4,Y,A,N,A,H,A,L,04,,05,H,,Y,,,G,N,N,A,1,0,1,0,21650.0,2,35.41459009,-119.02121013,2
2016,2016-10-19,1503,10,3,15,3,N,A,N,A,H,A,A,07,W,09,C,,,,,C,Y,N,A,1,0,0,0,21804.0,2,35.354863280000004,-119.33276249,4
2016,2016-10-19,605,10,3,6,3,N,A,Y,A,H,B,A,01,N,08,C,,,,Y,C,Y,N,A,1,0,0,0,22107.0,2,35.44586608,-119.46144192,3
2016,2016-10-24,1700,10,3,17,1,N,A,N,A,H,A,D,22,E,03,C,,,,,C,Y,N,D,1,0,0,0,22350.0,2,35.73162619,-119.76037135,4
2016,2016-10-21,1600,10,3,16,5,N,A,Y,A,H,A,A,01,E,03,C,,,,,C,N,N,D,1,0,0,0,22350.0,2,35.33659472,-118.83544319,4
2016,2016-10-17,1730,10,3,17,1,Y,A,N,A,H,A,A,07,,09,D,,,,,C,Y,N,A,3,0,0,0,21802.0,2,35.61297011,-119.68990987,3
2016,2016-10-05,800,10,3,8,3,N,A,N,A,H,B,A,07,W,03,C,,,,,C,Y,N,A,4,0,0,0,22350.0,3,34.82324459,-118.95457096,3
2016,2016-10-13,1600,10,3,16,4,Y,A,N,A,H,A,A,01,,05,D,,,,,C,Y,N,D,1,0,0,0,21460.0,2,35.04540011,-118.84661,2
2016,2016-10-20,15,10,3,0,4,N,A,Y,A,H,D,A,01,S,08,E,,,,,I,Y,N,D,1,0,0,0,22107.0,1,35.42093236,-119.06105111,4
2016,2016-10-21,1605,10,3,16,5,N,A,N,A,H,A,D,22,W,21,C,,,,,C,N,N,A,1,0,0,0,22106.0,2,35.49944833,-119.07677327,4
2016,2016-10-21,1545,10,3,15,5,N,A,N,A,H,A,D,22,W,03,C,,,,,C,Y,N,D,2,0,0,0,22350.0,2,35.41237738,-119.0487312,3
2016,2016-10-21,1525,10,3,15,5,N,A,Y,A,H,A,C,02,E,08,E,,,Y,,I,Y,N,D,1,0,0,1,22107.0,1,35.4686264,-118.75350126,3
2016,2016-10-20,635,10,3,6,4,N,A,N,A,H,B,D,22,E,09,D,,,,,C,Y,N,D,1,0,0,0,21804.0,2,35.35435657,-119.24682319,4
2016,2016-10-21,1525,10,3,15,5,N,A,Y,A,H,A,A,01,N,03,C,,,,,C,Y,N,D,1,0,0,0,22350.0,2,35.35925922,-119.0395981,4
2016,2016-10-11,1740,10,3,17,2,Y,A,Y,A,H,A,A,01,,09,D,,,,,C,Y,N,D,1,0,0,0,21801.0,2,35.26718181,-119.10958991,3
2016,2016-10-04,627,10,3,6,2,Y,A,N,A,H,B,A,01,,12,D,,,,,C,Y,N,A,4,0,0,0,22450.0,2,35.51445006,-119.31364996,1
2016,2016-10-23,1250,10,3,12,7,Y,B,N,A,H,A,D,22,,03,D,,,,,C,Y,N,D,1,0,0,0,22350.0,2,35.76842003,-118.43478003,4
2016,2016-10-23,1700,10,3,17,7,Y,B,N,A,H,A,A,01,,12,D,,,,,C,Y,N,A,3,0,0,0,21453.0,2,35.37227002,-118.94982005,3
2016,2016-09-02,745,9,3,7,5,Y,A,N,A,H,A,-,- ,,18,H,,,,,A,N,N,A,1,0,0,0,,1,35.32505002,-119.05678011,4
2016,2016-10-23,1300,10,3,13,7,N,B,Y,A,H,A,A,01,S,03,C,,,,,C,Y,N,D,1,0,0,0,22350.0,2,35.3319,-118.91429982,4
2016,2016-10-20,135,10,3,1,4,N,A,Y,A,H,D,G,25,S,03,C,,,,Y,C,Y,N,D,1,0,0,0,22350.0,2,34.85766743,-118.87634705,3
2016,2016-10-16,49,10,3,0,7,N,A,Y,A,H,C,D,22,W,01,E,,,,,E,Y,N,D,1,0,0,0,23152.0,2,35.39327629,-118.97177397,3
2016,2016-10-13,625,10,3,6,4,N,A,Y,A,H,B,A,01,N,03,C,,,,,C,Y,N,D,2,0,0,0,22350.0,3,35.60307166,-119.21167333,4
2016,2016-10-24,1635,10,3,16,1,Y,A,N,A,H,A,L,04,,12,H,,Y,,,G,N,N,A,1,0,1,0,22450.0,2,35.40679008,-119.02996004,3
2016,2016-10-24,850,10,3,8,1,N,B,N,A,H,A,A,01,E,03,C,,,,,C,Y,N,D,1,0,0,0,22350.0,2,35.64508913,-119.32598682,4
2016,2016-10-24,1550,10,3,15,1,N,A,Y,A,H,A,D,22,W,03,C,,,,,C,N,N,A,1,0,0,0,22350.0,2,35.499445,-119.07673996,4
2016,2016-10-24,830,10,3,8,1,N,A,N,A,H,A,A,07,E,21,C,,,,,C,N,N,D,2,0,0,0,22106.0,2,35.40862,-119.03861484,4
2016,2016-10-20,1610,10,3,16,4,N,A,Y,A,H,A,A,01,N,08,C,,,Y,,C,N,N,D,2,0,0,2,22107.0,3,35.37217532,-119.04364885,3