ACCIDENT_YEAR,COLLISION_DATE,COLLISION_TIME,MONTH,SEASON,24HOURS,DAY_OF_WEEK,INTERSECTION,WEATHER_1,STATE_HWY_IND,ROAD_SURFACE,ROAD_COND_1,LIGHTING,STWD_VEHTYPE_AT_FAULT,CHP_VEHTYPE_AT_FAULT,DIRECTION,PCF_VIOL_CATEGORY,TYPE_OF_COLLISION,PEDESTRIAN_ACCIDENT,BICYCLE_ACCIDENT,MOTORCYCLE_ACCIDENT,TRUCK_ACCIDENT,MVIW,TOW_AWAY,HIT_AND_RUN,CONTROL_DEVICE,NUMBER_INJURED,COUNT_PED_INJURED,COUNT_BICYCLIST_INJURED,COUNT_MC_INJURED,PCF_VIOLATION,PARTY_COUNT,POINT_Y,POINT_X,COLLISION_SEVERITY
2016,2016-11-18,1830,11,3,18,5,N,A,N,A,H,D,A,07,N,01,B,,,,,C,Y,M,D,2,0,0,0,23152.0,2,35.69061397,-119.22308069,4
2016,2016-11-18,1651,11,3,16,5,N,A,Y,A,H,A,A,01,N,01,C,,,,,C,Y,N,D,1,0,0,0,23152.0,4,,,3
2016,2016-11-15,920,11,3,9,2,N,A,N,A,H,A,A,01,N,03,C,,,,,C,N,M,A,1,0,0,0,22350.0,2,35.31047232,-119.00313,4
2016,2016-11-13,2155,11,3,21,7,N,A,Y,A,H,C,A,01,E,03,D,,,,,C,Y,F,D,2,0,0,0,22350.0,2,35.35266543,-119.01508933,4
2016,2016-11-21,1936,11,3,19,1,N,A,Y,A,H,D,A,01,W,01,E,,,,,I,Y,N,A,1,0,0,0,23152.0,1,,,4
2016,2016-11-08,1625,11,3,16,2,N,A,Y,A,H,A,-,- ,W,18,H,,,,,A,Y,N,D,1,0,0,0,,1,35.33909485,-118.84695019,4
2016,2016-11-09,1440,11,3,14,3,N,A,N,A,H,A,A,01,W,08,F,,,,,A,Y,N,D,1,0,0,0,22107.0,1,35.25247627,-118.8971028,3
2016,2016-11-13,825,11,3,8,7,Y,A,Y,A,H,A,A,01,,09,D,,,,,C,Y,N,A,3,0,0,0,21802.0,2,35.76133866,-119.34446415,3
2016,2016-11-12,1505,11,3,15,6,N,A,Y,A,H,A,A,01,N,08,E,,,,,I,Y,N,D,2,0,0,0,22107.0,1,35.52926914,-119.56693719,3
2016,2016-11-11,2325,11,3,23,5,N,A,N,A,H,C,A,01,S,09,B,,,,,C,Y,N,D,1,0,0,0,21802.0,2,35.37393495,-118.96758853,4
2016,2016-11-18,815,11,3,8,5,N,A,Y,A,H,A,A,01,S,03,C,,,,Y,C,Y,N,D,2,0,0,0,22350.0,2,35.59836313,-119.63857759,3
2016,2016-11-09,1500,11,3,15,3,Y,A,N,A,H,A,A,07,,09,D,,,,,C,Y,N,A,1,0,0,0,21802.0,2,35.22342009,-119.10992008,4
2016,2016-11-15,1435,11,3,14,2,N,A,N,A,H,A,A,07,E,08,C,,,,,E,Y,N,D,1,0,0,0,22107.0,2,35.26803273,-119.00901344,4
2016,2016-11-22,1605,11,3,16,2,N,A,Y,A,H,A,A,01,,08,E,,,,,I,Y,N,D,1,0,0,0,22107.0,1,35.11586983,-118.18955469,3
2016,2016-11-07,246,11,3,2,1,N,A,N,A,H,C,C,02,E,06,B,,,Y,,C,Y,N,D,1,0,0,1,21755.0,2,35.43519805,-119.02979462,2
2016,2016-11-22,1108,11,3,11,2,N,A,Y,A,H,A,A,08,N,01,C,,,,,C,Y,F,D,3,0,0,0,23152.0,2,35.55949119,-119.19748352,3
2016,2016-11-22,1109,11,3,11,2,N,A,Y,A,H,A,A,08,N,01,C,,,,,C,Y,F,D,2,0,0,0,23152.0,2,35.56726544,-119.2001229,3
2016,2016-11-27,1125,11,3,11,7,N,B,Y,B,H,A,A,07,N,03,C,,,,,C,Y,N,D,2,0,0,0,22350.0,4,,,4
2016,2016-11-25,1745,11,3,17,5,Y,A,N,A,H,C,-,- ,,00,D,,Y,,,G,N,F,A,1,0,1,0,,2,35.37795007,-118.97404001,3
2016,2016-11-28,805,11,3,8,1,N,B,Y,A,H,A,A,01,S,03,C,,,,,C,N,M,D,1,0,0,0,22350.0,2,35.36834003,-118.91424227,4
2016,2016-11-26,2110,11,3,21,6,N,B,Y,B,H,C,A,01,E,01,C,,,,,C,Y,F,A,4,0,0,0,23152.0,3,35.38355852,-119.14512021,2
2016,2016-11-16,1720,11,3,17,3,N,A,N,A,H,D,A,01,N,03,C,,,,,C,Y,N,A,2,0,0,0,22350.0,2,35.35785604,-118.93202,3
2016,2016-11-28,1305,11,3,13,1,N,B,Y,A,H,A,A,01,E,03,C,,,,,C,Y,N,D,2,0,0,0,22350.0,2,35.64971278,-120.03780333,4
2016,2016-11-18,1320,11,3,13,5,N,A,Y,A,H,A,A,01,N,08,B,,,,,C,Y,M,D,1,0,0,0,22107.0,2,35.33284991,-119.03950379,4
2016,2016-11-27,1440,11,3,14,7,N,A,Y,A,H,A,A,07,N,03,C,,,,,C,Y,N,D,3,0,0,0,22350.0,3,35.1540786,-119.10270464,4
2016,2016-11-18,1615,11,3,16,5,Y,A,N,A,H,A,A,07,,09,D,,,,,C,N,N,D,1,0,0,0,21800.0,2,35.38756009,-118.98066002,4
2016,2016-11-16,2130,11,3,21,3,N,A,Y,A,H,D,A,07,E,08,E,,,,,I,Y,N,D,1,0,0,0,22107.0,1,35.55652412,-118.59626448,3
2016,2016-11-24,1300,11,3,13,4,N,A,Y,A,H,A,A,07,W,01,C,,,,,C,Y,F,D,2,0,0,0,23153.0,2,35.39636055,-118.93671028,2
2016,2016-11-18,1950,11,3,19,5,N,A,Y,A,H,C,D,22,W,07,B,,,,,C,N,M,D,1,0,0,0,21658.0,2,35.38333608,-119.06869027,4
2016,2016-11-19,1030,11,3,10,6,N,A,Y,A,H,A,A,01,W,07,D,,,,,C,Y,N,D,1,0,0,0,21658.0,2,,,4
2016,2016-11-18,600,11,3,6,5,N,A,N,A,H,B,A,01,N,06,B,,,,,C,Y,N,D,2,0,0,0,21750.0,2,35.05033366,-118.91748784,3
2016,2016-11-18,1342,11,3,13,5,Y,A,N,A,H,A,-,- ,,09,D,,,,,C,Y,N,D,1,0,0,0,21800.0,2,35.35174007,-119.05312001,4
2016,2016-11-16,1130,11,3,11,3,Y,B,N,A,H,A,A,01,,12,D,,,,Y,C,Y,N,A,2,0,0,0,21453.0,2,35.3625701,-118.93199009,3
2016,2016-11-28,1525,11,3,15,1,N,B,Y,A,H,A,D,22,S,01,H,,,,,J,Y,N,D,1,0,0,0,23152.0,1,35.29583,-119.03033,4
2016,2016-11-15,906,11,3,9,2,N,A,N,A,H,A,G,25,S,03,F,,,,Y,A,Y,N,D,1,0,0,0,22350.0,1,35.64552993,-119.20078014,4
2016,2016-11-19,1435,11,3,14,6,N,A,Y,A,H,A,A,01,E,08,E,,,,,I,Y,N,D,2,0,0,0,22107.0,1,,,4
2016,2016-11-20,1740,11,3,17,7,Y,A,Y,A,H,C,A,07,,09,D,,,Y,,C,Y,N,D,1,0,0,1,21802.0,2,35.38350445,-119.12654025,3
2016,2016-10-28,205,10,3,2,5,N,A,N,A,H,C,-,- ,S,18,D,,,Y,,C,N,N,D,1,0,0,0,,2,35.3732354,-119.11009318,4
2016,2016-11-27,600,11,3,6,7,Y,B,N,B,H,B,A,01,,01,E,,,,,I,Y,N,D,1,0,0,0,23152.0,1,35.03489004,-118.96026007,4
2016,2016-11-23,1040,11,3,10,3,N,A,Y,A,H,A,A,01,S,03,C,,,,,C,Y,N,D,4,0,0,0,22350.0,2,35.42618266,-117.67248298,3
2016,2016-11-20,1750,11,3,17,7,Y,A,Y,A,H,C,A,01,,09,D,,,,,C,N,N,D,1,0,0,0,21802.0,2,35.20854573,-119.00898979,4
2016,2016-11-21,755,11,3,7,1,N,C,Y,B,H,A,D,22,W,07,C,,,,Y,C,N,N,D,1,0,0,0,21658.0,2,35.35268205,-118.973606,4
2016,2016-11-21,718,11,3,7,1,N,C,Y,B,H,A,D,22,W,03,D,,,,,C,Y,N,D,1,0,0,0,22350.0,2,35.35226878,-118.9853001,4
2016,2016-11-18,2145,11,3,21,5,Y,A,N,A,H,C,A,01,,12,D,,,,,C,Y,N,A,1,0,0,0,21453.0,2,35.37611011,-118.95412004,2
2016,2016-11-21,1630,11,3,16,1,N,A,N,A,H,B,D,22,W,03,C,,,,,C,Y,N,D,1,0,0,0,22350.0,2,35.35432913,-119.23968914,4
2016,2016-11-21,1100,11,3,11,1,N,B,Y,B,H,A,A,07,E,08,F,,,,,A,Y,N,D,1,0,0,0,22107.0,1,35.52886822,-118.65697756,3
2016,2016-11-30,730,11,3,7,3,Y,A,N,A,H,A,A,01,,12,D,,,,,C,N,N,D,1,0,0,0,22450.0,2,35.15920008,-119.46014995,4
2016,2016-11-22,1130,11,3,11,2,N,B,N,A,H,A,-,- ,N,00,D,,,,,C,N,N,D,1,0,0,0,,2,35.36203863,-118.91274896,4
2016,2016-11-22,1710,11,3,17,2,N,A,Y,A,H,C,M,47,S,03,C,,,,,C,Y,N,D,4,0,0,0,22350.0,2,35.77158449,-119.25136799,4
2016,2016-11-23,1620,11,3,16,3,Y,A,N,A,H,A,L,04,,12,H,,Y,,,G,N,N,A,1,0,1,0,22450.0,2,35.41547006,-119.02344013,3
2016,2016-11-23,1235,11,3,12,3,N,A,Y,A,D,A,D,22,E,03,C,,,,,C,Y,N,D,3,0,0,0,22350.0,3,35.38337255,-119.08122037,4
2016,2016-11-23,610,11,3,6,3,N,B,N,A,H,B,A,01,E,03,C,,,,,C,Y,N,D,1,0,0,0,22350.0,2,35.39752,-118.99237303,4
2016,2016-11-24,640,11,3,6,4,N,A,Y,A,H,A,A,01,E,08,C,,,,,C,Y,N,D,2,0,0,0,22107.0,2,,,4
2016,2016-11-25,1100,11,3,11,5,N,A,Y,A,H,A,A,01,N,03,C,,,,,C,Y,N,D,1,0,0,0,22350.0,3,35.34028,-119.03999,4
2016,2016-11-25,1754,11,3,17,5,Y,A,N,A,H,C,A,01,,01,C,,,,,C,Y,N,D,2,0,0,0,23152.0,2,35.39478004,-118.98516011,3
2016,2016-11-25,2320,11,3,23,5,N,A,N,A,H,C,L,04,W,08,C,,Y,,,E,N,N,D,1,0,1,0,22107.0,2,35.40343383,-119.02684259,3
2016,2016-11-29,1028,11,3,10,2,N,A,N,A,H,A,A,07,N,08,F,,,,,A,Y,N,D,1,0,0,0,22107.0,1,34.87491454,-118.22894001,4
2016,2016-10-23,600,10,3,6,7,Y,A,N,A,H,B,D,22,,01,D,,,,,C,Y,N,A,3,0,0,0,23152.0,2,35.76105011,-119.43685992,1
2016,2016-11-20,740,11,3,7,7,N,B,N,A,H,A,A,01,N,09,D,,,,,C,Y,N,D,1,0,0,0,21801.0,2,35.41284896,-119.05877,4
2016,2016-11-20,1740,11,3,17,7,Y,A,N,A,H,C,L,04,,12,H,,Y,,,G,N,N,A,1,0,1,0,21453.0,2,35.34672004,-119.0390301,4
2016,2016-11-22,1655,11,3,16,2,N,A,N,A,H,C,A,01,N,08,C,,,,,E,Y,N,D,1,0,0,0,22107.0,3,35.36927182,-118.90524064,4
2016,2016-11-24,1730,11,3,17,4,N,A,N,A,H,D,A,01,S,03,C,,,,,C,N,N,D,1,0,0,0,22350.0,2,35.31545744,-119.00299104,4
2016,2016-11-25,1535,11,3,15,5,N,A,Y,A,H,A,A,01,S,03,C,,,,,C,Y,N,D,1,0,0,0,22350.0,2,35.34472863,-119.03970249,4
2016,2016-11-27,1440,11,3,14,7,N,A,N,A,H,A,A,01,E,05,D,,,,,C,Y,N,A,1,0,0,0,21752.0,2,35.48530916,-117.63752552,4
2016,2016-11-28,1745,11,3,17,1,Y,A,Y,A,H,C,A,01,,09,D,,,,,C,Y,N,A,3,0,0,0,21802.0,2,35.10043453,-118.14317578,2
2016,2016-11-30,710,11,3,7,3,N,A,Y,A,H,A,A,07,W,03,C,,,,,C,Y,N,D,1,0,0,0,22350.0,2,35.13042491,-118.5516976,4
2016,2016-12-03,355,12,4,3,6,N,A,Y,A,H,D,A,01,S,01,B,,,,,I,Y,N,D,1,0,0,0,23152.0,1,35.58952488,-119.20408314,4
2016,2016-11-26,2300,11,3,23,6,N,A,N,B,H,D,A,01,N,09,D,,,,,C,N,N,A,1,0,0,0,21804.0,2,35.41552414,-119.05239518,4
2016,2016-12-02,1225,12,4,12,5,N,B,N,A,H,A,D,22,E,03,C,,,,,C,Y,N,D,2,0,0,0,22350.0,2,35.09450018,-118.62433328,4
2016,2016-11-26,1300,11,3,13,6,N,B,N,A,H,A,A,07,N,03,C,,,,,C,Y,N,D,1,0,0,0,22350.0,2,35.24109693,-118.8246039,4
2016,2016-11-19,1440,11,3,14,6,N,A,N,A,H,A,A,07,W,08,E,,,,,J,N,N,D,1,0,0,0,22107.0,1,35.31100814,-118.8433147,4
2016,2016-11-28,1235,11,3,12,1,N,A,N,A,H,A,A,01,N,09,D,,,,,C,N,N,D,1,0,0,0,21801.0,2,35.3948353,-119.07435513,4
2016,2016-11-28,1130,11,3,11,1,N,B,N,A,H,A,A,01,W,08,E,,,,,I,Y,N,D,1,0,0,0,22107.0,1,35.67433213,-119.26229166,4
2016,2016-11-27,340,11,3,3,7,Y,A,Y,B,H,D,-,99,,12,D,,,,,C,Y,M,A,1,0,0,0,22450.0,2,35.20892694,-118.86107967,4
2016,2016-11-18,2150,11,3,21,5,Y,A,N,A,H,C,A,01,,12,B,,,,,C,Y,F,A,1,0,0,0,21453.0,2,35.36516006,-118.93194004,3
2016,2016-11-28,1642,11,3,16,1,N,A,Y,A,H,A,A,08,W,08,C,,,,,C,Y,N,D,3,0,0,0,22107.0,2,35.35270934,-118.9699772,4
2016,2016-09-24,1233,9,3,12,6,N,A,Y,A,H,A,A,01,N,08,F,,,,,A,Y,N,D,3,0,0,0,22107.0,2,35.3625262,-119.34697814,1
2016,2016-11-28,1555,11,3,15,1,Y,B,N,A,H,A,D,22,,09,D,,,,,C,Y,N,D,4,0,0,0,21801.0,2,35.37524005,-118.96758002,4
2016,2016-11-29,1645,11,3,16,2,Y,A,Y,A,H,A,A,01,,09,D,,,,,C,Y,N,D,1,0,0,0,21802.0,2,35.62834111,-118.47848103,4
2016,2016-11-22,620,11,3,6,2,Y,E,N,A,H,A,D,22,,09,D,,,,,C,Y,N,A,4,0,0,0,21802.0,2,35.71757005,-119.40159999,3
2016,2016-11-21,625,11,3,6,1,Y,B,Y,B,H,B,A,01,,12,D,,,,,C,Y,N,A,1,0,0,0,21453.0,2,35.29604972,-118.91434555,3
2016,2016-11-11,1158,11,3,11,5,Y,A,N,A,H,A,D,22,,03,D,,,,,C,Y,N,D,1,0,0,0,22350.0,2,35.7325201,-119.15067999,3
2016,2016-11-21,1725,11,3,17,1,N,A,N,A,H,C,A,01,S,10,G,Y,,,,B,N,N,D,1,1,0,0,21950.0,2,35.38367208,-118.98375276,4
2016,2016-11-25,1220,11,3,12,5,Y,A,N,A,H,A,A,01,,05,B,,,,,C,Y,N,A,1,0,0,0,21752.0,2,35.28150004,-118.93210007,4
2016,2016-11-28,1820,11,3,18,1,N,A,Y,A,H,C,D,22,N,05,B,,,,,C,Y,N,D,1,0,0,0,21650.0,2,35.31458001,-118.91432101,3
2016,2016-11-29,1715,11,3,17,2,N,A,Y,A,H,C,A,07,E,03,C,,,,,C,N,N,D,1,0,0,0,22350.0,3,35.35277117,-119.03237996,4
2016,2016-11-30,835,11,3,8,3,N,A,Y,A,H,A,A,01,S,03,C,,,,,C,N,N,D,2,0,0,0,22350.0,2,35.37856928,-119.04436928,4
2016,2016-11-30,610,11,3,6,3,Y,A,Y,A,H,D,D,22,,05,D,,,,,C,Y,N,D,1,0,0,0,21752.0,2,35.33887012,-118.91428358,4
2016,2016-11-30,1350,11,3,13,3,N,A,Y,A,H,A,A,01,W,03,C,,,,,C,N,N,D,3,0,0,0,22350.0,2,35.32978254,-118.80830508,4
2016,2016-11-24,835,11,3,8,4,N,A,Y,A,H,A,D,22,N,03,C,,,,,C,Y,N,D,2,0,0,0,22350.0,4,35.40280309,-119.40242988,4
2016,2016-11-30,1720,11,3,17,3,N,A,Y,A,H,C,A,01,W,03,C,,,,,C,Y,N,D,1,0,0,0,22350.0,3,,,4
2016,2016-11-30,1700,11,3,17,3,N,A,N,A,H,A,N,60,E,11,G,Y,,,,B,N,N,D,1,1,0,0,21954.0,2,35.37318,-118.94981,4
2016,2016-12-01,1918,12,4,19,4,Y,A,N,A,H,C,A,01,,08,B,,,,,C,Y,N,A,1,0,0,0,22107.0,2,35.37608001,-118.94082009,4
2016,2016-12-01,2335,12,4,23,4,N,A,N,A,H,C,A,01,S,01,A,,,,,C,Y,N,D,1,0,0,0,23152.0,2,35.37567005,-118.91423296,4
2016,2016-10-09,1923,10,3,19,7,N,A,N,A,H,D,N,60,W,11,G,Y,,,,B,N,N,D,0,0,0,0,21954.0,2,35.38445467,-118.98212102,1
2016,2016-11-29,1500,11,3,15,2,Y,A,N,A,H,A,A,01,,09,A,,,,,C,Y,N,D,2,0,0,0,21801.0,2,35.39775004,-119.07439006,4
2016,2016-12-01,1220,12,4,12,4,N,A,N,A,H,A,A,07,W,21,C,,,,,C,N,N,A,2,0,0,0,22106.0,2,35.40862,-119.03921813,4
2016,2016-10-27,6,10,3,0,4,N,A,Y,A,H,C,A,01,S,05,A,,,,Y,C,Y,N,D,1,0,0,0,21460.0,2,35.58192901,-117.91231378,1
2016,2016-12-02,1754,12,4,17,5,N,A,Y,A,H,C,N,60,E,11,G,Y,,,,B,N,N,D,3,3,0,0,21954.0,4,35.39938067,-119.47383883,4
2016,2016-11-26,1918,11,3,19,6,N,A,Y,A,H,D,A,01,S,03,C,,,,,C,Y,N,D,5,0,0,0,22350.0,2,34.91377285,-118.92339933,3
2016,2016-12-02,1710,12,4,17,5,N,A,Y,A,H,C,A,07,E,03,C,,,,,C,N,N,D,2,0,0,0,22350.0,2,35.35278378,-119.03575995,4
2016,2016-12-03,1510,12,4,15,6,N,A,Y,A,H,A,A,01,N,03,C,,,,,C,Y,N,D,3,0,0,0,22350.0,2,,,4
2016,2016-12-03,1820,12,4,18,6,N,A,N,A,H,C,A,07,W,03,C,,,,,C,Y,N,D,1,0,0,0,22350.0,2,35.31774,-119.00840348,4
2016,2016-12-04,1515,12,4,15,7,N,A,N,A,H,A,D,22,E,08,C,,,,,E,N,N,D,1,0,0,0,22107.0,2,35.4180768,-119.04520806,4
2016,2016-12-06,817,12,4,8,2,N,A,Y,A,H,A,D,22,N,05,A,,,,Y,C,Y,N,D,1,0,0,0,21650.0,2,35.44368996,-119.07468839,4
2016,2016-12-01,250,12,4,2,4,N,A,Y,A,H,D,A,01,N,01,C,,,,,C,Y,N,D,1,0,0,0,23152.0,2,34.99083019,-118.94658556,4
2016,2016-11-22,715,11,3,7,2,Y,E,Y,A,H,A,A,01,,12,D,,,,,C,Y,N,D,1,0,0,0,22450.0,2,35.70317999,-119.33043946,4
2016,2016-11-29,1355,11,3,13,2,N,A,N,A,H,A,A,01,E,08,E,,,,,J,Y,N,D,1,0,0,0,22107.0,1,35.22348076,-118.86011283,4
2016,2016-12-02,949,12,4,9,5,N,A,Y,A,H,A,I,11,S,03,C,,,,,C,Y,N,D,2,0,0,0,22350.0,3,35.33791026,-119.03947477,4
2016,2016-12-02,950,12,4,9,5,N,A,Y,A,H,A,D,22,S,03,C,,,,,C,N,N,D,1,0,0,0,22350.0,2,35.33791026,-119.03947477,4
2016,2016-12-07,900,12,4,9,3,N,A,Y,A,H,A,A,08,S,07,B,,,,,C,Y,N,D,2,0,0,0,21658.0,2,35.35969042,-119.03959261,4
2016,2016-12-02,1545,12,4,15,5,N,A,Y,A,H,A,A,01,S,07,B,,,,,C,Y,N,D,2,0,0,0,21658.0,3,35.3990588,-119.04496769,4
2016,2016-11-23,1055,11,3,10,3,Y,B,N,A,H,A,N,60,,11,G,Y,,,,B,N,N,A,1,1,0,0,21950.0,2,35.40863005,-119.03301009,4
2016,2016-11-28,1719,11,3,17,1,N,C,Y,B,H,C,A,01,S,03,C,,,,,C,N,F,D,1,0,0,0,22350.0,2,35.52441063,-119.08117706,4
2016,2016-12-07,745,12,4,7,3,N,B,N,A,H,A,D,22,W,03,C,,,,,C,N,N,D,1,0,0,0,22350.0,2,35.35432351,-118.92290092,4
2016,2016-12-07,905,12,4,9,3,N,B,N,A,H,A,A,01,N,03,C,,,,Y,C,N,N,A,2,0,0,0,22350.0,2,35.33947744,-118.99425968,4
2016,2016-11-30,705,11,3,7,3,N,A,Y,A,H,A,A,07,W,03,C,,,,,C,Y,N,D,3,0,0,0,22350.0,4,35.13042886,-118.55170566,4
2016,2016-12-02,2355,12,4,23,5,N,A,Y,A,H,C,A,01,N,01,F,,,,,A,Y,N,D,1,0,0,0,23152.0,1,35.10195346,-118.14196597,3
2016,2016-12-03,1912,12,4,19,6,N,A,N,A,H,D,A,01,E,08,E,,,,,I,Y,N,D,1,0,0,0,22107.0,1,35.49940665,-119.54542645,3
2016,2016-12-05,1535,12,4,15,1,N,A,N,A,H,A,A,01,W,08,F,,,,,A,Y,N,D,1,0,0,0,22107.0,1,35.42639382,-117.70084701,4
2016,2016-11-27,6,11,3,0,7,Y,A,N,A,H,C,-,- ,,00,D,,,,,C,Y,N,A,1,0,0,0,,2,35.2668501,-119.00316013,4
2016,2016-12-01,2145,12,4,21,4,N,A,Y,A,H,C,A,07,E,08,F,,,,,A,Y,N,D,1,0,0,0,22107.0,1,35.64574384,-118.4594885,3
2016,2016-12-08,1735,12,4,17,4,N,B,Y,B,H,D,A,01,W,03,E,,,,,I,Y,N,D,1,0,0,0,22350.0,1,35.15895798,-118.47380528,4
2016,2016-11-23,1415,11,3,14,3,N,B,Y,A,H,A,A,01,E,08,E,,,,,I,Y,N,D,2,0,0,0,22107.0,1,35.26204689,-118.62061624,4
2016,2016-11-30,1715,11,3,17,3,N,A,Y,A,H,D,A,01,E,08,F,,,,,A,Y,N,D,2,0,0,0,22107.0,1,35.47558419,-118.75263133,3
2016,2016-12-04,154,12,4,1,7,N,A,N,A,H,D,N,60,S,11,G,Y,,,,B,N,F,D,1,1,0,0,21954.0,2,35.40773462,-119.02106275,2
2016,2016-12-12,1117,12,4,11,1,N,A,N,A,H,A,A,01,S,08,F,,,,,A,Y,N,D,1,0,0,0,22107.0,1,34.90315571,-118.15601128,4
2016,2016-12-01,2110,12,4,21,4,N,A,Y,A,H,C,G,25,N,08,F,,,,Y,I,Y,N,A,1,0,0,0,22107.0,1,34.9889,-118.9444,4
2016,2016-12-10,905,12,4,9,6,Y,A,N,A,H,A,-,99,,12,D,,,,,C,Y,M,A,1,0,0,0,21457.0,2,35.41961005,-119.02126011,4
2016,2016-12-09,510,12,4,5,5,N,A,Y,B,H,C,G,25,S,08,F,,,,Y,C,Y,N,D,2,0,0,0,22107.0,2,35.4962067,-119.15962353,4
2016,2016-12-06,1520,12,4,15,2,N,B,Y,A,H,A,A,08,S,09,D,,,,,C,Y,N,A,1,0,0,0,21802.0,2,35.29030012,-119.25254681,4
2016,2016-12-11,847,12,4,8,7,N,C,Y,B,H,A,A,01,W,08,E,,,,,I,Y,N,D,3,0,0,0,22107.0,1,35.14142814,-118.4672552,3
2016,2016-12-12,650,12,4,6,1,Y,A,N,A,H,A,A,01,,09,D,,,Y,,C,Y,N,D,1,0,0,1,21801.0,2,34.8641701,-118.17820013,3
2016,2016-12-06,1900,12,4,19,2,N,A,Y,A,H,D,A,07,N,09,A,,,,,C,Y,N,D,1,0,0,0,21804.0,2,35.69790198,-118.46272765,2
2016,2016-12-05,815,12,4,8,1,Y,A,N,A,H,A,A,07,,09,D,,,,,C,N,N,A,2,0,0,0,21802.0,2,35.41951004,-119.02344004,4
2016,2016-12-07,1445,12,4,14,3,N,A,Y,A,H,A,D,22,E,03,C,,,,,C,Y,N,D,2,0,0,0,22350.0,2,35.2322874,-119.37120123,4
2016,2016-12-07,630,12,4,6,3,N,A,Y,A,H,B,A,01,W,03,C,,,,,C,Y,N,A,1,0,0,0,22350.0,3,35.26737377,-119.25296093,4
2016,2016-12-01,955,12,4,9,4,N,B,Y,A,H,A,D,22,W,05,B,,,,,C,Y,N,D,1,0,0,0,21650.0,3,35.26750098,-119.28752221,4
2016,2016-11-18,2030,11,3,20,5,N,A,Y,A,H,D,G,26,E,03,C,,,,Y,C,Y,N,D,1,0,0,0,22350.0,2,35.00654907,-117.6811397,1
2016,2016-12-08,646,12,4,6,4,Y,B,N,B,H,A,A,08,,09,D,,,,,C,Y,N,A,1,0,0,0,21804.0,2,35.03088004,-118.92646004,4
2016,2016-11-30,1730,11,3,17,3,N,A,Y,A,H,C,A,01,S,03,C,,,,,C,Y,N,D,1,0,0,0,22350.0,3,35.33830042,-119.03947253,4
2016,2016-11-18,1200,11,3,12,5,N,A,Y,A,H,A,-,- ,S,18,E,,,,,I,Y,N,D,1,0,0,0,,1,35.6668528,-118.47145291,3
2016,2016-12-07,1640,12,4,16,3,N,B,Y,A,H,B,A,07,S,08,C,,,,,C,Y,N,D,1,0,0,0,22107.0,4,35.4062994,-119.04802544,3
2016,2016-12-09,1320,12,4,13,5,N,A,Y,A,H,A,A,01,S,01,F,,,,,A,Y,N,D,1,0,0,0,23152.0,1,35.43241196,-119.68632945,4
2016,2016-12-08,1255,12,4,12,4,N,B,Y,B,H,A,A,01,W,03,E,,,,,I,Y,N,D,1,0,0,0,22350.0,2,35.23847731,-118.57765236,4
2016,2016-12-12,750,12,4,7,1,N,B,Y,A,H,A,A,07,N,07,F,,,,,I,Y,M,D,1,0,0,0,21658.0,2,35.72268943,-119.23757885,4
2016,2016-12-08,1635,12,4,16,4,N,C,Y,B,H,A,D,22,E,03,E,,,,,I,Y,N,D,1,0,0,0,22350.0,1,35.22250878,-118.56090053,3
2016,2016-12-07,1730,12,4,17,3,N,B,Y,A,H,D,A,01,S,01,C,,,,,C,Y,N,D,3,0,0,0,23152.0,3,35.37758028,-119.04436208,3
2016,2016-12-08,1425,12,4,14,4,Y,A,Y,A,H,A,A,01,,09,D,,,,,C,Y,N,A,2,0,0,0,21453.0,2,35.26735665,-119.25267991,3
2016,2016-12-09,1000,12,4,10,5,N,A,Y,A,H,A,D,22,S,08,F,,,,,A,Y,N,D,1,0,0,0,22107.0,1,35.31018451,-119.27298544,3
2016,2016-12-08,1723,12,4,17,4,N,A,Y,A,H,D,A,01,E,03,C,,,,,C,Y,N,D,1,0,0,0,22350.0,6,35.35276117,-119.02990017,4
2016,2016-12-09,925,12,4,9,5,N,A,N,A,H,A,A,08,W,03,C,,,,,C,Y,N,A,2,0,0,0,22350.0,2,35.39748,-118.9985908,4
2016,2016-12-09,755,12,4,7,5,N,B,Y,B,H,A,D,22,S,03,C,,,,,C,Y,N,D,1,0,0,0,22350.0,3,35.43909787,-119.08110985,4
2016,2016-11-28,505,11,3,5,1,N,A,Y,A,H,C,A,01,S,03,C,,,,Y,C,Y,N,D,1,0,0,0,22350.0,2,35.19944898,-119.00874033,4
2016,2016-12-09,710,12,4,7,5,N,B,Y,B,H,A,A,01,W,03,F,,,,,A,Y,N,D,1,0,0,0,22350.0,1,35.44291232,-118.79180702,3
2016,2016-12-09,845,12,4,8,5,N,B,Y,A,H,A,D,22,E,08,E,,,,,I,Y,N,D,1,0,0,0,22107.0,1,35.53145,-118.64693252,3
2016,2016-12-14,1128,12,4,11,3,N,A,Y,A,H,A,D,22,W,03,C,,,,,C,Y,N,B,5,0,0,0,22350.0,2,35.38333291,-119.06759967,3
2016,2016-12-08,2316,12,4,23,4,N,B,Y,B,H,C,A,07,N,01,E,,,,,I,Y,N,D,1,0,0,0,23152.0,1,35.4134,-119.05419,4
2016,2016-12-13,1830,12,4,18,2,N,A,N,A,H,D,A,01,N,01,C,,,,,C,Y,M,D,1,0,0,0,23152.0,2,35.35481874,-118.93202798,4
2016,2016-12-09,1550,12,4,15,5,N,A,Y,A,H,A,A,01,S,03,C,,,,,C,Y,N,D,1,0,0,0,22350.0,4,35.38082886,-119.04463973,3
2016,2016-12-07,2055,12,4,20,3,N,A,Y,A,H,D,A,01,E,08,F,,,,,A,Y,N,D,2,0,0,0,22107.0,1,35.38670752,-118.98539895,4