ACCIDENT_YEAR,COLLISION_DATE,COLLISION_TIME,MONTH,SEASON,24HOURS,DAY_OF_WEEK,INTERSECTION,WEATHER_1,STATE_HWY_IND,ROAD_SURFACE,ROAD_COND_1,LIGHTING,STWD_VEHTYPE_AT_FAULT,CHP_VEHTYPE_AT_FAULT,DIRECTION,PCF_VIOL_CATEGORY,TYPE_OF_COLLISION,PEDESTRIAN_ACCIDENT,BICYCLE_ACCIDENT,MOTORCYCLE_ACCIDENT,TRUCK_ACCIDENT,MVIW,TOW_AWAY,HIT_AND_RUN,CONTROL_DEVICE,NUMBER_INJURED,COUNT_PED_INJURED,COUNT_BICYCLIST_INJURED,COUNT_MC_INJURED,PCF_VIOLATION,PARTY_COUNT,POINT_Y,POINT_X,COLLISION_SEVERITY
2017,2017-06-20,538,6,2,5,2,N,A,Y,A,H,B,A,01,N,07,B,,,,,C,Y,N,D,2,0,0,0,21658.0,3,35.44901499,-119.46580117,3
2017,2017-06-19,450,6,2,4,1,N,A,Y,A,H,B,D,22,N,03,C,,,,,C,Y,N,D,3,0,0,0,22350.0,2,35.68096547,-119.70118199,3
2017,2017-06-22,1255,6,2,12,4,N,A,Y,A,H,A,G,27,E,03,C,,,,Y,C,N,N,D,2,0,0,0,22350.0,2,,,4
2017,2017-06-22,1000,6,2,10,4,N,A,N,A,H,A,A,08,E,06,B,,,,Y,C,Y,N,D,1,0,0,0,21750.0,2,35.09517504,-119.02056098,4
2017,2017-06-26,745,6,2,7,1,N,A,N,A,H,A,A,01,W,03,C,,,,,C,N,N,A,1,0,0,0,22350.0,2,34.86429922,-118.17010112,4
2017,2017-06-26,1545,6,2,15,1,N,A,Y,A,H,A,A,01,S,08,F,,,,,I,Y,N,A,1,0,0,0,22107.0,1,35.32409937,-119.25233711,4
2017,2017-06-26,2010,6,2,20,1,N,A,Y,A,H,B,A,01,E,08,E,,,,,I,Y,N,A,1,0,0,0,22107.0,1,35.17110174,-119.45377553,4
2017,2017-06-27,855,6,2,8,2,N,A,N,A,H,A,D,22,W,17,H,,Y,,,C,N,N,D,1,0,1,0,23114.0,2,35.13162907,-118.56819928,3
2017,2017-06-22,1120,6,2,11,4,N,A,Y,A,H,A,A,07,N,08,F,,,,,A,N,N,D,3,0,0,0,22107.0,1,35.76211353,-119.76163826,4
2017,2017-06-24,143,6,2,1,6,N,A,N,A,H,C,A,07,E,01,D,,,,,C,Y,N,D,2,0,0,0,23152.0,4,35.38349872,-118.97814815,4
2017,2017-06-17,1825,6,2,18,6,N,A,Y,A,H,A,A,07,S,08,E,,,,,I,Y,N,D,1,0,0,0,22107.0,1,34.85793659,-118.17184632,3
2017,2017-06-23,1245,6,2,12,5,N,A,Y,A,H,A,A,01,S,03,C,,,,,C,Y,N,D,2,0,0,0,22350.0,2,35.61134781,-119.6494171,2
2017,2017-06-26,1000,6,2,10,1,Y,A,N,A,H,A,A,07,,05,D,,,,,C,Y,N,D,1,0,0,0,21752.0,2,35.71791006,-119.24083992,4
2017,2017-06-26,652,6,2,6,1,N,A,Y,A,H,A,A,07,S,03,C,,,,,C,Y,N,D,2,0,0,0,22350.0,2,35.23611141,-119.01469986,3
2020,2020-01-30,1725,1,4,17,4,N,A,Y,A,H,B,A,01,W,09,D,,,,,C,N,N,D,1,0,0,0,21804.0,2,35.145721435546875,-119.46768188476562,3
2017,2017-06-27,920,6,2,9,2,N,A,Y,A,H,A,A,01,E,03,C,,,,,C,Y,N,D,1,0,0,0,22350.0,2,35.69598771,-118.4635781,3
2020,2020-01-11,2114,1,4,21,6,N,A,Y,A,H,D,A,01,S,05,A,,,,,C,Y,F,D,1,0,0,0,21650.0,2,35.13895797729492,-119.44715881347656,3
2020,2020-01-25,942,1,4,9,6,N,A,Y,A,H,A,A,01,S,01,C,,,,,C,Y,N,D,1,0,0,0,23152.0,2,35.143104553222656,-119.4594268798828,3
2017,2017-06-27,910,6,2,9,2,N,A,Y,A,H,A,A,01,N,08,E,,,,,I,Y,N,D,1,0,0,0,22107.0,1,35.66008949,-119.07735917,4
2017,2017-06-28,838,6,2,8,3,N,A,Y,A,H,A,A,01,W,03,C,,,,,C,Y,N,D,1,0,0,0,22350.0,2,35.39660541,-118.94237041,4
2017,2017-06-17,750,6,2,7,6,N,A,Y,A,H,A,A,07,E,05,A,,,,,C,Y,N,D,5,0,0,0,21460.0,3,35.66927687,-118.03557465,3
2017,2017-06-20,2335,6,2,23,2,N,A,N,A,H,D,D,22,E,08,E,,,,,I,Y,N,D,1,0,0,0,22107.0,1,35.40926365,-119.01453861,4
2017,2017-06-22,505,6,2,5,4,Y,A,N,A,H,B,D,22,,01,D,,,,,C,Y,M,A,1,0,0,0,23152.0,2,35.37641005,-118.96758012,4
2017,2017-06-24,1925,6,2,19,6,N,A,Y,A,H,A,A,01,S,08,D,,,,,C,Y,N,D,1,0,0,0,22107.0,2,35.63117772,-119.08525353,4
2017,2017-06-21,1710,6,2,17,3,N,A,N,A,H,A,N,60,E,11,G,Y,,,,B,N,N,D,1,1,0,0,21954.0,2,35.4124,-119.05777457,3
2017,2017-06-28,1655,6,2,16,3,N,A,N,A,H,A,A,08,W,03,C,,,,,C,N,N,D,4,0,0,0,22350.0,2,35.26687907,-118.9853969,4
2017,2017-06-28,1650,6,2,16,3,Y,A,N,A,H,A,A,01,,03,C,,,,,C,Y,N,D,2,0,0,0,22350.0,2,35.43051007,-119.03896014,4
2017,2017-06-29,752,6,2,7,4,N,A,N,A,H,A,A,01,S,08,B,,,,,E,Y,N,D,1,0,0,0,22107.0,2,35.39748,-118.99844,4
2017,2017-06-29,30,6,2,0,4,Y,A,N,A,H,D,A,01,,01,E,,,,,I,Y,N,D,3,0,0,0,23152.0,1,35.42874011,-119.0334301,4
2017,2017-06-26,1625,6,2,16,1,N,A,N,A,H,A,D,22,E,21,D,,,,,C,Y,N,D,2,0,0,0,22106.0,2,35.36697,-118.95006,4
2017,2017-06-26,1610,6,2,16,1,N,A,N,A,H,A,C,02,E,08,E,,,Y,,I,N,N,D,1,0,0,1,22107.0,1,35.09538294,-118.54279465,3
2017,2017-06-26,1900,6,2,19,1,N,A,N,A,H,B,-,- ,W,18,E,,,,,H,Y,N,D,1,0,0,0,,1,35.10945001,-118.51640471,4
2017,2017-06-09,2357,6,2,23,5,Y,B,N,A,H,C,N,60,,11,G,Y,,,,B,N,N,D,1,1,0,0,21954.0,2,35.40862001,-119.03555001,2
2017,2017-06-30,1025,6,2,10,5,N,A,N,A,H,A,A,07,S,03,F,,,,,A,Y,N,D,1,0,0,0,22350.0,1,34.87455452,-118.22920399,4
2017,2017-06-16,340,6,2,3,5,N,A,Y,A,H,D,A,01,N,08,F,,,,,A,Y,N,D,6,0,0,0,22107.0,1,35.16443077,-119.11416829,3
2017,2017-07-02,1030,7,2,10,7,N,A,Y,A,H,A,A,07,N,03,C,,,,,C,Y,N,D,1,0,0,0,22350.0,2,35.58371778,-119.62452596,4
2017,2017-06-23,1402,6,2,14,5,N,A,N,A,H,A,D,22,E,03,C,,,,,C,N,N,D,1,0,0,0,22350.0,2,35.29614889,-119.24363047,4
2017,2017-06-25,835,6,2,8,7,N,A,N,A,H,A,D,22,E,08,E,,,,,J,Y,N,D,1,0,0,0,22107.0,1,35.77613026,-119.12969646,3
2017,2017-06-24,2155,6,2,21,6,N,A,Y,A,H,D,A,01,N,08,F,,,,,A,Y,N,D,2,0,0,0,22107.0,1,35.56992116,-117.73007188,2
2017,2017-06-24,1250,6,2,12,6,N,A,N,A,H,A,A,01,N,08,B,,Y,,,G,N,F,D,1,0,1,0,22107.0,2,35.42432587,-119.02180195,3
2017,2017-07-02,1755,7,2,17,7,N,A,N,A,H,A,A,01,S,03,C,,,,,C,Y,N,A,6,0,0,0,22350.0,2,35.04158776,-118.17015389,4
2017,2017-06-27,205,6,2,2,2,N,A,N,A,H,C,L,04,S,05,A,,Y,,,G,N,F,D,1,0,1,0,21650.0,2,35.41304267,-119.02998,3
2017,2017-07-03,1500,7,2,15,1,N,A,N,A,H,A,A,07,N,08,F,,,,,A,Y,N,D,2,0,0,0,22107.0,1,35.63242752,-117.77210355,3
2017,2017-06-22,310,6,2,3,4,N,A,Y,A,H,C,A,07,S,03,C,,,,,C,Y,N,D,3,0,0,0,22350.0,2,35.41032716,-119.05251051,4
2017,2017-06-26,440,6,2,4,1,N,A,Y,A,H,D,A,07,S,01,E,,,,,I,Y,N,D,1,0,0,0,23152.0,1,35.43180895,-119.0733432,3
2017,2017-07-01,1523,7,2,15,6,Y,A,N,A,H,A,A,01,,09,D,,,,,C,Y,N,D,2,0,0,0,21801.0,2,35.31775008,-119.00579002,3
2017,2017-06-24,1250,6,2,12,6,Y,A,N,A,H,A,J,48,,22,D,,,,,C,Y,N,A,1,0,0,0,,2,35.41227004,-119.03909001,3
2017,2017-06-26,1525,6,2,15,1,N,A,N,A,H,A,L,04,N,05,D,,Y,,,C,N,N,D,1,0,1,0,21650.0,2,35.34233528,-118.93204,4
2017,2017-06-27,717,6,2,7,2,N,A,Y,A,H,A,A,07,N,07,B,,,,Y,C,Y,N,D,1,0,0,0,21658.0,2,35.56909758,-119.2005581,4
2017,2017-06-30,1520,6,2,15,5,N,A,N,A,H,A,D,22,N,09,E,,,,,I,N,N,A,1,0,0,0,21802.0,2,35.39423939,-119.07993,4
2017,2017-06-27,220,6,2,2,2,N,A,N,A,H,D,A,01,E,08,E,,,,,I,Y,N,D,1,0,0,0,22107.0,1,35.55821579,-119.27585077,4
2017,2017-06-25,1245,6,2,12,7,N,A,Y,A,H,A,-,99,S,08,B,,,,,C,Y,M,D,2,0,0,0,22107.0,3,,,4
2017,2017-06-15,906,6,2,9,4,N,A,N,A,H,A,A,07,W,05,A,,,,Y,C,Y,N,D,1,0,0,0,21650.0,2,35.71774315,-119.27948924,2
2017,2017-06-25,1910,6,2,19,7,Y,A,N,A,H,A,D,22,,09,A,,,,,C,Y,N,A,2,0,0,0,21802.0,2,34.81947003,-119.00447004,4
2017,2017-07-02,1350,7,2,13,7,N,A,Y,A,H,A,A,01,W,03,C,,,,,C,Y,N,D,3,0,0,0,22350.0,2,35.05858354,-119.17166028,2
2017,2017-06-25,1148,6,2,11,7,N,A,Y,A,H,A,D,22,N,03,C,,,,,C,Y,N,D,1,0,0,0,22350.0,2,,,4
2017,2017-06-30,1550,6,2,15,5,N,A,Y,A,H,A,C,02,S,08,F,,,Y,,A,N,N,D,1,0,0,1,22107.0,1,,,3
2017,2017-07-01,1800,7,2,18,6,N,A,Y,A,H,A,A,07,N,08,F,,,,,A,Y,N,D,3,0,0,0,22107.0,1,34.82198921,-118.17020921,3
2017,2017-07-01,710,7,2,7,6,Y,A,N,A,H,A,A,01,,12,D,,,,,C,Y,N,A,2,0,0,0,21453.0,2,34.86420009,-118.17594003,4
2017,2017-06-30,730,6,2,7,5,N,A,N,A,H,A,D,22,E,08,E,,,,,I,Y,N,D,1,0,0,0,22107.0,1,35.20898317,-119.1547776,4
2017,2017-06-16,1757,6,2,17,5,N,A,Y,A,H,A,A,01,N,08,F,,,,,I,Y,N,D,1,0,0,0,22107.0,1,35.21823043,-119.17284018,1
2017,2017-07-01,1055,7,2,10,6,N,A,Y,A,H,A,A,01,S,03,C,,,,,C,Y,N,D,1,0,0,0,22350.0,2,35.59481132,-119.6346342,4
2017,2017-06-30,745,6,2,7,5,N,A,N,A,H,A,F,26,W,08,F,,,,Y,A,Y,N,D,1,0,0,0,22107.0,1,35.29613357,-119.18631345,4
2017,2017-06-30,1230,6,2,12,5,Y,A,N,A,H,A,L,04,,05,D,,Y,,,G,N,N,A,1,0,1,0,21650.0,2,35.34677006,-119.04340003,4
2017,2017-06-30,1853,6,2,18,5,N,A,Y,A,H,A,A,01,S,03,C,,,,Y,C,Y,N,A,1,0,0,0,22350.0,2,34.90737371,-118.92370799,4
2017,2017-06-27,825,6,2,8,2,N,A,N,A,H,A,A,01,W,09,F,,,Y,,A,N,F,D,1,0,0,1,21801.0,2,35.36888002,-119.2184793,3
2017,2017-06-30,1850,6,2,18,5,N,A,Y,A,H,A,C,02,W,01,E,,,Y,,I,Y,N,D,2,0,0,2,23152.0,1,35.47487128,-118.73119389,2
2017,2017-06-30,920,6,2,9,5,Y,A,N,A,H,A,F,26,,09,D,,,,Y,C,Y,N,D,3,0,0,0,21802.0,2,35.26733005,-118.84278003,3
2017,2017-07-06,845,7,2,8,4,N,A,Y,A,H,A,D,22,N,08,B,,,,,C,N,N,D,1,0,0,0,22107.0,2,35.46231973,-119.48464674,4
2017,2017-05-28,502,5,1,5,7,N,A,Y,A,H,D,N,60,W,11,G,Y,,,,B,Y,N,D,0,0,0,0,21954.0,2,35.39174141,-119.02579306,1
2017,2017-07-01,1610,7,2,16,6,N,A,N,A,H,A,A,01,E,01,E,,,,,I,Y,N,D,1,0,0,0,23152.0,1,35.55807188,-119.30959337,3
2017,2017-07-01,1715,7,2,17,6,Y,A,Y,A,H,A,A,01,,12,D,,,,,C,Y,N,A,1,0,0,0,22450.0,2,35.20881909,-118.87805006,2
2017,2017-07-01,1615,7,2,16,6,N,A,N,A,H,A,A,01,E,01,C,,,,,C,Y,N,A,3,0,0,0,23152.0,2,35.36698453,-118.95014718,3
2017,2017-06-20,30,6,2,0,2,N,A,N,A,H,D,A,01,E,01,C,,,,,E,Y,N,D,1,0,0,0,23152.0,4,35.41361,-119.03393387,2
2017,2017-06-23,1305,6,2,13,5,N,A,N,A,H,A,D,22,E,08,E,,,,,I,Y,N,D,1,0,0,0,22107.0,1,35.79039442,-119.27454788,2
2017,2017-06-27,205,6,2,2,2,N,A,Y,A,H,D,A,07,E,01,A,,,,Y,C,Y,N,D,1,0,0,0,23152.0,2,35.6014708,-119.40550181,4
2017,2017-06-30,1820,6,2,18,5,Y,A,Y,A,H,A,A,01,,05,C,,,,,C,N,N,D,1,0,0,0,21752.0,2,35.7343106,-118.12703392,4
2017,2017-06-30,500,6,2,5,5,Y,A,Y,A,H,B,D,22,,12,D,,,,,C,Y,N,A,3,0,0,0,22450.0,2,35.76141077,-119.20525991,3
2017,2017-07-01,2340,7,2,23,6,N,A,N,A,B,D,C,02,E,01,F,,,Y,,A,N,N,D,1,0,0,1,23152.0,1,35.43037,-119.00916481,3
2017,2017-07-01,2115,7,2,21,6,N,A,Y,A,H,D,A,01,N,01,C,,,,,C,Y,N,D,2,0,0,0,23152.0,2,,,4
2017,2017-07-07,1521,7,2,15,5,Y,A,Y,A,H,A,A,01,,09,D,,,,,C,Y,N,A,2,0,0,0,21802.0,2,35.65177334,-117.72290004,3
2017,2017-07-02,1500,7,2,15,7,N,A,Y,A,H,A,A,01,S,08,E,,,,,I,Y,N,D,4,0,0,0,22107.0,1,35.55374904,-119.19680978,2
2017,2017-07-06,1640,7,2,16,4,N,A,N,A,H,A,A,01,S,04,E,,,,,I,Y,N,D,1,0,0,0,21703.0,1,34.84983461,-118.16072252,4
2017,2017-07-09,248,7,2,2,7,N,A,Y,A,H,D,A,07,S,01,F,,,,,A,Y,N,D,2,0,0,0,23152.0,1,34.88791089,-118.16617318,3
2017,2017-07-04,200,7,2,2,2,N,A,Y,A,H,C,A,07,N,08,F,,,,,A,Y,N,D,3,0,0,0,22107.0,1,35.41421,-119.05759,3
2017,2017-07-04,1310,7,2,13,2,N,A,N,A,H,A,A,01,N,03,C,,,,,C,Y,N,A,2,0,0,0,22350.0,2,35.41974488,-119.08337089,4
2017,2017-06-28,833,6,2,8,3,N,A,Y,A,D,A,D,22,S,03,C,,,,Y,C,Y,N,D,2,0,0,0,22350.0,3,35.33547042,-119.03974574,4
2017,2017-07-01,916,7,2,9,6,N,A,Y,A,H,A,D,22,S,21,B,,,,,C,Y,N,D,1,0,0,0,22106.0,2,35.05433,-118.96563,4
2017,2017-07-05,1210,7,2,12,3,N,A,N,A,H,A,D,22,W,03,C,,,,,C,N,N,D,2,0,0,0,22350.0,2,35.39024179,-118.99585179,4
2017,2017-07-05,1125,7,2,11,3,N,A,Y,A,H,A,A,01,S,08,B,,,,,C,Y,N,D,1,0,0,0,22107.0,2,35.36549903,-119.04070219,4
2017,2017-06-12,2020,6,2,20,1,Y,A,N,A,H,B,C,02,,12,D,,,Y,,C,Y,N,A,0,0,0,0,22450.0,2,35.42701004,-119.10114004,1
2017,2017-07-04,1619,7,2,16,2,N,A,N,A,H,A,L,04,N,05,H,,Y,,,G,N,N,A,1,0,1,0,21650.0,2,35.35439347,-118.93202954,4
2017,2017-07-05,1240,7,2,12,3,N,A,Y,A,H,A,D,22,N,08,E,,,,,E,Y,N,D,1,0,0,0,22107.0,2,35.74541148,-119.74918626,4
2017,2017-07-02,1330,7,2,13,7,N,A,N,A,H,A,C,02,W,22,F,,,Y,,A,N,N,A,1,0,0,1,,1,34.85834,-119.23721,2
2017,2017-07-10,1834,7,2,18,1,N,A,Y,A,H,A,D,22,S,08,E,,,,,I,Y,N,A,1,0,0,0,22107.0,1,35.39778483,-119.3960914,4
2017,2017-07-01,345,7,2,3,6,N,A,N,A,H,D,A,01,W,01,E,,,,,I,Y,N,D,1,0,0,0,23152.0,1,35.22345639,-118.86557602,3
2017,2017-07-05,1820,7,2,18,3,N,A,Y,A,D,A,A,01,N,03,C,,,,,C,Y,N,A,2,0,0,0,22350.0,3,35.70917375,-119.72262585,3
2017,2017-07-10,1510,7,2,15,1,N,A,Y,A,H,A,A,07,N,07,C,,,,Y,C,Y,N,A,2,0,0,0,21658.0,2,35.18304182,-119.13426221,2
2017,2017-06-28,520,6,2,5,3,N,A,N,A,H,B,D,22,N,05,A,,,,,C,Y,N,D,2,0,0,0,21650.0,2,35.74740903,-119.14147259,3
2017,2017-06-29,604,6,2,6,4,N,A,N,A,H,A,A,07,N,09,D,,,,,C,Y,N,D,1,0,0,0,21804.0,2,35.65193073,-119.50877153,4
2017,2017-07-09,2207,7,2,22,7,N,A,N,A,H,C,A,01,E,01,E,,,,,I,Y,N,D,1,0,0,0,23152.0,1,35.60178796,-119.20963841,4
2017,2017-06-12,1440,6,2,14,1,Y,A,N,A,H,A,A,07,,12,D,,,,Y,C,Y,N,D,0,0,0,0,22450.0,2,35.15069004,-118.87805009,1
2017,2017-07-12,15,7,2,0,3,N,A,N,A,H,C,D,22,N,01,C,,,,,E,Y,M,D,1,0,0,0,23152.0,2,35.38096131,-118.94977,3
2017,2017-07-07,820,7,2,8,5,Y,A,N,A,H,A,A,01,,12,D,,,,,C,Y,N,A,1,0,0,0,21453.0,2,35.36861004,-118.97636008,4
2017,2017-07-07,1255,7,2,12,5,Y,A,N,A,H,A,A,07,,12,D,,,,,C,Y,N,A,2,0,0,0,22450.0,2,35.44846002,-119.02699003,3
2017,2017-07-07,1535,7,2,15,5,Y,A,N,A,H,A,A,01,,09,D,,,,,C,Y,N,D,1,0,0,0,21801.0,2,35.31775008,-119.00579002,4
2017,2017-07-07,2247,7,2,22,5,N,A,Y,A,H,D,A,01,N,07,B,,,,Y,C,Y,N,D,1,0,0,0,21658.0,2,35.65505411,-119.22193519,4
2017,2017-07-07,1650,7,2,16,5,N,A,N,A,H,A,D,22,N,03,C,,,,,C,Y,N,D,2,0,0,0,22350.0,2,35.3723523,-118.94981794,4
2017,2017-07-09,2255,7,2,22,7,N,A,Y,A,D,D,E,22,N,03,C,,,,,C,Y,N,A,2,0,0,0,22350.0,4,35.62994732,-119.66322775,3
2020,2020-02-18,1500,2,4,15,2,Y,A,N,A,H,A,A,01,,09,D,,,,,C,N,N,D,1,0,0,0,21800.0,2,35.5034294128418,-119.26715087890624,3
2017,2017-07-09,1350,7,2,13,7,N,A,Y,A,H,A,A,07,N,09,B,,,,,C,Y,N,D,5,0,0,0,21804.0,2,35.36893004,-118.91424144,4
2017,2017-06-30,1440,6,2,14,5,N,A,N,A,H,A,D,22,W,09,D,,Y,,,G,N,N,D,1,0,1,0,21804.0,2,34.8188088,-118.99262391,4
2017,2017-07-03,1026,7,2,10,1,N,A,Y,A,C,A,A,01,W,07,B,,,,,C,Y,N,D,1,0,0,0,21658.0,2,35.3851563,-118.98923306,4
2017,2017-07-06,805,7,2,8,4,N,A,Y,A,H,A,A,01,S,08,B,,,,Y,C,Y,N,D,2,0,0,0,22107.0,2,35.78730508,-119.25028752,3
2017,2017-07-07,1500,7,2,15,5,N,A,N,A,H,A,A,01,E,03,C,,,,,C,Y,N,D,1,0,0,0,22350.0,2,35.37697724,-118.96998598,4
2017,2017-07-08,410,7,2,4,6,N,A,Y,A,H,C,A,07,W,01,E,,,,,I,Y,N,D,1,0,0,0,23152.0,1,35.38348792,-119.1812,4
2017,2017-07-08,320,7,2,3,6,N,A,N,A,H,D,A,01,N,03,C,,,,,C,Y,N,D,3,0,0,0,22350.0,2,35.19148696,-119.1099916,3
2017,2017-07-10,1347,7,2,13,1,N,A,Y,A,H,A,D,22,N,08,E,,,,,I,Y,N,D,1,0,0,0,22107.0,2,,,4
2017,2017-07-11,1950,7,2,19,2,N,A,N,A,H,A,L,04,N,09,D,,Y,,,G,N,N,D,1,0,1,0,21804.0,2,35.39196525,-119.11576112,4
2017,2017-07-05,555,7,2,5,3,N,A,N,A,H,B,D,22,N,05,B,,,,,C,Y,N,D,2,0,0,0,21650.0,2,35.12402642,-119.36196517,3
2017,2017-07-13,1240,7,2,12,4,N,A,N,A,H,A,D,22,E,08,E,,,,,I,Y,N,D,1,0,0,0,22107.0,1,35.44208,-119.3671875,3
2017,2017-07-13,905,7,2,9,4,N,A,Y,A,H,A,A,07,N,08,B,,,,Y,C,Y,N,D,1,0,0,0,22107.0,2,35.44677548,-119.46323422,4
2017,2017-07-06,1610,7,2,16,4,N,A,Y,A,H,A,G,25,E,03,B,,,,Y,C,Y,N,D,1,0,0,0,22350.0,2,35.12884926,-118.54852508,4
2017,2017-07-04,1655,7,2,16,2,Y,A,N,A,H,A,A,01,,09,D,,,,,C,Y,N,D,1,0,0,0,21801.0,2,35.35960002,-118.94988,4
2017,2017-07-04,1420,7,2,14,2,N,A,N,A,H,A,C,02,W,03,F,,,Y,,A,N,N,D,1,0,0,1,22350.0,1,35.35850557,-118.91519129,3
2017,2017-07-07,1440,7,2,14,5,N,A,N,A,H,A,D,22,E,08,A,,,,,C,N,N,D,1,0,0,0,22107.0,2,35.44230983,-119.43912459,3
2017,2017-07-11,1010,7,2,10,2,Y,A,Y,A,H,A,A,01,,12,D,,,,,C,Y,N,A,1,0,0,0,21453.0,4,,,4
2017,2017-07-07,455,7,2,4,5,N,A,Y,A,H,B,F,26,E,08,E,,,,Y,I,Y,N,D,1,0,0,0,22107.0,1,35.1373836,-118.42889255,3
2017,2017-07-03,1700,7,2,17,1,N,A,N,A,H,A,C,02,W,03,C,,,Y,,C,Y,N,D,2,0,0,2,22350.0,2,35.31193701,-118.41250062,3
2017,2017-07-11,1740,7,2,17,2,Y,A,N,A,H,A,C,03,,05,D,,,Y,,C,N,N,A,1,0,0,1,21650.0,2,35.34670011,-119.00691005,4
2017,2017-07-07,918,7,2,9,5,N,A,N,A,H,A,A,01,E,03,E,,,,,I,Y,N,A,1,0,0,0,22350.0,1,34.92072919,-119.41218853,3
2017,2017-07-09,1855,7,2,18,7,N,A,Y,A,H,A,D,22,N,08,F,,,,,A,Y,N,D,1,0,0,0,22107.0,1,35.43542366,-119.07658703,4
2017,2017-07-09,1040,7,2,10,7,N,A,N,A,H,A,A,07,N,03,F,,,,,A,Y,N,D,1,0,0,0,22350.0,1,35.60944266,-118.92415888,3
2017,2017-07-08,1550,7,2,15,6,N,A,Y,A,H,A,A,01,N,08,D,,,,,C,Y,N,A,3,0,0,0,22107.0,2,34.92524587,-118.92852401,4
2017,2017-07-13,1315,7,2,13,4,N,A,N,A,H,A,A,01,N,13,H,,,,,E,N,N,D,1,0,0,0,22515.0,2,35.38159531,-118.93949707,4
2017,2017-07-16,2150,7,2,21,7,N,A,Y,A,H,D,A,01,S,01,A,,,,,C,Y,N,D,6,0,0,0,23152.0,3,35.36689015,-118.91424431,2
2017,2017-07-06,520,7,2,5,4,Y,A,Y,A,H,B,D,22,,05,B,,,,,C,Y,N,D,1,0,0,0,21752.0,2,35.60151708,-119.37678007,4
2017,2017-07-02,2345,7,2,23,7,N,A,Y,A,H,C,A,01,E,08,E,,,,,I,Y,N,D,1,0,0,0,22107.0,1,35.26682434,-119.01570644,2
2017,2017-07-02,1720,7,2,17,7,Y,A,N,A,H,A,A,01,,09,D,,,,,C,Y,N,D,4,0,0,0,21800.0,3,35.36973002,-118.92753012,4
2017,2017-07-11,516,7,2,5,2,N,A,Y,A,H,A,A,01,S,03,C,,,,,C,Y,M,D,1,0,0,0,22350.0,4,35.26287896,-119.02197956,4
2017,2017-07-08,1211,7,2,12,6,N,A,N,A,H,A,A,01,E,09,A,,,,,C,Y,N,D,3,0,0,0,21801.0,5,35.09452702,-118.61733127,4
2017,2017-06-23,1230,6,2,12,5,N,A,Y,A,H,A,A,01,S,08,D,,,,,C,Y,N,D,5,0,0,0,22107.0,2,35.78008333,-120.12877478,1
2017,2017-07-14,1800,7,2,18,5,N,A,N,A,H,A,-,99,N,03,C,,,,,C,N,M,D,2,0,0,0,22350.0,2,35.34731879,-119.04339697,4
2017,2017-07-08,2009,7,2,20,6,Y,A,N,A,H,A,N,60,,11,G,Y,,,,B,Y,N,A,1,1,0,0,21954.0,2,35.13450011,-119.45621987,2
2017,2017-07-16,2208,7,2,22,7,N,A,Y,A,H,C,D,22,E,01,F,,,,,A,Y,F,D,4,0,0,0,23152.0,1,35.39315154,-118.97211405,2
2017,2017-07-15,1630,7,2,16,6,N,A,N,A,H,A,A,01,S,03,C,,,,,C,N,N,D,1,0,0,0,22350.0,2,35.24543755,-118.8425994,4
2017,2017-07-08,215,7,2,2,6,N,A,N,A,H,C,A,01,S,08,E,,,,,I,Y,N,D,1,0,0,0,22107.0,1,35.30747238,-119.00313,4
2017,2017-07-16,1259,7,2,12,7,Y,A,Y,A,H,A,A,01,,09,D,,,,,C,Y,N,A,1,0,0,0,21802.0,2,35.1545699,-119.44787147,4
2017,2017-07-09,100,7,2,1,7,N,A,Y,A,H,C,A,01,S,01,C,,,,,C,Y,N,A,1,0,0,0,23152.0,3,35.52806894,-119.30491533,4
2017,2017-07-18,1505,7,2,15,2,N,A,Y,A,H,A,A,01,N,03,C,,,,,C,N,N,D,2,0,0,0,22350.0,2,35.34036319,-119.03946636,3
2017,2017-07-07,1330,7,2,13,5,Y,A,Y,A,H,A,G,25,,09,D,,,,Y,C,Y,N,A,2,0,0,0,21802.0,2,,,4
2017,2017-07-09,1600,7,2,16,7,N,A,Y,A,H,A,A,08,N,03,C,,,,Y,C,Y,N,D,3,0,0,0,22350.0,2,34.89407478,-118.91875215,4
2017,2017-04-21,1735,4,1,17,5,N,A,Y,A,H,A,-,- ,S,18,H,,,,,A,Y,N,D,0,0,0,0,,2,35.46890469,-119.12342939,1
2017,2017-07-11,1920,7,2,19,2,N,A,Y,A,D,B,D,22,N,03,C,,,,Y,C,Y,N,D,1,0,0,0,22350.0,2,35.74512802,-119.74941651,2
2017,2017-07-07,1324,7,2,13,5,N,A,Y,A,H,A,A,07,,07,B,,,,,C,Y,N,D,3,0,0,0,21658.0,2,34.9748973,-118.94153961,3
2017,2017-06-26,2355,6,2,23,1,N,A,Y,A,H,D,N,60,N,11,G,Y,,,,B,Y,N,D,0,0,0,0,21954.0,2,35.46425805,-119.11727872,1
2017,2017-07-06,1540,7,2,15,4,N,A,Y,A,H,A,C,02,N,03,B,,,Y,Y,C,N,N,D,1,0,0,1,22350.0,3,35.3803,-119.0446,3
2017,2017-07-12,1312,7,2,13,3,N,A,Y,A,H,A,J,48,S,03,C,,,,,C,Y,N,D,3,0,0,0,22350.0,2,35.368,-119.043,3
2017,2017-07-14,1915,7,2,19,5,N,A,N,A,H,A,A,01,E,09,D,,,,,C,Y,N,D,2,0,0,0,21801.0,2,35.28150759,-118.92655556,4
2017,2017-07-18,1710,7,2,17,2,N,A,Y,A,H,A,A,07,E,03,C,,,,,C,Y,N,D,2,0,0,0,22350.0,3,35.35275654,-119.02860998,4
2017,2017-07-07,455,7,2,4,5,N,A,N,A,H,B,A,01,W,05,A,,,,,C,Y,N,D,1,0,0,0,21650.0,3,35.37310217,-118.96411194,4
2017,2017-07-10,1730,7,2,17,1,N,A,N,A,H,A,A,01,W,03,F,,,,,A,Y,N,D,1,0,0,0,22350.0,1,35.11405354,-119.46614206,3