ACCIDENT_YEAR,COLLISION_DATE,COLLISION_TIME,MONTH,SEASON,24HOURS,DAY_OF_WEEK,INTERSECTION,WEATHER_1,STATE_HWY_IND,ROAD_SURFACE,ROAD_COND_1,LIGHTING,STWD_VEHTYPE_AT_FAULT,CHP_VEHTYPE_AT_FAULT,DIRECTION,PCF_VIOL_CATEGORY,TYPE_OF_COLLISION,PEDESTRIAN_ACCIDENT,BICYCLE_ACCIDENT,MOTORCYCLE_ACCIDENT,TRUCK_ACCIDENT,MVIW,TOW_AWAY,HIT_AND_RUN,CONTROL_DEVICE,NUMBER_INJURED,COUNT_PED_INJURED,COUNT_BICYCLIST_INJURED,COUNT_MC_INJURED,PCF_VIOLATION,PARTY_COUNT,POINT_Y,POINT_X,COLLISION_SEVERITY
2017,2017-09-28,1730,9,3,17,4,N,A,Y,A,H,A,A,01,N,03,C,,,,,C,N,N,D,1,0,0,0,22350.0,2,35.34228395,-119.03945828,4
2017,2017-09-28,1450,9,3,14,4,N,A,Y,A,H,A,A,01,S,08,D,,,,,C,Y,N,D,1,0,0,0,22107.0,3,35.34535807,-119.0394331,4
2017,2017-09-23,500,9,3,5,6,N,A,N,A,H,D,A,07,S,08,F,,,,,A,Y,N,D,1,0,0,0,22107.0,1,35.14388662,-118.91463,4
2017,2017-09-28,1550,9,3,15,4,N,A,Y,A,H,A,A,07,N,03,C,,,,,C,N,N,D,2,0,0,0,22350.0,3,35.35572087,-118.91421547,4
2017,2017-09-23,1125,9,3,11,6,N,A,N,A,H,A,A,01,N,08,B,,,,,E,N,N,D,4,0,0,0,22107.0,3,35.41503647,-119.03445,4
2017,2017-09-24,1230,9,3,12,7,Y,A,Y,A,H,A,A,07,,12,D,,,,,C,Y,N,A,3,0,0,0,21453.0,2,35.36912042,-118.91424123,3
2017,2017-09-25,200,9,3,2,1,N,A,N,A,H,D,A,07,N,08,F,,,,,A,Y,N,D,1,0,0,0,22107.0,1,34.85254627,-118.16142917,4
2017,2017-09-25,843,9,3,8,1,N,A,Y,A,H,A,A,07,W,07,B,,,,,C,Y,N,D,2,0,0,0,21658.0,2,34.86378,-118.23351,3
2017,2017-09-22,1610,9,3,16,5,N,A,Y,A,G,A,A,07,N,21,D,,,,,C,Y,N,D,4,0,0,0,22106.0,2,35.31311814,-117.98597313,2
2017,2017-09-23,1005,9,3,10,6,Y,A,N,A,H,A,A,01,,09,D,,,,,C,Y,N,D,1,0,0,0,21800.0,2,35.14151007,-118.48478001,4
2017,2017-10-01,1725,10,3,17,7,N,A,N,A,H,A,A,01,E,01,E,,,,,I,Y,N,D,1,0,0,0,23152.0,2,35.33581,-119.01183991,3
2017,2017-09-23,1445,9,3,14,6,N,A,Y,A,H,A,A,01,S,03,C,,,,Y,C,Y,N,D,1,0,0,0,22350.0,2,35.13145125,-118.99107802,3
2017,2017-09-26,652,9,3,6,2,N,A,N,A,H,A,H,13,W,21,H,,,,,A,N,N,D,1,0,0,0,22106.0,1,35.05647744,-118.18243109,4
2017,2017-09-23,1500,9,3,15,6,N,A,N,A,H,A,A,07,S,01,C,,,,,E,Y,N,D,1,0,0,0,23152.0,2,35.36830422,-118.9735923,3
2017,2017-09-19,1616,9,3,16,2,N,A,Y,A,H,A,D,22,S,03,C,,,,,C,Y,N,D,1,0,0,0,22350.0,2,35.395,-119.045,4
2017,2017-09-22,1135,9,3,11,5,N,A,N,A,H,A,A,01,W,21,C,,,,,C,N,N,D,1,0,0,0,22106.0,2,35.37623878,-118.93215724,4
2017,2017-08-22,2315,8,2,23,2,Y,A,Y,A,H,C,A,01,,12,D,,,,Y,C,Y,N,A,0,0,0,0,22450.0,2,35.38347401,-119.19880022,1
2017,2017-09-18,1455,9,3,14,1,Y,A,N,A,H,A,F,25,,12,D,,,,Y,C,Y,N,A,2,0,0,0,22450.0,2,35.71798008,-119.15966986,3
2017,2017-07-28,2225,7,2,22,5,N,A,N,A,H,D,A,01,E,03,E,,,,,I,Y,N,D,1,0,0,0,22350.0,1,35.40271431,-118.7900911,1
2017,2017-09-23,1115,9,3,11,6,N,A,Y,A,H,A,A,01,E,03,E,,,,,I,Y,N,D,1,0,0,0,22350.0,1,35.457214,-118.77992932,4
2017,2017-09-24,1820,9,3,18,7,N,A,Y,A,H,A,D,22,S,01,D,,,,,C,Y,N,D,2,0,0,0,23152.0,2,35.60169072,-119.21103939,4
2017,2017-10-01,1140,10,3,11,7,N,A,Y,A,H,A,A,01,S,06,A,,,,,C,Y,N,D,2,0,0,0,21751.0,2,35.465299,-117.65493084,2
2017,2017-09-18,2051,9,3,20,1,N,A,N,A,H,C,A,01,W,08,B,,,,,E,Y,N,D,1,0,0,0,22107.0,3,35.41238674,-119.08822074,4
2017,2017-09-23,1208,9,3,12,6,N,A,Y,A,H,A,D,22,N,03,C,,,,,C,Y,N,D,3,0,0,0,22350.0,2,34.86695187,-118.88448882,4
2017,2017-09-24,445,9,3,4,7,Y,A,N,A,H,D,A,01,,01,D,,,,Y,C,Y,N,A,3,0,0,0,23152.0,2,35.26697009,-118.93213009,2
2017,2017-09-18,1640,9,3,16,1,Y,A,N,A,H,A,A,01,,09,A,,,,,C,Y,N,D,2,0,0,0,21801.0,3,35.26733005,-118.84278003,2
2017,2017-09-24,1012,9,3,10,7,Y,A,N,A,H,A,D,22,,12,D,,,,,C,Y,N,A,4,0,0,0,22450.0,2,35.77585007,-119.20529996,2
2017,2017-09-25,1410,9,3,14,1,N,A,Y,A,H,A,A,07,N,03,C,,,,,C,N,N,D,1,0,0,0,22350.0,2,35.40398905,-119.04601673,4
2017,2017-09-25,1735,9,3,17,1,Y,A,N,A,H,A,A,08,,12,D,,,,,C,Y,N,D,1,0,0,0,22450.0,2,35.43908,-119.07207003,4
2017,2017-09-27,2205,9,3,22,3,N,A,Y,A,H,D,A,01,W,08,E,,,,,I,Y,N,D,2,0,0,0,22107.0,1,35.52790433,-118.65983705,3
2017,2017-09-28,1930,9,3,19,4,N,A,N,A,H,D,A,01,E,08,F,,,,,A,Y,N,D,1,0,0,0,22107.0,1,35.45798,-118.87316,4
2017,2017-09-26,1955,9,3,19,2,N,A,Y,A,H,D,A,07,N,01,F,,,,,I,Y,N,D,1,0,0,0,23152.0,1,35.36634901,-119.35236522,2
2017,2017-09-28,1350,9,3,13,4,Y,A,N,A,H,A,A,01,,17,D,,,,,C,Y,N,A,1,0,0,0,21451.0,2,35.36864003,-118.97031002,4
2017,2017-09-29,220,9,3,2,5,N,A,Y,A,H,D,A,01,N,03,E,,,,,I,Y,N,D,1,0,0,0,22350.0,1,34.82576,-118.87073,4
2017,2017-09-23,426,9,3,4,6,N,A,Y,A,H,D,A,07,N,03,D,,,,,C,Y,N,D,3,0,0,0,22350.0,2,35.71760977,-119.72890658,2
2017,2017-09-26,705,9,3,7,2,N,A,N,A,H,A,A,01,W,08,F,,,,,J,Y,N,D,1,0,0,0,22107.0,1,35.15190811,-119.22265753,3
2017,2017-10-03,1500,10,3,15,2,N,A,N,A,H,A,D,22,W,08,F,,,,,A,Y,N,D,1,0,0,0,22107.0,1,34.82471633,-119.0104419,3
2017,2017-09-25,720,9,3,7,1,Y,A,N,A,H,A,A,01,,09,D,,,,,C,Y,N,D,1,0,0,0,21801.0,2,35.10969011,-118.43251003,4
2017,2017-09-29,1010,9,3,10,5,N,A,Y,A,H,A,D,22,N,16,B,,,,Y,C,N,N,D,1,0,0,0,24002.0,2,35.41338838,-119.05600644,3
2017,2017-09-29,4,9,3,0,5,N,A,N,A,H,C,A,01,N,08,E,,,,,I,Y,N,D,1,0,0,0,22107.0,1,35.2261191,-118.82441375,3
2017,2017-09-29,1430,9,3,14,5,N,A,Y,A,H,A,A,01,E,16,E,,,,,I,Y,N,D,2,0,0,0,24002.0,1,35.35199544,-118.90782776,4
2017,2017-09-29,2001,9,3,20,5,N,A,Y,A,H,C,A,07,E,03,C,,,,,C,N,N,D,1,0,0,0,22350.0,2,35.26412661,-118.657758,4
2017,2017-09-29,1400,9,3,14,5,Y,A,Y,A,H,A,-,- ,,00,D,,,,,C,Y,N,A,1,0,0,0,,2,35.66692111,-119.33078371,4
2017,2017-10-03,1300,10,3,13,2,N,A,Y,A,H,A,A,07,N,08,F,,,,,A,Y,N,D,2,0,0,0,22107.0,1,35.27476242,-119.23300919,3
2017,2017-10-01,1120,10,3,11,7,N,A,N,A,H,A,D,22,S,04,C,,,,,C,N,N,A,1,0,0,0,21703.0,2,35.33944885,-119.00310914,4
2017,2017-09-27,800,9,3,8,3,N,A,Y,A,H,A,F,26,E,08,F,,,,Y,A,Y,N,D,2,0,0,0,22107.0,1,35.74116449,-118.95049685,2
2017,2017-09-24,2145,9,3,21,7,Y,A,N,A,H,C,A,07,,08,H,,Y,,,G,N,F,A,1,0,1,0,22107.0,2,35.33949012,-119.00311012,4
2017,2017-09-26,2142,9,3,21,2,N,A,Y,A,H,C,G,25,W,17,B,,,,Y,C,Y,N,D,1,0,0,0,21658.0,2,35.35240261,-118.97341551,4
2017,2017-09-30,425,9,3,4,6,N,A,Y,A,H,D,-,- ,E,18,C,,,,Y,C,Y,N,D,2,0,0,0,,2,35.27554124,-118.71026214,3
2017,2017-09-05,730,9,3,7,2,N,A,N,A,H,A,A,01,W,08,B,,,,,C,N,M,D,1,0,0,0,22107.0,2,35.37597,-118.95050006,4
2017,2017-09-30,1928,9,3,19,6,Y,A,Y,A,H,C,A,07,,09,D,,,,,C,Y,N,A,3,0,0,0,21802.0,2,35.26723593,-119.12837,4
2017,2017-10-02,850,10,3,8,1,N,A,N,A,D,A,L,04,E,09,H,,Y,,,G,N,N,A,1,0,1,0,21804.0,2,35.41965208,-119.02102411,3
2017,2017-09-30,1643,9,3,16,6,N,A,Y,A,H,A,A,07,S,03,C,,,,,C,N,N,D,1,0,0,0,22350.0,2,35.36650294,-119.04114597,4
2017,2017-09-26,810,9,3,8,2,N,A,N,A,H,A,A,07,E,08,D,Y,,,Y,C,Y,N,D,3,1,0,0,22107.0,5,35.70345382,-119.17935943,2
2017,2017-09-29,1755,9,3,17,5,N,A,Y,A,H,A,A,01,S,03,C,,,,,C,Y,N,D,1,0,0,0,22350.0,3,,,4
2017,2017-09-29,1845,9,3,18,5,N,A,Y,A,H,A,A,01,E,08,E,,,,,I,Y,N,D,1,0,0,0,22107.0,2,35.48334654,-118.71158585,4
2017,2017-10-01,650,10,3,6,7,N,A,Y,A,H,A,D,22,S,07,F,,,,,I,Y,N,D,1,0,0,0,21658.0,1,35.40737364,-119.04922163,4
2017,2017-10-03,1140,10,3,11,2,Y,A,N,A,H,A,D,22,,03,F,,,,,A,Y,N,D,1,0,0,0,22350.0,1,35.63828007,-118.24743012,4
2017,2017-10-05,1457,10,3,14,4,N,A,Y,A,H,A,A,01,E,03,C,,,,,C,Y,N,D,2,0,0,0,22350.0,2,35.39284177,-118.97325048,4
2017,2017-10-04,1740,10,3,17,3,N,A,N,A,H,A,A,01,E,03,B,,,,Y,C,Y,F,D,1,0,0,0,22350.0,2,35.73094838,-119.94526746,3
2017,2017-09-28,2244,9,3,22,4,N,A,N,A,H,C,D,22,W,01,C,,,,,E,Y,N,D,1,0,0,0,23152.0,3,35.43126718,-119.0332017,3
2017,2017-09-29,2000,9,3,20,5,Y,A,Y,A,H,D,A,07,,09,D,,,,,C,Y,N,D,6,0,0,0,21801.0,2,35.26417058,-118.65840151,3
2017,2017-10-01,1205,10,3,12,7,N,A,N,A,H,A,A,01,N,05,A,,,,,C,Y,N,D,1,0,0,0,21650.0,2,35.38429607,-119.14557695,4
2017,2017-09-28,2045,9,3,20,4,N,A,Y,A,H,D,A,08,W,01,E,,,,,I,Y,N,D,1,0,0,0,23152.0,1,,,3
2017,2017-10-02,135,10,3,1,1,N,A,Y,A,H,D,A,01,S,08,C,,,,,C,Y,N,D,1,0,0,0,22107.0,2,35.7136487,-119.72550548,3
2017,2017-10-02,510,10,3,5,1,N,A,Y,A,H,A,A,01,S,08,E,,,,,I,Y,N,D,1,0,0,0,22107.0,1,35.38637189,-119.38001635,3
2017,2017-10-03,1310,10,3,13,2,N,F,Y,A,H,A,G,27,N,03,C,,,,Y,C,Y,N,D,3,0,0,0,22350.0,3,35.68305519,-119.70316959,3
2017,2017-10-01,2200,10,3,22,7,N,A,N,A,H,D,-,- ,N,18,E,,,,,H,Y,N,D,1,0,0,0,,1,35.05780451,-118.3840692,3
2017,2017-09-07,535,9,3,5,4,Y,A,Y,A,H,D,D,22,,09,D,,,,Y,C,Y,N,A,2,0,0,0,21802.0,2,35.60760009,-117.7627001,1
2017,2017-09-29,2325,9,3,23,5,N,A,Y,A,H,D,N,60,W,11,G,Y,,,,B,N,F,D,1,1,0,0,21954.0,2,35.38330836,-119.06015013,2
2017,2017-08-10,2500,8,2,25,4,N,A,N,A,H,D,A,01,N,08,F,,,,,A,Y,N,D,0,0,0,0,22107.0,1,34.82355095,-118.15653612,1
2017,2017-10-02,1655,10,3,16,1,N,A,Y,A,H,A,C,02,W,03,E,,,Y,,I,Y,N,D,1,0,0,1,22350.0,1,35.71332679,-118.48177379,2
2017,2017-10-06,1035,10,3,10,5,Y,A,N,A,H,A,A,01,,09,D,,,,,C,N,N,A,1,0,0,0,21802.0,2,34.82127011,-118.96967,4
2017,2017-10-02,1750,10,3,17,1,N,A,Y,A,H,A,C,02,W,03,E,,,Y,,I,Y,N,D,1,0,0,1,22350.0,1,35.72449698,-118.52472274,2
2017,2017-09-29,1305,9,3,13,5,N,A,N,A,H,A,G,25,W,05,D,,,,Y,C,Y,N,D,1,0,0,0,21752.0,2,35.68120064,-117.84202486,3
2017,2017-07-20,2112,7,2,21,4,N,A,N,A,D,E,N,60,E,11,G,Y,,,,B,N,N,C,0,0,0,0,21954.0,2,35.39025893,-118.98563534,1
2017,2017-10-06,615,10,3,6,5,Y,A,Y,A,H,B,A,01,,09,D,,,,,C,Y,N,A,1,0,0,0,21801.0,2,35.38350848,-119.15449016,3
2017,2017-09-22,1427,9,3,14,5,N,A,N,A,H,A,-,- ,S,18,H,,,,,A,N,N,D,1,0,0,0,,1,35.26514257,-118.91020942,4
2017,2017-10-03,655,10,3,6,2,Y,A,N,A,H,A,A,01,,09,D,,,,,C,Y,N,A,4,0,0,0,21802.0,2,35.7178201,-119.20505994,3
2017,2017-10-06,1620,10,3,16,5,N,A,N,A,H,A,A,01,S,21,D,,,,,C,Y,N,D,1,0,0,0,22106.0,2,35.38007177,-118.93205,4
2017,2017-10-06,1430,10,3,14,5,N,A,N,A,A,A,A,07,S,07,B,,,,,C,N,N,D,1,0,0,0,21658.0,2,35.40167027,-119.04187381,4
2017,2017-10-04,1416,10,3,14,3,N,A,N,A,H,A,E,22,N,09,D,,,,,C,Y,N,A,1,0,0,0,21801.0,2,35.42186347,-119.37630707,4
2017,2017-10-02,1915,10,3,19,1,N,A,N,A,H,D,N,60,N,11,G,Y,,,,B,N,N,D,1,1,0,0,21954.0,2,35.26580443,-118.91863525,3
2017,2017-10-03,1700,10,3,17,2,N,A,Y,A,H,A,C,02,E,08,E,,,Y,,I,Y,N,D,1,0,0,1,22107.0,1,35.47993776,-118.74276178,3
2017,2017-10-05,1407,10,3,14,4,N,A,Y,A,H,A,M,59,N,08,E,,,,,I,Y,N,D,1,0,0,0,22107.0,1,,,3
2017,2017-10-08,730,10,3,7,7,N,A,Y,A,H,A,G,25,N,08,E,,,,Y,I,Y,N,A,1,0,0,0,22107.0,3,35.53580325,-119.1925013,4
2017,2017-10-06,1830,10,3,18,5,Y,A,N,A,H,D,A,01,,03,C,,,,,C,Y,N,D,1,0,0,0,22350.0,2,35.10939005,-118.49050005,3
2017,2017-10-08,1900,10,3,19,7,N,A,N,A,H,B,A,01,N,10,G,Y,,,,B,N,N,D,1,1,0,0,21950.0,3,35.41956195,-119.03424,3
2017,2017-10-09,1245,10,3,12,1,N,A,N,A,H,A,D,22,E,08,E,,,,,I,Y,N,D,1,0,0,0,22107.0,1,35.23814717,-118.8381928,2
2017,2017-10-02,1630,10,3,16,1,N,A,Y,A,H,A,A,07,N,01,F,,,,,A,Y,N,D,3,0,0,0,23152.0,1,35.14226425,-118.11091218,3
2017,2017-10-09,840,10,3,8,1,N,A,Y,A,H,A,A,07,S,08,D,,,,,C,Y,N,D,2,0,0,0,22107.0,2,35.17144968,-119.12192266,3
2017,2017-10-08,1510,10,3,15,7,N,A,Y,A,H,A,A,01,S,07,B,,,,,C,Y,N,A,1,0,0,0,21658.0,2,35.39805473,-119.39645992,4
2017,2017-09-20,1850,9,3,18,3,N,A,Y,A,H,B,A,01,E,05,B,,,,,I,N,M,D,1,0,0,0,21650.0,2,,,4
2017,2017-10-11,544,10,3,5,3,N,A,Y,A,H,D,A,01,N,08,F,,,,,A,Y,N,D,1,0,0,0,22107.0,1,,,4
2017,2017-09-26,1430,9,3,14,2,N,A,N,A,H,A,A,01,E,03,B,,,,,C,N,N,D,1,0,0,0,22350.0,2,35.37161581,-118.96972712,4
2017,2017-10-09,2017,10,3,20,1,Y,A,N,A,H,D,A,01,,09,D,,,,,C,Y,N,D,1,0,0,0,21801.0,2,35.34361009,-119.00311,4
2017,2017-10-08,245,10,3,2,7,N,A,Y,A,H,C,A,01,S,01,F,,,,,A,Y,N,D,3,0,0,0,23152.0,1,35.54311211,-119.3262803,3
2017,2017-10-09,1200,10,3,12,1,Y,A,Y,A,H,A,A,07,,03,C,,,,,C,Y,N,D,1,0,0,0,22350.0,2,35.63736359,-118.40054703,4
2017,2017-10-10,1425,10,3,14,2,N,A,Y,A,H,A,A,01,N,08,E,,,,,I,Y,N,D,1,0,0,0,22107.0,1,35.29612033,-119.03070551,4
2017,2017-10-12,1610,10,3,16,4,N,A,Y,A,H,A,A,01,N,03,C,,,,,C,N,N,D,1,0,0,0,22350.0,2,35.33972,-119.04079,3
2017,2017-10-10,1330,10,3,13,2,Y,A,N,A,H,A,L,04,,12,D,,Y,,,G,N,N,D,1,0,1,0,22450.0,2,35.4136601,-119.02999002,3
2017,2017-10-10,1620,10,3,16,2,N,A,Y,A,H,A,A,07,S,03,C,,,,,C,Y,N,D,1,0,0,0,22350.0,2,,,4
2017,2017-10-07,1500,10,3,15,6,N,A,Y,A,H,A,D,22,W,01,F,,,,,A,Y,N,D,1,0,0,0,23152.0,1,35.32430173,-119.7564991,3
2017,2017-10-07,1625,10,3,16,6,N,A,Y,A,H,A,A,01,N,07,E,,,,,I,Y,N,D,1,0,0,0,21658.0,1,34.85692844,-118.87544239,2
2017,2017-10-01,20,10,3,0,7,N,A,N,A,H,C,A,01,W,08,B,,,,,E,Y,M,D,1,0,0,0,22107.0,2,35.43577415,-119.02436315,4
2017,2017-10-06,5,10,3,0,5,N,A,N,A,H,C,D,22,W,01,E,,,,,I,Y,M,D,1,0,0,0,23152.0,1,35.41360345,-119.03472815,3
2017,2017-09-20,806,9,3,8,3,N,A,N,A,H,A,A,07,E,21,D,,,,,C,Y,N,D,1,0,0,0,22106.0,2,35.4341788,-119.03583065,4
2017,2017-09-20,1104,9,3,11,3,N,A,N,A,H,A,A,01,E,03,C,,,,,C,Y,N,D,1,0,0,0,22350.0,2,35.41954,-119.03442301,4
2017,2017-10-12,450,10,3,4,4,N,A,Y,A,H,D,A,01,W,08,F,,,,,A,Y,N,D,1,0,0,0,22107.0,1,35.012718,-117.92162387,4
2017,2017-10-08,900,10,3,9,7,N,A,N,A,D,A,D,22,W,03,C,,,,,C,N,M,A,2,0,0,0,22350.0,2,35.40864,-119.02113027,4
2017,2017-10-04,1750,10,3,17,3,N,A,Y,A,H,A,A,01,W,08,C,,,,,C,Y,N,D,1,0,0,0,22107.0,2,,,3
2017,2017-10-09,2005,10,3,20,1,N,A,N,A,H,D,N,60,N,11,G,Y,,,,B,N,F,D,1,1,0,0,21954.0,2,35.41730116,-119.03915051,2
2017,2017-10-10,745,10,3,7,2,N,A,Y,A,H,A,A,01,N,03,C,,,,,C,Y,N,D,2,0,0,0,22350.0,3,35.36914386,-119.0420498,4
2017,2017-10-04,1820,10,3,18,3,N,A,Y,A,H,C,A,07,S,08,E,,,,,I,Y,N,D,1,0,0,0,22107.0,1,35.78829176,-119.25040193,4
2017,2017-03-25,510,3,1,5,6,N,B,Y,B,H,D,A,01,N,01,C,,,,Y,C,Y,N,D,2,0,0,0,23152.0,2,35.73518648,-119.74199154,4
2017,2017-10-05,2145,10,3,21,4,N,A,N,A,H,C,A,01,E,03,E,,,,,I,Y,N,D,2,0,0,0,22350.0,1,35.41239944,-119.05229059,4
2017,2017-03-25,511,3,1,5,6,N,C,Y,B,H,D,G,25,N,03,A,,,,Y,C,Y,N,D,0,0,0,0,22350.0,2,35.73308475,-119.73999384,1
2017,2017-10-07,914,10,3,9,6,Y,A,N,A,H,A,A,01,,12,D,,,,,C,Y,N,A,4,0,0,0,21453.0,2,35.39026002,-118.99482004,3
2017,2017-10-08,159,10,3,1,7,N,A,N,A,H,C,A,01,S,01,C,,,,,C,Y,N,D,1,0,0,0,23152.0,2,35.36099469,-119.1161044,3
2017,2017-10-10,1555,10,3,15,2,N,A,N,A,H,A,A,01,W,03,C,,,,,C,Y,N,D,1,0,0,0,22350.0,2,35.41961282,-119.05266757,4
2017,2017-10-08,1705,10,3,17,7,N,A,Y,A,H,A,A,01,S,08,E,,,,,I,Y,N,D,1,0,0,0,22107.0,1,35.63611862,-119.33108559,3
2017,2017-10-09,825,10,3,8,1,N,A,Y,A,H,A,A,01,W,03,C,,,,,C,Y,N,A,1,0,0,0,22350.0,2,35.38350138,-119.16364001,4
2017,2017-10-11,1802,10,3,18,3,Y,A,N,A,H,A,A,01,,09,D,,,,,C,Y,N,A,1,0,0,0,21802.0,2,35.26698009,-118.91549,3
2017,2017-10-06,1600,10,3,16,5,N,A,Y,A,H,A,F,26,N,03,C,,,,Y,C,Y,N,D,4,0,0,0,22350.0,4,35.50087937,-119.1654855,4
2017,2017-10-04,1340,10,3,13,3,N,A,Y,A,H,A,D,22,S,01,B,,,,,E,Y,N,D,1,0,0,0,23152.0,5,35.46931024,-119.26095337,4
2017,2017-09-14,850,9,3,8,4,N,A,Y,A,H,A,A,01,N,03,C,,,,,C,Y,N,D,1,0,0,0,22350.0,3,,,1
2017,2017-10-14,740,10,3,7,6,N,A,Y,A,H,A,A,01,N,01,C,,,,Y,C,Y,N,D,1,0,0,0,23152.0,2,,,4
2017,2017-10-10,1330,10,3,13,2,N,A,Y,A,H,A,A,01,W,07,C,,,,,C,N,N,D,1,0,0,0,21658.0,2,35.38329097,-119.05431916,4
2017,2017-10-04,1717,10,3,17,3,Y,A,N,A,H,A,A,01,,09,D,,,,,C,Y,N,A,6,0,0,0,21802.0,2,35.22335006,-118.8961501,3
2017,2017-10-10,1710,10,3,17,2,N,A,Y,A,H,A,A,01,S,03,C,,,,,C,Y,N,D,1,0,0,0,22350.0,2,35.40418111,-119.04535035,4
2017,2017-10-17,1737,10,3,17,2,Y,A,N,A,H,A,C,02,,09,D,,,Y,,C,Y,N,D,1,0,0,1,21800.0,2,35.2510301,-118.91660007,2
2017,2017-09-26,1538,9,3,15,2,N,A,Y,A,H,A,J,49,W,03,F,,,,,A,Y,N,A,1,0,0,0,22350.0,1,35.3334751,-119.77529814,2
2017,2017-10-08,1230,10,3,12,7,Y,A,Y,A,H,A,C,02,,08,F,,,Y,,A,N,N,D,1,0,0,1,22107.0,1,35.6657798,-118.03796911,3
2017,2017-10-07,1430,10,3,14,6,Y,A,N,A,H,A,D,22,,03,D,,Y,,,G,N,N,D,1,0,1,0,22350.0,2,35.40863001,-119.02329011,3
2017,2017-10-10,1455,10,3,14,2,Y,A,N,A,H,A,A,01,,12,D,,,,,C,Y,N,A,1,0,0,0,22450.0,2,35.51445006,-119.31364996,2
2017,2017-10-06,1435,10,3,14,5,Y,A,N,A,H,A,A,01,,09,D,,,,,C,Y,N,A,1,0,0,0,21802.0,2,35.12521009,-118.39649009,4
2017,2017-10-11,750,10,3,7,3,N,A,Y,A,H,A,A,07,N,03,C,,,,,C,Y,N,D,3,0,0,0,22350.0,3,35.32724289,-119.03856278,4
2017,2017-10-13,1325,10,3,13,5,N,A,Y,A,H,A,A,01,N,03,C,,,,,C,Y,N,D,2,0,0,0,22350.0,2,35.26735,-119.02454,3
2017,2017-10-12,2000,10,3,20,4,N,A,N,A,H,D,A,01,E,05,G,Y,,,,B,N,N,D,1,1,0,0,21650.0,2,35.70997179,-118.44996596,4
2017,2017-10-06,45,10,3,0,5,N,A,Y,A,H,C,A,01,W,03,C,,,,Y,C,Y,N,A,1,0,0,0,22350.0,2,35.38328557,-119.05231998,2
2017,2017-10-04,1215,10,3,12,3,Y,A,N,A,H,A,D,22,,12,D,,,,,C,Y,N,A,1,0,0,0,21453.0,2,35.37608009,-118.93639005,4
2017,2017-10-10,640,10,3,6,2,N,A,Y,A,H,A,A,01,S,08,E,,,,,I,Y,N,D,1,0,0,0,22107.0,1,35.58704311,-119.20410843,4
2017,2017-10-13,1320,10,3,13,5,N,A,Y,A,H,A,A,01,S,03,C,,,,,C,Y,N,D,2,0,0,0,22350.0,2,35.365357,-119.04063941,4
2017,2017-10-11,748,10,3,7,3,N,A,Y,A,H,A,A,07,N,07,B,,,,Y,C,Y,N,D,3,0,0,0,21658.0,5,35.32735065,-119.03861749,4
2017,2017-10-16,730,10,3,7,1,Y,A,N,A,H,A,A,01,,12,D,,,,,C,Y,N,A,2,0,0,0,22450.0,2,35.22335006,-118.8961501,4
2017,2017-10-16,832,10,3,8,1,N,A,Y,A,H,A,D,22,S,08,D,,,,,C,Y,N,D,2,0,0,0,22107.0,2,35.3965337,-119.39438306,2
2017,2017-09-17,1835,9,3,18,7,Y,A,N,A,H,A,A,01,,12,D,,,,,C,Y,N,A,3,0,0,0,21453.0,2,35.36699002,-118.95018006,1
2017,2017-10-07,30,10,3,0,6,N,A,Y,A,H,D,A,07,N,01,E,,,,,I,Y,N,D,1,0,0,0,23152.0,2,35.46460039,-119.26097134,4
2017,2017-10-16,1705,10,3,17,1,N,A,N,A,H,A,L,04,W,12,D,,Y,,,G,N,N,A,1,0,1,0,22450.0,2,35.39337,-118.98762351,3
2017,2017-10-13,1610,10,3,16,5,N,A,N,A,H,A,G,26,E,03,E,,,,Y,I,Y,N,D,1,0,0,0,22350.0,1,,,3
2017,2017-10-11,445,10,3,4,3,N,A,N,A,H,C,A,07,W,01,A,,,,,E,Y,N,D,1,0,0,0,23152.0,2,35.36166711,-118.9116987,3
2017,2017-10-15,1513,10,3,15,7,N,A,Y,A,H,A,C,02,N,03,C,,,Y,,C,N,N,D,1,0,0,1,22350.0,3,34.84073282,-118.8637039,2
2017,2017-10-04,930,10,3,9,3,Y,A,Y,A,H,A,F,26,,09,D,,,,Y,C,Y,N,A,2,0,0,0,21802.0,2,35.45804477,-119.26080078,3
2017,2017-10-18,1355,10,3,13,3,N,A,N,A,H,A,C,03,W,05,D,,,Y,,C,N,N,D,1,0,0,1,21650.0,2,35.43475745,-119.03321957,3
2017,2017-10-11,915,10,3,9,3,Y,A,N,A,H,A,-,99,,10,G,Y,,,,B,N,M,D,1,1,0,0,21950.0,2,35.37308004,-118.96758012,4
2017,2017-10-18,1710,10,3,17,3,N,A,N,A,H,A,D,22,W,06,D,,,,,C,N,N,D,1,0,0,0,21755.0,2,35.44853027,-119.03396676,3
2017,2017-10-12,816,10,3,8,4,Y,A,N,A,H,A,D,22,,03,C,,,,,C,Y,N,D,2,0,0,0,22350.0,3,35.42692006,-119.07114006,4
2017,2017-10-13,1545,10,3,15,5,N,A,Y,A,H,A,A,01,W,03,C,,,,,C,Y,N,A,3,0,0,0,22350.0,2,35.12431985,-118.48600338,3
2017,2017-10-10,735,10,3,7,2,N,A,N,A,H,A,A,01,S,03,C,,,,,C,Y,N,D,1,0,0,0,22350.0,2,35.41095337,-119.03887705,4
2017,2017-10-12,1820,10,3,18,4,N,A,N,A,H,A,L,04,N,08,D,,Y,,,G,N,N,D,1,0,1,0,22107.0,2,35.35782717,-118.96760741,3
2017,2017-10-14,1405,10,3,14,6,N,A,N,A,H,A,N,60,N,11,G,Y,,,,B,N,N,D,1,1,0,0,21954.0,2,35.25629949,-118.9098088,3
2017,2017-10-17,1615,10,3,16,2,N,A,Y,A,H,A,D,22,S,03,C,,,,,C,N,N,D,1,0,0,0,22350.0,3,35.36794353,-119.04178253,4