ACCIDENT_YEAR,COLLISION_DATE,COLLISION_TIME,MONTH,SEASON,24HOURS,DAY_OF_WEEK,INTERSECTION,WEATHER_1,STATE_HWY_IND,ROAD_SURFACE,ROAD_COND_1,LIGHTING,STWD_VEHTYPE_AT_FAULT,CHP_VEHTYPE_AT_FAULT,DIRECTION,PCF_VIOL_CATEGORY,TYPE_OF_COLLISION,PEDESTRIAN_ACCIDENT,BICYCLE_ACCIDENT,MOTORCYCLE_ACCIDENT,TRUCK_ACCIDENT,MVIW,TOW_AWAY,HIT_AND_RUN,CONTROL_DEVICE,NUMBER_INJURED,COUNT_PED_INJURED,COUNT_BICYCLIST_INJURED,COUNT_MC_INJURED,PCF_VIOLATION,PARTY_COUNT,POINT_Y,POINT_X,COLLISION_SEVERITY
2018,2018-05-03,1445,5,1,14,4,N,A,Y,A,H,A,-,- ,E,18,E,,,,,J,Y,N,D,1,0,0,0,,1,35.44258499145508,-118.79215240478516,3
2018,2018-05-02,555,5,1,5,3,N,A,N,A,H,B,A,01,W,08,E,,,,,I,Y,N,D,1,0,0,0,22107.0,1,35.0943603515625,-119.13107299804688,4
2018,2018-05-03,1505,5,1,15,4,Y,A,N,A,H,A,A,01,,09,D,,,,,C,Y,N,D,2,0,0,0,21801.0,3,35.35044860839844,-118.97643280029295,4
2018,2018-05-04,1325,5,1,13,5,N,A,Y,A,H,A,A,01,S,04,C,,,,,C,Y,N,D,1,0,0,0,21703.0,2,35.378501892089844,-119.04460144042967,4
2018,2018-05-04,1535,5,1,15,5,Y,A,Y,A,H,A,D,22,,09,D,,,,,C,Y,N,D,1,0,0,0,21801.0,4,35.25788116455078,-118.91441345214844,4
2018,2018-05-04,1820,5,1,18,5,Y,A,N,A,H,A,A,01,,01,D,Y,,,,C,N,N,A,3,1,0,0,23152.0,5,35.259639739990234,-118.91660308837892,3
2018,2018-04-29,630,4,1,6,7,N,A,Y,A,H,B,D,22,S,01,E,,,,,I,Y,N,D,2,0,0,0,23152.0,1,35.52641677856445,-119.30288696289062,3
2018,2018-05-07,705,5,1,7,1,N,A,N,A,H,A,A,01,S,08,F,,,,,A,Y,N,D,1,0,0,0,22107.0,1,35.131107330322266,-118.32582092285156,3
2018,2018-05-02,1730,5,1,17,3,N,A,N,A,H,A,A,01,E,08,F,,,,,A,Y,N,D,1,0,0,0,22107.0,1,35.03118896484375,-118.3978271484375,3
2018,2018-05-03,1620,5,1,16,4,N,A,N,A,H,A,A,07,S,09,D,,,Y,,C,N,N,D,1,0,0,1,21804.0,2,35.3946418762207,-118.98516082763672,3
2018,2018-05-04,2008,5,1,20,5,N,A,N,A,H,D,N,60,S,11,G,Y,,,,B,N,N,D,1,1,0,0,21950.0,2,35.38493347167969,-118.97492218017578,3
2018,2018-04-29,1930,4,1,19,7,N,A,N,A,H,A,-,- ,S,18,F,,,,Y,J,N,N,D,1,0,0,0,,1,35.11178970336914,-118.18000030517578,4
2018,2018-04-28,1933,4,1,19,6,N,A,N,A,H,B,A,01,S,09,D,,,,,C,Y,N,D,1,0,0,0,21804.0,2,34.87217712402344,-118.15829467773438,4
2018,2018-04-29,200,4,1,2,7,N,A,N,A,H,D,A,07,N,08,E,,,,,I,Y,N,D,1,0,0,0,22107.0,1,34.88236999511719,-118.1655502319336,2
2018,2018-05-06,445,5,1,4,7,N,B,N,A,H,D,A,01,N,01,E,,,,,I,Y,N,D,1,0,0,0,23152.0,1,35.559749603271484,-119.33187103271484,2
2018,2018-05-03,1530,5,1,15,4,N,A,Y,A,H,A,A,07,S,08,F,,,,,A,Y,N,D,2,0,0,0,22107.0,1,35.200740814208984,-119.15422058105467,2
2018,2018-04-27,2045,4,1,20,5,N,A,N,A,H,D,D,22,W,08,E,,,,,I,Y,N,D,1,0,0,0,22107.0,1,35.23781204223633,-119.02497863769533,4
2018,2018-04-28,2141,4,1,21,6,N,B,Y,A,H,C,N,60,E,11,G,Y,,,,B,N,F,D,1,1,0,0,21954.0,2,35.39664840698242,-118.91307067871094,2
2018,2018-05-04,830,5,1,8,5,N,A,N,A,H,A,A,01,E,03,C,,,,,C,N,N,D,1,0,0,0,22350.0,2,35.35432052612305,-118.92318725585938,4
2018,2018-05-08,1030,5,1,10,2,Y,A,Y,A,H,A,A,01,,08,E,,,,,I,Y,N,D,1,0,0,0,22107.0,1,35.628196716308594,-118.47830200195312,4
2018,2018-05-02,1757,5,1,17,3,N,A,N,A,H,A,L,04,W,09,D,,Y,,,G,N,N,D,1,0,1,0,21804.0,2,35.381591796875,-119.11165618896484,2
2018,2018-05-07,650,5,1,6,1,N,A,Y,A,H,A,A,01,N,03,C,,,,,C,Y,N,D,2,0,0,0,22350.0,2,35.4351806640625,-119.0767059326172,3
2018,2018-05-08,745,5,1,7,2,N,A,Y,A,H,A,A,07,W,03,C,,,,,C,Y,N,D,1,0,0,0,22350.0,3,,,4
2018,2018-05-08,2055,5,1,20,2,N,A,Y,A,H,D,G,25,S,03,C,,,,Y,C,Y,N,D,2,0,0,0,22350.0,4,34.90694046020508,-118.92366027832033,4
2018,2018-04-30,920,4,1,9,1,Y,A,N,A,H,A,A,01,,12,D,,,,,C,Y,N,A,1,0,0,0,21453.0,2,35.41239929199219,-119.04859924316406,4
2018,2018-05-01,1115,5,1,11,2,Y,A,N,A,H,A,A,01,,03,C,,,,,C,Y,N,D,3,0,0,0,22350.0,2,35.39651107788086,-118.98518371582033,3
2018,2018-05-03,2130,5,1,21,4,N,A,Y,A,D,C,A,01,N,03,C,,,,,C,Y,N,D,1,0,0,0,22350.0,2,,,3
2018,2018-05-03,1804,5,1,18,4,Y,A,N,A,H,A,A,01,,05,D,,,,,C,N,N,D,2,0,0,0,21752.0,2,35.30680084228516,-118.99864196777344,4
2018,2018-05-04,1638,5,1,16,5,N,A,Y,A,H,A,A,01,N,05,B,,,,,C,N,M,D,1,0,0,0,21651.0,2,35.34334945678711,-119.00311279296876,4
2018,2018-05-05,745,5,1,7,6,N,A,Y,A,D,A,A,01,N,03,C,,,,,C,N,N,D,1,0,0,0,22350.0,2,35.30050277709961,-119.03189086914062,4
2018,2018-05-10,750,5,1,7,4,N,A,N,A,H,A,A,07,W,01,E,,,,,I,Y,N,D,1,0,0,0,23152.0,1,35.41706085205078,-119.23505401611328,3
2018,2018-04-22,1210,4,1,12,7,Y,A,Y,A,H,A,A,01,,09,D,,,,,C,Y,N,A,1,0,0,0,21802.0,2,35.76136016845703,-119.27628326416016,4
2018,2018-05-01,1550,5,1,15,2,Y,A,N,A,H,A,A,01,,12,G,Y,,,,B,N,N,A,1,1,0,0,21453.0,2,35.41366958618164,-119.02120971679688,4
2018,2018-05-03,1725,5,1,17,4,N,A,N,A,H,A,A,01,E,21,C,,,,,C,N,N,A,1,0,0,0,22106.0,2,35.34675979614258,-119.04273223876952,4
2018,2018-05-05,1520,5,1,15,6,N,A,Y,A,H,A,C,02,E,03,F,,,Y,,A,Y,N,A,1,0,0,1,22350.0,1,35.69749069213867,-118.21320343017578,4
2018,2018-05-06,2041,5,1,20,7,N,A,Y,A,H,D,A,01,S,08,B,,,,,C,Y,N,D,5,0,0,0,22107.0,2,35.36756896972656,-119.04161834716795,3
2018,2018-04-12,708,4,1,7,4,N,C,Y,B,H,A,A,01,S,03,E,,,,,I,Y,N,A,0,0,0,0,22350.0,1,34.86545181274414,-118.882568359375,1
2018,2018-05-07,1505,5,1,15,1,Y,A,N,A,H,A,A,01,,12,D,,,,,C,Y,N,D,1,0,0,0,22450.0,2,35.1219482421875,-118.9867706298828,4
2018,2018-05-09,100,5,1,1,3,N,A,N,A,H,D,A,07,S,08,H,,,,,H,Y,N,D,1,0,0,0,22107.0,1,35.32249450683594,-118.87858581542967,4
2018,2018-05-08,1445,5,1,14,2,N,A,N,A,H,A,D,22,S,16,D,,,,,C,N,N,D,2,0,0,0,29004.0,2,35.760555267333984,-119.20524597167967,4
2018,2018-05-07,1500,5,1,15,1,N,A,Y,A,H,A,A,07,S,08,E,,,,,I,Y,N,D,1,0,0,0,22107.0,1,34.856449127197266,-118.17186737060548,4
2018,2018-05-08,2235,5,1,22,2,N,A,Y,A,H,D,A,01,W,08,E,,,,,I,Y,N,D,1,0,0,0,22107.0,1,35.47540664672852,-118.72726440429688,3
2018,2018-05-09,1745,5,1,17,3,Y,A,Y,A,H,A,D,22,,09,D,,,,,C,Y,N,A,3,0,0,0,21802.0,2,35.270610809326165,-118.91439819335938,3
2018,2018-05-09,1355,5,1,13,3,Y,A,Y,A,H,A,A,01,,12,D,,,,,C,Y,N,A,1,0,0,0,21453.0,2,,,2
2018,2018-05-10,1620,5,1,16,4,N,A,N,A,H,A,A,01,S,03,C,,,,,C,Y,N,A,1,0,0,0,22350.0,2,35.34836196899414,-119.04338836669922,4
2018,2018-05-08,1955,5,1,19,2,N,A,N,A,H,B,A,01,E,03,E,,,,,I,Y,N,D,1,0,0,0,22350.0,1,35.432010650634766,-118.95368957519533,3
2018,2018-05-08,810,5,1,8,2,Y,A,N,A,H,A,A,01,,12,D,,,,,C,Y,N,A,2,0,0,0,22450.0,2,35.557979583740234,-119.349609375,4
2018,2018-05-02,1640,5,1,16,3,N,A,N,A,H,A,A,01,S,03,C,,,,,C,Y,N,A,2,0,0,0,22350.0,2,35.33939743041992,-119.01870727539062,4
2018,2018-05-09,530,5,1,5,3,N,A,Y,A,H,B,G,27,W,03,C,,,,Y,C,Y,N,D,1,0,0,0,22350.0,2,35.26382827758789,-118.63085174560548,4
2018,2018-05-09,740,5,1,7,3,N,A,Y,A,H,A,D,22,E,03,C,,,,,C,Y,N,D,1,0,0,0,22350.0,2,,,4
2018,2018-05-10,525,5,1,5,4,N,A,Y,A,H,A,A,01,N,03,C,,,,,C,N,M,D,1,0,0,0,22350.0,3,35.316917419433594,-119.03618621826172,3
2018,2018-05-10,438,5,1,4,4,N,A,N,A,H,D,A,01,W,03,C,,,,,C,Y,N,D,3,0,0,0,22350.0,3,35.25246047973633,-118.9006118774414,3
2018,2018-05-10,850,5,1,8,4,N,A,Y,A,H,A,D,22,N,03,B,,,,,C,Y,N,D,2,0,0,0,22350.0,3,35.35638427734375,-119.03937530517578,4
2018,2018-05-07,1720,5,1,17,1,Y,A,N,A,H,A,F,24,,09,D,,,,Y,C,Y,N,A,2,0,0,0,21802.0,2,35.44110870361328,-119.68930816650392,3
2018,2018-04-27,600,4,1,6,5,N,A,Y,A,H,A,G,25,S,07,B,,,,Y,C,Y,N,D,1,0,0,0,21658.0,2,35.04739761352539,-118.17200469970705,4
2018,2018-05-04,1150,5,1,11,5,N,A,N,A,H,A,A,01,W,08,B,,,,,C,N,N,D,1,0,0,0,22107.0,2,34.86431121826172,-118.16909027099608,4
2018,2018-05-04,558,5,1,5,5,N,A,Y,A,H,B,A,08,E,03,C,,,,,C,Y,N,D,2,0,0,0,22350.0,2,35.05809020996094,-119.26024627685548,3
2018,2018-05-06,1115,5,1,11,7,N,A,N,A,H,A,D,22,N,01,E,,,,,I,Y,N,D,1,0,0,0,23152.0,1,34.91300582885742,-118.21564483642578,3
2018,2018-05-09,500,5,1,5,3,Y,A,N,A,H,C,A,01,,01,D,,,,,C,Y,N,A,1,0,0,0,23152.0,2,34.8565788269043,-118.19370269775392,2
2018,2018-05-11,1025,5,1,10,5,N,A,Y,A,H,A,A,07,N,03,C,,,,,C,Y,N,D,3,0,0,0,22350.0,3,35.216278076171875,-119.17028045654295,3
2018,2018-05-04,2000,5,1,20,5,Y,A,Y,A,H,A,A,08,,09,D,,,,,C,Y,N,D,3,0,0,0,21802.0,2,35.60763168334961,-117.76268768310548,3
2018,2018-03-17,2500,3,1,25,6,N,A,N,A,H,A,C,02,W,01,E,,,Y,,I,Y,N,D,0,0,0,0,23152.0,1,35.3799934387207,-117.67306518554688,1
2018,2018-05-13,1438,5,1,14,7,N,A,Y,A,H,A,A,07,S,08,E,,,,,I,Y,N,D,1,0,0,0,22107.0,1,,,2
2018,2018-05-14,1700,5,1,17,1,N,B,Y,A,H,A,A,07,S,21,C,,,,,C,N,N,A,2,0,0,0,22106.0,2,34.87556076049805,-118.89248657226562,4
2018,2018-05-13,1405,5,1,14,7,N,A,Y,A,H,A,C,02,E,08,F,,,Y,,A,Y,N,D,1,0,0,1,22107.0,1,35.114849090576165,-118.367431640625,4
2018,2018-05-11,1035,5,1,10,5,N,A,N,A,H,A,A,08,S,03,C,,,,,C,N,N,D,2,0,0,0,22350.0,2,35.31037521362305,-119.0031280517578,4
2018,2018-05-04,1700,5,1,17,5,N,A,N,A,H,A,A,01,S,08,F,,,,,A,Y,N,D,1,0,0,0,22107.0,1,35.10171127319336,-117.91770935058594,4
2018,2018-05-14,805,5,1,8,1,N,A,N,A,H,A,A,01,E,08,E,,,,,I,Y,N,D,1,0,0,0,22107.0,1,35.71775817871094,-119.2704849243164,4
2018,2018-05-14,750,5,1,7,1,N,A,Y,A,H,A,A,01,S,07,C,,,,,C,Y,N,A,1,0,0,0,21658.0,2,35.346389770507805,-119.0394287109375,4
2018,2018-05-05,1110,5,1,11,6,N,A,Y,A,H,A,C,02,W,08,F,,,Y,,A,N,N,D,1,0,0,1,22107.0,1,35.7204704284668,-118.50057983398438,2
2018,2018-05-15,1125,5,1,11,2,N,A,Y,A,C,A,A,01,N,08,E,,,,,I,Y,N,D,2,0,0,0,22107.0,1,35.60588073730469,-119.21166229248048,4
2018,2018-05-16,630,5,1,6,3,N,A,Y,A,H,A,D,22,N,03,C,,,,,C,Y,N,D,1,0,0,0,22350.0,2,35.657958984375,-119.89739990234376,4
2018,2018-05-08,850,5,1,8,2,N,A,N,A,H,A,D,22,W,03,E,,,,,I,Y,M,A,1,0,0,0,22350.0,1,34.848907470703125,-119.09825897216795,3
2018,2018-05-15,520,5,1,5,2,N,A,N,A,H,B,C,02,W,03,F,,,Y,,A,Y,N,D,1,0,0,1,22350.0,1,35.23783874511719,-119.02671813964844,2
2018,2018-05-16,550,5,1,5,3,N,A,Y,A,H,A,A,01,S,03,C,,,,,C,Y,N,D,3,0,0,0,22350.0,2,35.29582977294922,-119.03061676025392,4
2018,2018-05-17,529,5,1,5,4,N,A,Y,A,H,B,-,99,S,07,B,,,,,C,N,M,D,1,0,0,0,21658.0,2,35.624412536621094,-119.21445465087892,4
2018,2018-05-08,2109,5,1,21,2,N,A,Y,A,H,D,G,25,S,03,C,,,,Y,C,Y,N,A,4,0,0,0,22350.0,12,34.9283332824707,-118.92253875732422,3
2018,2018-04-26,2140,4,1,21,4,N,A,Y,A,H,D,A,01,S,03,C,,,,,C,Y,N,D,2,0,0,0,22350.0,2,35.01362991333008,-118.95380401611328,4
2018,2018-05-11,1916,5,1,19,5,Y,A,N,A,H,A,A,07,,12,D,,,,,C,Y,N,A,2,0,0,0,22450.0,2,35.39799880981445,-119.16324615478516,4
2018,2018-05-12,1400,5,1,14,6,N,A,N,A,H,A,A,01,W,03,C,,,,,C,Y,N,D,2,0,0,0,22350.0,3,35.3177490234375,-119.00433349609376,3
2018,2018-05-08,1107,5,1,11,2,N,A,N,A,H,A,A,07,S,21,D,,,,,C,N,N,D,1,0,0,0,22106.0,2,35.41793441772461,-119.0610809326172,4
2018,2018-05-07,2045,5,1,20,1,N,A,Y,A,H,C,C,02,S,03,F,,,Y,,I,Y,F,D,1,0,0,1,22350.0,2,,,4
2018,2018-05-11,1028,5,1,10,5,N,A,N,A,H,A,A,01,W,08,C,,,,,E,Y,N,D,1,0,0,0,22107.0,2,35.41236114501953,-119.07913208007812,4
2018,2018-05-11,720,5,1,7,5,Y,A,N,A,H,A,D,22,,09,D,,,,,C,N,N,D,2,0,0,0,21802.0,2,35.35960006713867,-118.94988250732422,4
2018,2018-05-11,2350,5,1,23,5,N,A,Y,A,H,C,A,01,E,01,E,,,,,I,Y,N,D,1,0,0,0,23152.0,1,35.434600830078125,-119.07599639892578,2
2018,2018-05-16,1607,5,1,16,3,N,A,Y,A,H,A,D,22,N,08,E,,,,,I,Y,N,D,1,0,0,0,22107.0,1,35.24627685546875,-119.0173568725586,4
2018,2018-05-12,815,5,1,8,6,N,A,Y,A,H,A,-,99,S,16,F,,,,,A,Y,F,D,3,0,0,0,24002.0,2,35.7012825012207,-119.71672058105467,4
2018,2018-05-12,1444,5,1,14,6,N,A,N,A,H,A,A,01,E,09,D,,,,,C,Y,N,D,1,0,0,0,21804.0,2,35.41240310668945,-119.05831146240234,4
2018,2018-05-12,1345,5,1,13,6,N,A,N,A,H,A,-,- ,W,18,H,,,,,A,N,N,D,1,0,0,0,,1,35.36989212036133,-118.91117095947266,3
2018,2018-05-11,1557,5,1,15,5,N,A,Y,A,H,A,A,07,N,08,F,,,,,A,Y,N,D,2,0,0,0,22107.0,1,35.566123962402344,-119.60655975341795,3
2018,2018-05-11,1450,5,1,14,5,N,A,Y,A,H,A,C,02,S,03,F,,,Y,,A,Y,N,D,1,0,0,1,22350.0,1,35.39508438110352,-119.04479217529295,3
2018,2018-05-13,1720,5,1,17,7,N,A,Y,A,H,A,A,07,E,08,F,,,,,A,Y,N,D,1,0,0,0,22107.0,1,35.66496276855469,-118.47113800048828,4
2018,2018-05-14,550,5,1,5,1,N,A,N,A,H,B,A,01,N,09,D,,,,,C,Y,N,D,5,0,0,0,21804.0,2,35.74122619628906,-119.31185150146484,2
2018,2018-05-11,5,5,1,0,5,N,A,Y,A,H,D,A,01,W,01,C,,,,,C,Y,N,D,3,0,0,0,23152.0,3,35.352256774902344,-118.99040222167967,3
2018,2018-05-09,750,5,1,7,3,N,A,N,A,H,A,-,- ,S,00,E,,,,,I,N,N,D,1,0,0,0,,2,35.35939407348633,-118.89643096923828,4
2018,2018-05-13,2043,5,1,20,7,N,A,Y,A,D,C,A,01,S,03,C,,,,,C,N,N,D,1,0,0,0,22350.0,3,35.31390380859375,-119.035400390625,4
2018,2018-04-27,934,4,1,9,5,N,A,Y,A,H,A,A,01,S,03,E,,,,,I,Y,N,D,0,0,0,0,22350.0,1,,,1
2018,2018-05-14,520,5,1,5,1,N,A,Y,A,H,D,G,26,N,03,C,,,,Y,C,Y,N,D,1,0,0,0,22350.0,3,34.905059814453125,-118.92337036132812,3
2018,2018-05-15,818,5,1,8,2,N,A,Y,A,H,A,A,07,W,03,C,,,,,C,Y,N,D,2,0,0,0,22350.0,2,35.35274124145508,-119.02483367919922,3
2018,2018-05-18,1510,5,1,15,5,N,A,Y,A,H,A,A,01,S,03,E,,,,,I,Y,N,D,1,0,0,0,22350.0,1,35.48456573486328,-119.14419555664062,3
2018,2018-05-18,1520,5,1,15,5,N,A,Y,A,H,A,D,22,N,03,C,,,,,C,N,N,D,1,0,0,0,22350.0,2,35.421871185302734,-119.0609893798828,4
2018,2018-05-18,1050,5,1,10,5,N,A,Y,A,H,A,A,08,W,03,C,,,,,C,Y,N,D,1,0,0,0,22350.0,3,35.3833122253418,-119.06104278564452,4
2018,2018-05-13,1154,5,1,11,7,Y,A,N,A,H,A,A,01,,09,D,,,,,C,Y,N,D,4,0,0,0,21801.0,2,35.36867904663086,-118.96529388427734,4
2018,2018-05-14,2035,5,1,20,1,N,A,Y,A,H,C,A,07,N,05,B,,,,,C,Y,F,D,1,0,0,0,21650.0,2,35.285430908203125,-118.91436767578124,3
2018,2018-05-13,2243,5,1,22,7,N,A,Y,A,D,D,A,07,N,03,C,,,,,C,Y,N,A,3,0,0,0,22350.0,4,,,4
2018,2018-05-19,535,5,1,5,6,N,A,N,A,H,A,D,22,E,09,D,,,,,C,Y,N,D,1,0,0,0,21801.0,2,35.03654098510742,-118.97647094726562,4
2018,2018-05-15,700,5,1,7,2,N,A,Y,A,H,A,A,01,S,08,C,,,,,C,Y,N,D,2,0,0,0,22107.0,2,35.687923431396484,-119.70679473876952,3
2018,2018-05-16,1045,5,1,10,3,N,A,Y,A,H,A,A,01,N,08,E,,,,,I,Y,N,D,1,0,0,0,22107.0,1,35.36270904541016,-119.03981018066406,3
2018,2018-05-15,1715,5,1,17,2,N,A,N,A,H,A,A,01,E,08,D,,,,,C,N,N,D,2,0,0,0,22107.0,3,35.61088943481445,-119.6863250732422,3
2018,2018-05-20,1150,5,1,11,7,N,A,Y,A,H,A,A,01,S,05,A,,,,,C,Y,N,A,1,0,0,0,21650.0,2,35.38113021850586,-119.25209045410156,3
2018,2018-05-19,1103,5,1,11,6,Y,A,N,A,H,A,D,22,,09,D,,,,,C,N,N,A,1,0,0,0,21802.0,2,35.608760833740234,-119.37583923339844,3
2018,2018-05-20,2025,5,1,20,7,N,A,N,A,H,C,A,01,W,09,D,,,,,C,Y,N,D,3,0,0,0,21801.0,2,34.81801986694336,-118.88927459716795,4
2018,2018-05-04,1400,5,1,14,5,N,A,Y,A,H,A,D,22,W,09,D,,,Y,,C,Y,N,D,0,0,0,0,21804.0,2,35.05832290649414,-119.22042083740234,1
2018,2018-05-21,253,5,1,2,1,N,A,N,A,H,C,A,01,W,01,E,,,,,I,Y,M,D,1,0,0,0,23152.0,1,35.2990608215332,-119.00635528564452,4
2018,2018-05-10,1000,5,1,10,4,Y,A,Y,A,H,A,A,07,,09,D,,,,,C,Y,N,A,2,0,0,0,21802.0,2,35.628150939941406,-118.47840118408205,3
2018,2018-05-18,2205,5,1,22,5,N,A,Y,A,H,D,A,08,S,08,E,,,,,I,Y,N,D,2,0,0,0,22107.0,1,35.557823181152344,-119.19707489013672,4
2018,2018-05-18,1705,5,1,17,5,N,A,N,A,H,A,A,01,E,03,E,,,,,I,Y,N,A,5,0,0,0,22350.0,2,35.41240692138672,-119.05860900878906,3
2018,2018-05-22,1515,5,1,15,2,N,A,Y,A,H,A,A,01,N,08,E,,,,,I,Y,N,D,1,0,0,0,22107.0,1,,,4
2018,2018-05-23,1615,5,1,16,3,N,A,Y,A,H,A,A,01,W,03,E,,,,,I,N,N,D,1,0,0,0,22350.0,1,35.352256774902344,-118.99057006835938,4
2018,2018-05-23,1600,5,1,16,3,Y,A,N,A,H,A,A,07,,09,D,,,,,C,Y,N,A,1,0,0,0,21802.0,2,35.34669876098633,-119.0322723388672,3
2018,2018-05-19,1452,5,1,14,6,Y,A,N,A,H,A,A,01,,09,D,,,,,C,N,N,D,1,0,0,0,21800.0,2,35.37405014038086,-118.95636749267578,4
2018,2018-05-14,1515,5,1,15,1,Y,A,N,A,H,A,A,01,,09,D,,,,,C,Y,N,A,1,0,0,0,21802.0,2,35.77592849731445,-119.1874771118164,4
2018,2018-05-23,2140,5,1,21,3,N,A,Y,A,H,D,A,01,E,08,E,,,,,I,Y,N,D,4,0,0,0,22107.0,1,35.444759368896484,-118.7905044555664,4
2018,2018-05-18,2200,5,1,22,5,N,A,N,A,H,D,C,02,W,08,F,,,Y,,A,Y,N,D,1,0,0,1,22107.0,1,35.41041946411133,-117.78476715087892,3
2018,2018-05-18,1220,5,1,12,5,Y,A,Y,A,H,A,A,01,,09,D,,,,Y,C,Y,N,A,6,0,0,0,21802.0,2,35.45367813110352,-119.47499847412108,2
2018,2018-05-19,2254,5,1,22,6,N,A,Y,A,H,D,A,07,S,07,F,,,,,I,Y,N,D,5,0,0,0,21658.0,1,35.43730545043945,-119.45022583007812,3
2018,2018-05-18,2145,5,1,21,5,N,A,N,A,H,D,A,01,S,08,E,,,,,I,N,N,D,1,0,0,0,22107.0,1,35.45368194580078,-119.4746551513672,4
2020,2020-05-06,1400,5,1,14,3,N,A,N,A,H,A,A,01,E,08,E,,,,,J,N,N,D,2,0,0,0,22107.0,1,35.49983215332031,-119.23469543457033,3
2018,2018-05-20,1506,5,1,15,7,N,A,N,A,H,A,A,01,W,08,D,,,,,C,Y,N,D,1,0,0,0,22107.0,3,35.36140060424805,-118.95211791992188,4
2018,2018-05-21,305,5,1,3,1,N,A,Y,A,H,C,A,01,E,08,F,,,,,A,Y,N,D,5,0,0,0,22107.0,1,35.35300064086914,-119.04070281982422,3
2018,2018-05-04,1101,5,1,11,5,N,A,N,A,H,A,A,01,E,08,D,,,,,C,Y,N,D,1,0,0,0,22107.0,2,35.0928955078125,-118.90534973144533,4
2018,2018-05-19,1900,5,1,19,6,N,A,N,A,H,A,C,02,N,08,E,,,Y,,I,Y,N,D,1,0,0,1,22107.0,1,35.2996940612793,-119.35404205322266,3
2018,2018-05-19,1025,5,1,10,6,N,A,N,A,H,A,D,22,E,08,C,,,,Y,C,N,N,D,2,0,0,0,22107.0,2,35.05818557739258,-119.36009979248048,4
2018,2018-05-23,1430,5,1,14,3,N,A,N,A,H,A,A,01,E,08,B,,Y,,,G,N,F,D,1,0,1,0,22107.0,2,35.39546585083008,-118.98692321777344,3
2018,2018-05-20,805,5,1,8,7,N,A,Y,A,D,A,D,22,N,07,E,,,,,I,Y,M,D,1,0,0,0,21658.0,2,35.32318878173828,-119.03782653808594,3
2018,2018-05-24,2035,5,1,20,4,N,A,N,A,H,D,-,99,E,08,C,,Y,,,G,N,F,D,1,0,1,0,22107.0,2,35.364891052246094,-118.97850036621094,3
2018,2018-05-19,1120,5,1,11,6,N,A,Y,A,H,A,A,01,N,07,B,,,,,C,Y,N,D,2,0,0,0,21658.0,2,35.37105941772461,-119.04296875,4
2018,2018-05-22,2330,5,1,23,2,N,A,Y,A,H,D,A,01,N,03,C,,,,Y,C,Y,N,A,2,0,0,0,22350.0,3,35.669536590576165,-119.69310760498048,3
2018,2018-05-24,550,5,1,5,4,N,A,N,A,H,B,A,07,S,08,C,,,,,C,Y,N,D,3,0,0,0,22107.0,3,35.11305618286133,-118.87778472900392,3
2018,2018-05-17,1415,5,1,14,4,N,A,N,A,H,A,D,22,W,07,B,,,,,C,Y,N,D,1,0,0,0,21658.0,2,34.86431121826172,-118.16909027099608,4
2018,2018-05-19,105,5,1,1,6,N,A,Y,A,H,D,C,02,E,01,F,,,Y,,A,Y,N,D,1,0,0,1,23152.0,1,35.65195083618164,-117.74321746826172,2
2018,2018-05-21,15,5,1,0,1,N,A,Y,A,H,D,A,01,N,08,E,,,,,I,Y,N,D,1,0,0,0,22107.0,1,35.57296371459961,-117.732666015625,4
2018,2018-05-15,515,5,1,5,2,Y,A,N,A,H,A,D,22,,12,D,,,,,C,Y,N,A,2,0,0,0,22450.0,2,35.717960357666016,-119.2231216430664,4
2018,2018-05-20,1815,5,1,18,7,N,A,Y,A,H,A,D,22,S,08,E,,,,,I,Y,N,D,1,0,0,0,22107.0,1,35.22975540161133,-119.01384735107422,3
2018,2018-05-20,950,5,1,9,7,N,A,Y,A,H,A,A,07,E,03,E,,,,,I,Y,N,D,1,0,0,0,22350.0,2,35.651309967041016,-118.42140197753906,3
2018,2018-05-20,30,5,1,0,7,N,A,Y,A,H,D,A,01,W,08,E,,,,,I,Y,N,D,2,0,0,0,22107.0,1,35.653953552246094,-118.45306396484376,3
2018,2018-05-15,1835,5,1,18,2,N,A,N,A,H,A,N,60,E,11,G,Y,,,,B,N,N,D,1,1,0,0,21954.0,2,35.37717056274414,-118.97078704833984,2