ACCIDENT_YEAR,COLLISION_DATE,COLLISION_TIME,MONTH,SEASON,24HOURS,DAY_OF_WEEK,INTERSECTION,WEATHER_1,STATE_HWY_IND,ROAD_SURFACE,ROAD_COND_1,LIGHTING,STWD_VEHTYPE_AT_FAULT,CHP_VEHTYPE_AT_FAULT,DIRECTION,PCF_VIOL_CATEGORY,TYPE_OF_COLLISION,PEDESTRIAN_ACCIDENT,BICYCLE_ACCIDENT,MOTORCYCLE_ACCIDENT,TRUCK_ACCIDENT,MVIW,TOW_AWAY,HIT_AND_RUN,CONTROL_DEVICE,NUMBER_INJURED,COUNT_PED_INJURED,COUNT_BICYCLIST_INJURED,COUNT_MC_INJURED,PCF_VIOLATION,PARTY_COUNT,POINT_Y,POINT_X,COLLISION_SEVERITY
2018,2018-12-10,1501,12,4,15,1,Y,B,N,A,H,A,-,- ,,18,H,,,,,A,N,N,A,1,0,0,0,,1,35.373199462890625,-118.9474868774414,4
2018,2018-12-15,1135,12,4,11,6,Y,A,Y,A,H,A,A,01,,05,D,,,,,C,Y,N,A,2,0,0,0,21752.0,2,35.6456413269043,-118.36402130126952,3
2018,2018-12-15,1505,12,4,15,6,N,A,Y,A,H,A,A,01,N,03,C,,,,,C,Y,N,D,1,0,0,0,22350.0,4,35.34610748291016,-119.03968048095705,4
2018,2018-12-13,500,12,4,5,4,N,A,Y,A,H,D,A,01,S,08,B,,,,Y,C,Y,N,D,1,0,0,0,22107.0,2,35.03489303588867,-118.97492218017578,4
2018,2018-12-11,1705,12,4,17,2,N,B,N,A,H,B,A,07,S,08,B,,,,,C,Y,M,D,1,0,0,0,22107.0,3,35.36415100097656,-118.93202972412108,4
2018,2018-12-10,815,12,4,8,1,Y,B,N,A,H,A,A,08,,08,A,,,,,C,Y,M,D,1,0,0,0,22107.0,2,35.256099700927734,-118.90528869628906,4
2018,2018-12-18,1735,12,4,17,2,N,A,N,A,H,C,-,99,W,21,C,,Y,,,G,N,F,D,1,0,1,0,22106.0,2,35.374168395996094,-118.97267150878906,4
2018,2018-12-11,2140,12,4,21,2,N,E,N,A,H,D,A,07,S,01,E,,,,,J,Y,N,D,1,0,0,0,23152.0,1,35.123477935791016,-118.5928192138672,2
2018,2018-11-23,2347,11,3,23,5,N,A,Y,A,H,D,D,22,N,08,E,,,,,J,Y,N,D,0,0,0,0,22107.0,1,35.68290328979492,-119.22866821289062,1
2018,2018-11-04,2105,11,3,21,7,N,A,Y,A,H,C,N,60,W,11,G,Y,,,,B,Y,N,D,0,0,0,0,21954.0,2,35.26434326171875,-118.65890502929688,1
2018,2018-12-04,1640,12,4,16,2,N,B,N,A,H,A,A,01,N,21,H,,,,,C,N,M,D,1,0,0,0,22106.0,2,34.86275100708008,-118.16439819335938,4
2018,2018-12-10,1700,12,4,17,1,N,B,N,A,H,D,M,46,S,05,B,,,,,C,Y,F,D,1,0,0,0,21650.0,2,35.16056060791016,-118.87807464599608,3
2018,2018-12-08,2015,12,4,20,6,N,B,Y,A,H,D,A,01,E,08,F,,,,,I,Y,N,D,1,0,0,0,22107.0,1,35.46050262451172,-118.7715072631836,4
2018,2018-12-07,1530,12,4,15,5,N,A,N,A,H,A,H,13,N,08,B,,,,,C,N,N,D,3,0,0,0,22107.0,2,35.364715576171875,-119.12792205810548,4
2018,2018-12-11,1403,12,4,14,2,Y,B,N,A,H,A,A,01,,12,D,,,,,C,Y,N,A,2,0,0,0,22450.0,2,35.238128662109375,-118.84253692626952,4
2018,2018-12-15,613,12,4,6,6,N,A,N,A,H,B,A,01,S,09,D,,,,,C,Y,N,D,3,0,0,0,21801.0,2,35.390464782714844,-119.07436370849608,3
2018,2018-12-18,555,12,4,5,2,Y,A,Y,A,H,D,A,01,,12,E,,,,,I,Y,N,A,1,0,0,0,22450.0,1,,,4
2018,2018-12-17,625,12,4,6,1,N,B,Y,A,H,B,D,22,N,03,C,,,,,C,N,N,D,1,0,0,0,22350.0,2,35.53207015991211,-119.08311462402344,3
2018,2018-12-17,610,12,4,6,1,Y,B,N,B,H,C,A,07,,09,D,,,,,C,Y,N,D,1,0,0,0,21802.0,2,35.31774139404297,-119.00836944580078,3
2018,2018-12-12,450,12,4,4,3,N,A,N,A,H,C,D,22,S,08,D,,,,,C,Y,N,A,2,0,0,0,22105.0,2,35.11176681518555,-118.18000030517578,3
2018,2018-12-12,1835,12,4,18,3,N,A,N,A,H,C,N,60,S,11,G,Y,,,,B,N,N,A,1,1,0,0,21954.0,2,35.40626907348633,-119.02105712890624,2
2018,2018-12-17,955,12,4,9,1,Y,A,N,A,H,A,D,22,,05,B,,,,Y,C,Y,N,A,1,0,0,0,21752.0,2,35.208717346191406,-119.03923034667967,4
2018,2018-12-13,720,12,4,7,4,Y,A,N,A,H,A,A,07,,10,G,Y,,,,B,N,N,A,1,1,0,0,21950.0,2,35.439866,-119.021559,4
2018,2018-12-13,1753,12,4,17,4,N,A,N,A,H,D,A,01,W,08,E,,,,,I,Y,N,D,1,0,0,0,22107.0,1,35.252464294433594,-118.89998626708984,3
2018,2018-12-19,1040,12,4,10,3,N,A,Y,A,D,A,J,41,S,03,C,,,,,C,N,N,D,1,0,0,0,22350.0,2,35.345951080322266,-119.03968048095705,4
2018,2018-12-19,740,12,4,7,3,Y,A,Y,A,H,A,-,- ,,00,D,,,,,C,N,N,A,1,0,0,0,,2,35.38332748413086,-119.06536865234376,4
2018,2018-12-14,1440,12,4,14,5,Y,A,N,A,H,A,A,07,,05,D,,,,,C,Y,N,A,3,0,0,0,21752.0,2,35.296348571777344,-118.8607177734375,2
2018,2018-12-18,1655,12,4,16,2,Y,A,N,A,H,C,A,01,,09,D,,,,,C,Y,N,D,1,0,0,0,21801.0,2,35.373390197753906,-119.1455307006836,4
2018,2018-12-16,35,12,4,0,7,N,A,Y,A,H,D,A,01,N,01,E,,,,,I,Y,N,D,2,0,0,0,23152.0,1,35.4040412902832,-119.0451202392578,2
2018,2018-12-18,1305,12,4,13,2,N,A,N,A,H,A,A,01,N,03,C,,,,,C,Y,N,A,2,0,0,0,22350.0,2,35.412322998046875,-119.03909301757812,4
2018,2018-12-15,2115,12,4,21,6,Y,A,N,A,H,C,D,22,,01,A,,,,,C,Y,N,A,3,0,0,0,23152.0,2,35.41952133178711,-119.0255889892578,2
2018,2018-12-15,1334,12,4,13,6,N,A,N,A,H,A,A,01,N,03,C,,,,,E,N,N,D,2,0,0,0,22350.0,2,35.42729187011719,-119.03352355957033,4
2018,2018-12-15,1831,12,4,18,6,N,A,Y,A,H,D,D,22,E,01,A,,,,,C,Y,N,D,2,0,0,0,23152.0,2,35.39873123168945,-119.37001800537108,2
2018,2018-12-13,1540,12,4,15,4,N,A,Y,A,H,A,A,01,S,07,B,,,,Y,C,Y,N,D,1,0,0,0,21658.0,2,35.731597900390625,-119.73929595947266,4
2018,2018-12-11,1329,12,4,13,2,N,B,N,A,H,A,A,01,S,08,F,,,,,I,Y,N,D,1,0,0,0,22107.0,1,35.398292541503906,-119.1454849243164,3
2018,2018-12-17,1205,12,4,12,1,Y,B,N,B,H,A,A,01,,12,D,,,,,C,Y,N,A,4,0,0,0,22450.0,2,35.775848388671875,-119.2052993774414,2
2018,2018-12-18,1536,12,4,15,2,Y,B,N,A,H,A,D,22,,12,D,,,,,C,Y,N,A,4,0,0,0,21453.0,3,35.37583923339844,-118.95854949951172,4
2018,2018-12-15,1740,12,4,17,6,N,A,N,A,H,C,A,01,E,08,A,,,,,C,N,M,D,1,0,0,0,22107.0,2,35.2596435546875,-118.91830444335938,4
2018,2018-12-11,1410,12,4,14,2,N,A,N,A,H,A,A,01,N,08,C,,,,,E,Y,N,D,1,0,0,0,22107.0,3,34.86915588378906,-118.15828704833984,4
2018,2018-12-19,910,12,4,9,3,N,A,Y,A,H,A,A,07,N,08,B,,,,Y,C,Y,N,D,1,0,0,0,22107.0,2,35.40601348876953,-119.40737915039062,4
2018,2018-12-13,945,12,4,9,4,N,A,Y,A,H,A,D,22,E,08,E,,,,,I,Y,N,D,2,0,0,0,22107.0,1,35.114952087402344,-118.36976623535156,2
2018,2018-12-16,1710,12,4,17,7,N,A,N,A,H,B,D,22,S,08,A,,,,,C,Y,F,D,3,0,0,0,22107.0,3,35.372310638427734,-118.96759033203124,4
2018,2018-12-17,320,12,4,3,1,N,A,N,A,H,D,A,07,E,08,B,,,,,C,Y,N,D,2,0,0,0,22107.0,2,35.3188362121582,-117.97324371337892,4
2018,2018-12-20,130,12,4,1,4,N,A,Y,A,H,D,A,01,N,01,C,,,,Y,C,Y,M,D,1,0,0,0,23152.0,2,,,3
2018,2018-12-18,810,12,4,8,2,N,A,N,A,H,A,A,01,E,03,C,,,,,C,Y,N,A,1,0,0,0,22350.0,3,35.4196891784668,-119.09211730957033,4
2018,2018-12-19,625,12,4,6,3,Y,B,N,A,H,B,A,01,,09,A,,,,,C,Y,N,D,4,0,0,0,21801.0,2,35.558208465576165,-119.27752685546876,3
2018,2018-12-21,1302,12,4,13,5,N,A,Y,A,H,A,A,01,N,03,C,,,,,C,Y,N,D,1,0,0,0,22350.0,2,34.84206008911133,-118.86497497558594,3
2018,2018-12-14,1730,12,4,17,5,N,B,Y,A,H,C,A,01,N,03,C,,,,,C,Y,N,D,5,0,0,0,22350.0,2,35.37003707885742,-119.0427017211914,3
2018,2018-12-18,1740,12,4,17,2,Y,A,N,A,H,D,L,04,,09,H,,Y,,,G,N,F,A,1,0,1,0,21802.0,2,35.410598754882805,-119.03414916992188,3
2018,2018-12-20,1120,12,4,11,4,Y,A,N,A,H,A,A,01,,09,D,,,,,C,Y,N,A,4,0,0,0,21802.0,2,34.86431121826172,-118.1690673828125,4
2018,2018-12-18,1430,12,4,14,2,N,A,N,A,H,A,-,- ,W,00,B,,,,,C,N,N,D,1,0,0,0,,2,35.37279510498047,-118.97467803955078,4
2018,2018-12-23,1010,12,4,10,7,Y,B,Y,A,H,A,A,07,,09,D,,,,,C,Y,N,A,1,0,0,0,21802.0,2,35.11207962036133,-118.17999267578124,4
2018,2018-12-21,1651,12,4,16,5,N,A,Y,A,H,B,A,01,S,08,E,,,,,I,N,N,D,1,0,0,0,22107.0,1,35.52544403076172,-119.18842315673828,4
2018,2018-12-20,1450,12,4,14,4,N,A,N,A,H,A,D,22,W,08,E,,,,,I,Y,N,D,1,0,0,0,22107.0,1,35.50003433227539,-119.34506225585938,2
2018,2018-12-20,230,12,4,2,4,N,A,N,A,H,D,A,01,N,08,E,,,,,I,Y,M,D,1,0,0,0,22107.0,1,35.256744384765625,-118.93212127685548,4
2018,2018-12-25,1040,12,4,10,2,N,B,Y,A,H,A,A,08,W,08,B,,,,Y,C,Y,N,D,2,0,0,0,22107.0,2,35.11739730834961,-118.20934295654295,3
2018,2018-12-22,1620,12,4,16,6,N,B,Y,A,D,A,A,01,N,04,C,,,,,C,N,N,D,3,0,0,0,21703.0,3,35.3453369140625,-119.0396728515625,4
2018,2018-12-22,2239,12,4,22,6,N,A,N,A,H,C,A,01,N,03,C,,,,,C,Y,N,D,1,0,0,0,22350.0,2,35.37458801269531,-119.163330078125,4
2018,2018-12-14,830,12,4,8,5,N,A,Y,A,H,A,F,26,E,06,B,,,,Y,C,Y,N,D,1,0,0,0,21751.0,2,35.26652908325195,-119.30921173095705,2
2018,2018-12-14,1903,12,4,19,5,N,A,Y,A,H,D,A,07,N,08,F,,,,,A,Y,N,D,1,0,0,0,22107.0,1,35.70290756225586,-119.71791839599608,3
2018,2018-12-22,1127,12,4,11,6,N,B,Y,A,H,A,A,07,N,03,C,,,,,C,Y,N,D,2,0,0,0,22350.0,2,35.63233947753906,-119.66545104980467,4
2018,2018-12-26,1000,12,4,10,3,N,A,Y,A,H,A,A,01,N,03,C,,,,,C,Y,N,D,2,0,0,0,22350.0,3,35.58319854736328,-119.62403106689452,4
2018,2018-12-21,1415,12,4,14,5,N,A,Y,A,H,A,A,07,W,01,C,,,,,C,Y,N,A,1,0,0,0,23152.0,2,35.1242790222168,-118.49510192871094,4
2018,2018-11-12,2210,11,3,22,1,N,A,Y,A,H,E,A,01,N,01,E,,,,,I,Y,N,D,0,0,0,0,23152.0,1,35.18500900268555,-119.5328369140625,1
2018,2018-12-20,530,12,4,5,4,N,A,Y,A,H,C,A,01,,06,B,,,,,C,Y,N,D,1,0,0,0,21750.0,2,35.350685119628906,-119.63633728027344,3
2018,2018-12-25,1045,12,4,10,2,N,A,Y,A,H,A,A,01,W,03,C,,,,,C,Y,N,D,1,0,0,0,22350.0,2,35.11758041381836,-118.2119140625,4
2018,2018-10-23,1949,10,3,19,2,Y,A,Y,A,H,C,A,01,,09,D,,,,,C,Y,N,A,1,0,0,0,21802.0,2,35.65177154541016,-117.7230987548828,1
2018,2018-12-22,1520,12,4,15,6,N,B,Y,A,H,A,D,22,W,07,B,,,,,C,Y,N,D,1,0,0,0,21658.0,3,35.383522033691406,-119.13279724121094,4
2018,2018-12-23,1230,12,4,12,7,N,B,Y,A,H,A,A,01,N,03,C,,,,,C,Y,N,D,5,0,0,0,22350.0,3,35.34543991088867,-119.03968811035156,3
2018,2018-12-20,1615,12,4,16,4,N,A,N,A,H,A,A,01,N,08,E,,,,,J,Y,N,D,1,0,0,0,22107.0,1,35.144256591796875,-118.96773529052734,3
2018,2018-12-26,2020,12,4,20,3,N,A,Y,A,H,C,A,01,S,07,B,,,,Y,C,Y,N,D,1,0,0,0,21658.0,2,35.00765609741211,-118.951904296875,3
2018,2018-12-26,1540,12,4,15,3,N,A,Y,A,H,A,A,01,W,03,C,,,,,C,N,N,D,1,0,0,0,22350.0,2,35.38328552246094,-119.052490234375,4
2018,2018-12-26,2500,12,4,25,3,N,B,N,A,H,D,D,22,S,03,F,,,,,A,Y,M,D,1,0,0,0,22350.0,1,35.09360122680664,-118.9809799194336,3
2018,2018-12-23,1358,12,4,13,7,N,A,N,A,H,A,A,07,S,08,C,,,,,E,Y,N,D,1,0,0,0,22107.0,2,35.33863830566406,-119.00521850585938,4
2018,2018-12-24,1843,12,4,18,1,N,B,N,A,H,D,A,01,S,10,G,Y,,,,B,N,N,D,1,1,0,0,21950.0,2,35.37717819213867,-118.97096252441406,2
2018,2018-12-26,1608,12,4,16,3,Y,A,N,A,H,A,L,04,,12,H,,Y,,,G,N,N,A,1,0,1,0,21453.0,2,35.37641143798828,-118.96758270263672,3
2018,2018-12-27,1243,12,4,12,4,Y,A,N,A,H,A,N,60,,11,D,Y,,,,B,N,N,A,1,1,0,0,21954.0,2,35.38888931274414,-118.97686004638672,3
2018,2018-12-22,715,12,4,7,6,N,B,Y,A,H,A,A,01,S,08,F,,,,,A,Y,N,D,3,0,0,0,22107.0,1,35.615718841552734,-119.6513671875,2
2018,2018-12-12,143,12,4,1,3,N,A,N,A,H,C,D,22,E,08,E,,,,,I,Y,F,D,1,0,0,0,22107.0,1,35.354461669921875,-119.09227752685548,3
2018,2018-12-21,1755,12,4,17,5,Y,A,N,A,H,C,A,01,,09,D,,,,,C,N,N,A,1,0,0,0,21800.0,2,35.20871353149414,-118.91452026367188,4
2018,2018-12-21,1630,12,4,16,5,N,A,N,A,H,A,-,99,W,08,E,,Y,,,J,N,F,D,1,0,1,0,22107.0,2,35.421329498291016,-119.02351379394533,3
2018,2018-12-22,200,12,4,2,6,N,A,N,A,H,C,A,01,E,01,E,,,,,I,Y,N,D,1,0,0,0,23152.0,1,35.371341705322266,-118.95822143554688,4
2018,2018-12-22,158,12,4,1,6,N,A,N,A,H,C,A,01,S,01,C,,,,,E,Y,M,D,1,0,0,0,23152.0,2,35.37203598022461,-118.96305084228516,4
2018,2018-12-23,1740,12,4,17,7,N,A,N,A,H,C,A,01,S,01,B,,,,,E,Y,N,D,1,0,0,0,23152.0,2,35.42658615112305,-119.0173110961914,3
2018,2018-12-25,1715,12,4,17,2,N,B,Y,A,H,B,A,01,N,12,E,,,,,I,Y,N,D,2,0,0,0,22450.0,1,35.12213897705078,-118.98660278320312,4
2018,2018-12-21,1245,12,4,12,5,N,A,N,A,H,A,E,22,N,03,C,,,,,C,Y,N,A,6,0,0,0,22350.0,2,35.217803955078125,-119.0032196044922,3
2018,2018-12-22,1105,12,4,11,6,N,A,Y,A,H,A,A,07,N,03,C,,,,,C,N,N,D,3,0,0,0,22350.0,2,35.377315521240234,-119.36722564697266,4
2018,2018-12-23,445,12,4,4,7,N,B,N,A,H,C,D,22,E,08,E,,,,,I,Y,N,A,1,0,0,0,22107.0,1,35.28154754638672,-118.91436004638672,3
2018,2018-12-23,1627,12,4,16,7,N,B,Y,A,H,A,A,01,N,01,C,,,,,C,Y,N,D,1,0,0,0,23152.0,3,35.3421516418457,-119.03984832763672,4
2018,2018-12-24,1311,12,4,13,1,Y,A,N,A,H,A,A,01,,03,C,,,,,C,Y,N,A,2,0,0,0,22350.0,2,35.417259216308594,-119.03914642333984,3
2018,2018-12-24,1230,12,4,12,1,N,A,Y,A,H,A,E,22,E,01,C,,,,,C,Y,N,D,1,0,0,0,23152.0,3,35.383323669433594,-119.0647201538086,4
2018,2018-10-10,459,10,3,4,3,N,A,Y,A,H,D,A,01,N,03,C,,,,Y,C,Y,N,D,1,0,0,0,22350.0,2,35.73332214355469,-119.74059295654295,2
2018,2018-10-10,500,10,3,5,3,N,A,Y,A,H,D,G,25,N,03,B,,,,Y,C,Y,N,D,1,0,0,0,22350.0,2,35.73307800292969,-119.74041748046876,1
2018,2018-12-25,2223,12,4,22,2,N,A,N,A,H,D,A,01,S,01,E,,,,,I,Y,N,D,1,0,0,0,23152.0,1,35.498878479003906,-119.29612731933594,2
2018,2018-12-20,2314,12,4,23,4,Y,A,Y,A,H,C,-,- ,,00,D,,,,,C,Y,N,A,2,0,0,0,,2,35.38356018066406,-119.1455535888672,3
2018,2018-12-22,1902,12,4,19,6,N,A,N,A,H,D,N,60,N,11,G,Y,,,,B,N,N,D,1,1,0,0,21954.0,2,35.40367126464844,-119.04031372070312,3
2018,2018-12-23,1950,12,4,19,7,N,A,Y,A,H,D,-,- ,E,18,E,Y,,,,J,Y,N,D,1,1,0,0,,2,,,4
2018,2018-12-26,1310,12,4,13,3,Y,A,N,A,H,A,A,01,,06,B,,,,Y,C,Y,N,D,3,0,0,0,21750.0,2,35.29642105102539,-118.84293365478516,4
2018,2018-12-22,1530,12,4,15,6,Y,B,Y,A,H,A,A,08,,09,D,,,,,C,Y,N,A,6,0,0,0,21802.0,2,,,4
2018,2018-12-23,1328,12,4,13,7,N,A,N,A,H,A,A,01,E,03,C,,,,,C,N,M,D,1,0,0,0,22350.0,2,35.339458465576165,-119.00150299072266,4
2018,2018-12-27,1125,12,4,11,4,Y,A,N,A,H,A,A,01,,12,D,,,,,C,Y,N,A,2,0,0,0,21453.0,2,35.42710876464844,-119.03012084960938,4
2018,2018-12-28,1215,12,4,12,5,N,A,Y,A,H,A,A,07,W,08,F,,,,,A,Y,N,D,2,0,0,0,22107.0,1,35.00312423706055,-117.7837142944336,2
2018,2018-12-30,1120,12,4,11,7,N,B,N,C,H,A,D,22,W,03,C,,,,,C,Y,N,A,1,0,0,0,22350.0,2,34.85193634033203,-119.12367248535156,3
2018,2018-12-28,655,12,4,6,5,N,A,N,A,H,B,A,07,E,08,F,,,,,A,Y,N,D,1,0,0,0,22107.0,1,35.09284210205078,-118.8908462524414,3
2018,2018-12-30,1545,12,4,15,7,N,A,Y,A,H,A,A,08,S,03,C,,,,,C,Y,N,D,5,0,0,0,22350.0,2,34.908447265625,-118.92414855957033,4
2018,2018-12-22,1555,12,4,15,6,Y,A,N,A,H,A,D,22,,01,A,,,,,C,Y,N,A,1,0,0,0,23152.0,2,35.622520446777344,-117.72299194335938,3
2018,2018-12-22,835,12,4,8,6,N,A,Y,A,H,A,A,01,N,03,C,,,,Y,C,Y,N,D,1,0,0,0,22350.0,2,35.171974182128906,-119.12250518798828,3
2018,2018-12-22,1210,12,4,12,6,N,A,N,A,H,A,C,02,W,03,C,,,Y,,A,Y,N,D,1,0,0,1,22350.0,2,35.136810302734375,-119.46575164794922,2
2018,2018-12-28,422,12,4,4,5,N,A,N,A,H,C,D,22,E,03,D,,,,,C,Y,N,D,1,0,0,0,22350.0,3,35.25239944458008,-118.92546081542967,4
2018,2018-12-30,1245,12,4,12,7,N,A,Y,A,H,A,A,01,S,03,C,,,,,C,N,N,D,1,0,0,0,22350.0,2,35.31039047241211,-119.03419494628906,4
2018,2018-12-31,2225,12,4,22,1,Y,A,N,A,H,C,-,- ,,09,D,,,,,C,N,N,D,1,0,0,0,21800.0,2,35.30588150024414,-118.99862670898438,4
2018,2018-12-26,1535,12,4,15,3,Y,A,N,A,H,A,A,07,,09,D,,,,,C,Y,N,A,3,0,0,0,21802.0,2,35.390769958496094,-119.18106079101562,3
2018,2018-10-21,1930,10,3,19,7,N,A,N,A,H,D,D,22,W,01,A,,,,,C,Y,N,D,3,0,0,0,23152.0,2,35.2960319519043,-118.94662475585938,1
2018,2018-12-30,218,12,4,2,7,N,A,N,A,H,C,D,22,N,01,D,,,,,C,Y,M,D,1,0,0,0,23152.0,3,35.38369369506836,-119.14557647705078,4
2018,2018-12-26,950,12,4,9,3,N,A,Y,A,H,A,A,01,S,03,C,,,,,C,Y,N,D,11,0,0,0,22350.0,5,35.573829650878906,-119.61504364013672,2
2018,2018-12-25,9,12,4,0,2,N,B,Y,C,H,D,-,- ,E,18,E,,,,,I,Y,N,D,1,0,0,0,,1,35.73210144042969,-118.53629302978516,4
2018,2018-12-26,0,12,4,0,3,N,A,Y,A,H,D,A,01,N,01,C,,,,Y,C,Y,M,D,1,0,0,0,23152.0,2,35.29957962036133,-119.03136444091795,2
2018,2018-12-29,1135,12,4,11,6,N,A,N,A,H,A,A,01,E,01,A,,,,,E,Y,N,D,1,0,0,0,23152.0,2,35.406776428222656,-119.02759552001952,4
2019,2019-01-02,1448,1,4,14,3,N,A,Y,A,H,A,A,01,N,03,C,,,,,C,N,N,D,1,0,0,0,22350.0,2,35.33403015136719,-119.03949737548828,4
2019,2019-01-03,1440,1,4,14,4,N,A,N,A,H,A,C,02,S,08,E,,,Y,,I,Y,N,D,1,0,0,1,22107.0,1,35.697444915771484,-118.73062896728516,2
2018,2018-12-29,1216,12,4,12,6,N,A,N,A,H,A,A,01,W,03,C,,,,,C,Y,N,D,1,0,0,0,22350.0,2,35.412471771240234,-119.07463073730467,4
2018,2018-12-27,610,12,4,6,4,N,A,N,A,H,D,A,01,W,03,D,,,,,C,Y,N,D,1,0,0,0,22350.0,2,34.85335922241211,-119.13340759277344,3
2018,2018-12-25,810,12,4,8,2,N,A,N,A,H,A,A,07,W,08,E,,,,,I,Y,N,D,1,0,0,0,22107.0,1,34.95071792602539,-118.26943969726562,3
2018,2018-12-31,2000,12,4,20,1,N,A,N,A,H,C,D,22,W,09,D,,,,,C,Y,N,A,2,0,0,0,21801.0,2,35.40863037109375,-119.03013610839844,3
2018,2018-12-31,1850,12,4,18,1,N,A,Y,A,H,D,A,01,W,08,E,,,,,I,Y,N,D,2,0,0,0,22107.0,1,35.39621353149414,-118.95208740234376,4
2018,2018-12-30,1135,12,4,11,7,N,A,N,A,H,A,D,22,W,01,E,,,,,I,Y,N,D,1,0,0,0,23152.0,1,35.390106201171875,-118.97386932373048,4
2019,2019-01-04,1552,1,4,15,5,N,A,Y,A,H,A,A,07,S,08,E,,,,,I,Y,N,D,1,0,0,0,22107.0,1,34.86455154418945,-118.881591796875,3
2018,2018-12-30,2035,12,4,20,7,N,A,N,A,H,D,N,60,W,11,G,Y,,,,B,N,N,D,1,1,0,0,21954.0,2,35.383384704589844,-118.97766876220705,4
2019,2019-01-01,1735,1,4,17,2,N,A,N,A,H,D,A,01,S,01,D,,,,,E,Y,M,D,1,0,0,0,23152.0,3,35.358638763427734,-118.9053192138672,4
2019,2019-01-01,1510,1,4,15,2,N,A,N,A,H,A,C,02,N,03,F,,,Y,,A,N,N,D,1,0,0,1,22350.0,1,35.13648986816406,-118.3232879638672,2
2018,2018-12-28,635,12,4,6,5,N,A,N,A,H,B,D,22,N,08,D,,,,,C,N,N,D,2,0,0,0,22100.0,2,35.53173828125,-119.40316772460938,3
2018,2018-12-31,2200,12,4,22,1,N,A,Y,A,H,D,A,08,N,01,E,,,,,I,Y,N,D,1,0,0,0,23152.0,1,34.87355422973633,-118.17062377929688,3
2018,2018-12-31,1515,12,4,15,1,N,A,Y,A,H,A,A,01,S,08,E,,,,,I,Y,N,A,1,0,0,0,22107.0,1,35.388885498046875,-119.3838348388672,4
2019,2019-01-04,1810,1,4,18,5,N,A,N,A,H,C,D,22,E,03,C,,,,,C,Y,N,D,2,0,0,0,22350.0,2,35.354366302490234,-118.91357421875,4
2019,2019-01-01,1622,1,4,16,2,N,A,Y,A,H,A,D,22,S,03,C,,,,,C,N,N,D,4,0,0,0,22350.0,3,35.59889221191406,-119.63854217529295,4
2018,2018-12-29,1405,12,4,14,6,N,A,Y,A,H,A,A,07,N,03,C,,,,,C,N,N,D,1,0,0,0,22350.0,2,35.5537223815918,-119.59305572509766,4
2019,2019-01-05,505,1,4,5,6,N,A,Y,A,H,D,A,01,W,01,F,,,,,J,Y,N,D,2,0,0,0,23152.0,1,35.60187911987305,-119.24372100830078,2
2019,2019-01-08,650,1,4,6,2,N,A,N,A,H,A,A,01,N,08,F,,,,,A,Y,N,D,1,0,0,0,22107.0,1,35.587772369384766,-119.83435821533205,4
2018,2018-12-29,1227,12,4,12,6,N,A,Y,A,H,A,A,01,S,03,C,,,,,C,Y,N,D,4,0,0,0,22350.0,6,35.602333068847656,-119.64183807373048,4
2019,2019-01-06,15,1,4,0,7,N,C,Y,B,H,D,D,22,W,03,E,,,,,I,Y,N,D,1,0,0,0,22350.0,1,35.385719299316406,-118.98731231689452,4
2018,2018-12-29,1100,12,4,11,6,N,A,Y,A,H,A,C,02,E,03,C,,,Y,,C,Y,N,D,1,0,0,1,22350.0,3,35.69569778442383,-118.46379089355467,2
2018,2018-12-30,1625,12,4,16,7,Y,A,N,A,H,A,-,99,,08,B,,,,,C,Y,F,D,1,0,0,0,22107.0,2,35.34309005737305,-119.00311279296876,4
2019,2019-01-07,620,1,4,6,1,N,B,Y,B,A,D,A,01,S,03,C,,,,,C,N,N,D,5,0,0,0,22350.0,2,35.42048263549805,-119.0605697631836,4
2018,2018-11-22,1807,11,3,18,4,N,A,Y,A,H,D,A,01,N,01,C,,,,Y,C,Y,N,D,0,0,0,0,23152.0,2,34.963523864746094,-118.93790435791016,1
2018,2018-12-31,2230,12,4,22,1,Y,A,Y,A,H,C,A,01,,12,E,,,,,I,Y,N,A,1,0,0,0,22450.0,1,35.26718521118164,-119.1101531982422,3