ACCIDENT_YEAR,COLLISION_DATE,COLLISION_TIME,MONTH,SEASON,24HOURS,DAY_OF_WEEK,INTERSECTION,WEATHER_1,STATE_HWY_IND,ROAD_SURFACE,ROAD_COND_1,LIGHTING,STWD_VEHTYPE_AT_FAULT,CHP_VEHTYPE_AT_FAULT,DIRECTION,PCF_VIOL_CATEGORY,TYPE_OF_COLLISION,PEDESTRIAN_ACCIDENT,BICYCLE_ACCIDENT,MOTORCYCLE_ACCIDENT,TRUCK_ACCIDENT,MVIW,TOW_AWAY,HIT_AND_RUN,CONTROL_DEVICE,NUMBER_INJURED,COUNT_PED_INJURED,COUNT_BICYCLIST_INJURED,COUNT_MC_INJURED,PCF_VIOLATION,PARTY_COUNT,POINT_Y,POINT_X,COLLISION_SEVERITY
2019,2019-06-23,1515,6,2,15,7,Y,A,Y,A,H,A,A,01,,08,D,,,,,C,Y,N,A,2,0,0,0,22107.0,2,35.20857238769531,-119.01200103759766,4
2019,2019-06-29,1505,6,2,15,6,N,A,N,A,H,A,A,07,N,03,C,,,,,C,N,N,A,3,0,0,0,22350.0,2,35.36189651489258,-118.96759796142578,4
2019,2019-06-29,1730,6,2,17,6,N,A,N,A,H,A,A,07,E,21,G,Y,,,,B,N,N,D,1,1,0,0,22106.0,2,35.375,-118.94979858398438,2
2019,2019-06-29,2205,6,2,22,6,N,A,N,A,H,D,-,- ,N,00,D,,,,,C,Y,N,D,2,0,0,0,,2,35.77885055541992,-119.29426574707033,4
2019,2019-06-25,1600,6,2,16,2,N,A,N,A,H,A,D,22,E,03,C,,,,,C,Y,N,D,1,0,0,0,22350.0,3,35.37603759765625,-118.96598052978516,3
2019,2019-06-28,1540,6,2,15,5,Y,A,N,A,H,A,A,01,,09,A,,,,,C,Y,N,A,5,0,0,0,21801.0,2,35.500301361083984,-119.40348052978516,2
2019,2019-06-27,1440,6,2,14,4,N,A,N,A,H,A,-,- ,W,00,B,,Y,,,G,N,N,D,1,0,1,0,,2,35.38344955444336,-119.08333587646484,4
2019,2019-06-26,1625,6,2,16,3,N,A,Y,A,H,A,A,01,S,03,C,,,,,C,Y,N,D,1,0,0,0,22350.0,3,35.40919876098633,-119.05168914794922,4
2019,2019-06-26,1505,6,2,15,3,N,A,N,A,H,A,N,60,S,11,G,Y,,,,B,N,N,D,1,1,0,0,21954.0,2,35.373538970947266,-118.96758270263672,2
2019,2019-07-01,510,7,2,5,1,N,A,N,A,H,A,D,22,W,08,F,,,,,A,Y,N,D,1,0,0,0,22107.0,1,,,4
2019,2019-06-19,1730,6,2,17,3,N,A,N,A,H,A,A,07,W,03,C,,,,,C,Y,N,D,3,0,0,0,22350.0,4,35.44144058227539,-119.08208465576172,4
2019,2019-06-24,1700,6,2,17,1,N,A,N,A,H,A,A,01,N,03,C,,,,,C,Y,N,D,2,0,0,0,22350.0,2,35.53329849243164,-119.34983825683594,3
2019,2019-06-30,40,6,2,0,7,N,A,Y,A,H,D,A,01,S,08,E,,,,,I,Y,N,D,1,0,0,0,22107.0,1,35.31412887573242,-119.0031280517578,4
2019,2019-06-29,1151,6,2,11,6,N,A,N,A,H,A,A,01,S,09,D,,,,,C,Y,N,D,2,0,0,0,21804.0,2,35.375938415527344,-118.94637298583984,3
2019,2019-06-29,2320,6,2,23,6,N,A,N,A,H,C,A,01,E,08,C,,,,,E,Y,N,D,1,0,0,0,22107.0,2,35.389583587646484,-118.97959136962892,3
2019,2019-06-29,2358,6,2,23,6,N,A,Y,A,H,C,A,01,N,01,E,,,,,I,Y,N,D,1,0,0,0,23152.0,1,35.41286849975586,-119.05478668212892,4
2019,2019-07-05,1618,7,2,16,5,N,A,Y,A,H,A,A,07,S,08,F,,,,,A,Y,N,D,3,0,0,0,22107.0,1,35.228633880615234,-118.04920196533205,4
2019,2019-06-27,916,6,2,9,4,Y,A,N,A,H,A,D,22,,12,D,,,,,C,Y,N,A,2,0,0,0,21453.0,2,35.383140563964844,-118.94976043701172,3
2019,2019-06-30,100,6,2,1,7,N,A,Y,A,H,D,A,07,,08,E,,,,,I,Y,N,D,1,0,0,0,22107.0,1,,,3
2019,2019-07-01,300,7,2,3,1,Y,A,N,A,H,C,A,01,,08,E,,,,,I,Y,M,D,2,0,0,0,22107.0,1,35.345428466796875,-118.9320068359375,4
2019,2019-07-01,210,7,2,2,1,N,A,Y,A,H,D,A,01,S,03,C,,,,,C,Y,N,D,1,0,0,0,22350.0,2,35.652870178222656,-119.07971954345705,3
2019,2019-07-01,1551,7,2,15,1,N,A,N,A,H,A,A,01,E,03,C,,,,,C,N,M,D,1,0,0,0,22350.0,2,35.252300262451165,-118.98526000976562,4
2019,2019-07-01,1556,7,2,15,1,N,A,N,A,H,A,A,01,W,08,A,,,,,C,Y,N,D,3,0,0,0,22107.0,2,35.29603576660156,-118.94795989990234,2
2019,2019-07-01,650,7,2,6,1,N,A,N,A,H,A,A,01,W,03,C,,,,,C,Y,N,A,1,0,0,0,22350.0,2,35.41241836547852,-119.06231689453124,4
2019,2019-07-01,755,7,2,7,1,N,A,Y,A,H,A,A,01,N,03,C,,,,,C,N,N,D,1,0,0,0,22350.0,2,,,4
2019,2019-07-02,810,7,2,8,2,N,A,Y,A,H,A,A,01,W,03,C,,,,,C,Y,N,A,1,0,0,0,22350.0,3,,,4
2019,2019-07-02,1422,7,2,14,2,N,A,Y,A,D,A,A,07,W,08,B,,,,,E,Y,N,D,3,0,0,0,22107.0,2,35.3526496887207,-118.9520263671875,4
2019,2019-07-02,1545,7,2,15,2,N,A,N,A,H,A,D,22,E,03,C,,,,,C,N,N,A,1,0,0,0,22350.0,2,35.29617691040039,-119.25242614746094,4
2019,2019-07-02,1150,7,2,11,2,Y,A,N,A,H,A,D,22,,12,D,,,,,C,Y,N,A,1,0,0,0,21453.0,2,35.42710876464844,-119.03012084960938,4
2019,2019-07-01,1145,7,2,11,1,N,A,Y,A,H,A,D,22,S,03,C,,,,,C,Y,N,D,6,0,0,0,22350.0,3,35.20124053955078,-119.15428161621094,3
2019,2019-07-03,1930,7,2,19,3,N,A,N,A,H,A,A,01,W,01,E,,,,,I,Y,N,D,1,0,0,0,23152.0,1,35.3731803894043,-118.94987487792967,4
2019,2019-07-01,410,7,2,4,1,N,A,Y,A,H,D,D,22,S,08,F,,,,,A,Y,N,D,2,0,0,0,22107.0,1,35.71762466430664,-119.7284698486328,3
2019,2019-06-27,1820,6,2,18,4,N,A,Y,A,H,A,F,26,N,08,C,,,,Y,C,Y,N,A,1,0,0,0,22107.0,2,,,4
2019,2019-07-03,615,7,2,6,3,Y,A,N,A,H,A,A,07,,03,E,,,,,I,Y,F,D,1,0,0,0,22350.0,1,35.26375961303711,-118.9052276611328,3
2019,2019-07-01,1635,7,2,16,1,N,A,Y,A,H,A,G,25,N,03,C,,,,Y,C,Y,F,D,1,0,0,0,22350.0,3,35.587650299072266,-119.62777709960938,4
2019,2019-06-22,1650,6,2,16,6,Y,A,Y,A,H,A,A,01,,12,B,,,,,C,Y,N,A,3,0,0,0,22450.0,2,35.35429763793945,-119.25215911865234,2
2019,2019-06-30,1550,6,2,15,7,N,A,Y,A,H,A,-,- ,N,18,H,,,,Y,A,Y,N,D,1,0,0,0,,1,35.22395324707031,-119.17842864990234,4
2019,2019-07-05,1047,7,2,10,5,N,A,Y,A,H,A,A,07,W,08,A,,,,,C,Y,N,A,1,0,0,0,22107.0,2,,,4
2019,2019-07-05,200,7,2,2,5,N,A,Y,A,H,C,A,01,E,01,E,,,,,I,Y,N,D,1,0,0,0,23152.0,1,35.39699935913086,-118.9290008544922,2
2019,2019-06-26,2125,6,2,21,3,N,A,Y,A,D,D,G,27,S,03,C,,,,Y,C,Y,N,A,2,0,0,0,22350.0,2,35.15302658081055,-119.10104370117188,3
2019,2019-06-30,1114,6,2,11,7,N,A,N,A,H,A,C,02,N,03,F,,,Y,,I,N,N,D,1,0,0,1,22350.0,1,35.60944366455078,-118.92415618896484,2
2020,2020-02-02,1212,2,4,12,7,N,A,Y,A,H,A,-,- ,S,- ,H,,,,,A,Y,N,D,1,0,0,0,,1,35.571258544921875,-119.33408355712892,3
2019,2019-07-06,1033,7,2,10,6,N,A,N,A,H,A,A,01,W,08,B,,,,,C,N,N,D,2,0,0,0,22107.0,2,35.3543586730957,-119.2082977294922,3
2019,2019-07-06,1929,7,2,19,6,Y,A,N,A,H,A,-,- ,,12,D,,,,,C,Y,N,A,1,0,0,0,21453.0,2,35.42707824707031,-119.11000061035156,4
2019,2019-07-02,1440,7,2,14,2,N,A,N,A,H,A,A,07,W,01,D,,,,,E,N,M,D,1,0,0,0,23152.0,2,35.134231567382805,-119.47212982177734,4
2019,2019-07-07,1247,7,2,12,7,N,A,Y,A,H,A,A,07,N,03,C,,,,,C,Y,N,D,8,0,0,0,22350.0,3,,,2
2019,2019-07-08,1200,7,2,12,1,Y,A,N,A,H,A,A,07,,17,D,,,,,C,N,N,A,1,0,0,0,21451.0,2,35.41239929199219,-119.04859924316406,4
2019,2019-06-28,1645,6,2,16,5,N,A,N,A,H,A,C,02,S,08,F,,,Y,,A,N,N,D,1,0,0,1,22107.0,1,34.81698989868164,-119.00553131103516,3
2019,2019-07-02,835,7,2,8,2,N,A,Y,A,D,A,A,01,E,03,C,,,,,C,Y,N,D,1,0,0,0,22350.0,2,,,3
2019,2019-06-29,1935,6,2,19,6,N,A,N,A,H,A,-,99,N,08,G,,Y,,,G,N,F,D,1,0,1,0,22107.0,2,35.305946350097656,-119.0031280517578,3
2019,2019-06-29,1554,6,2,15,6,Y,A,N,A,H,A,N,60,,11,D,Y,,,,B,N,N,A,1,1,0,0,21954.0,2,35.40679168701172,-119.02996063232422,2
2019,2019-06-15,2100,6,2,21,6,N,A,Y,A,H,D,C,02,W,07,B,,,Y,,C,Y,N,A,1,0,0,1,21658.0,2,,,2
2019,2019-07-03,1315,7,2,13,3,N,A,N,A,H,A,A,01,S,08,D,,,,Y,C,Y,N,D,2,0,0,0,22107.0,2,35.452842712402344,-119.47482299804688,3
2020,2020-04-12,1659,4,1,16,7,Y,A,Y,A,H,A,A,01,,09,D,,,,,C,Y,N,A,2,0,0,0,21803.0,2,35.601497650146484,-119.39609527587892,2
2019,2019-07-03,2340,7,2,23,3,N,A,Y,A,H,C,A,01,N,01,E,,,,,I,Y,N,D,1,0,0,0,23152.0,1,,,3
2019,2019-07-04,2240,7,2,22,4,N,A,N,A,H,D,N,60,E,11,G,Y,,,,B,N,N,D,1,1,0,0,21954.0,2,35.376323699951165,-118.91183471679688,3
2019,2019-07-05,935,7,2,9,5,N,A,Y,A,H,A,A,07,E,01,F,,,,,A,Y,M,A,1,0,0,0,23152.0,1,35.39674758911133,-118.92855072021484,2
2019,2019-07-11,730,7,2,7,4,N,A,N,A,H,A,A,01,W,08,E,,,,,I,Y,N,D,1,0,0,0,22107.0,1,35.557964324951165,-119.36022186279295,3
2019,2019-07-09,1820,7,2,18,2,N,A,N,A,H,A,A,07,N,03,C,,,,,C,N,N,A,2,0,0,0,22350.0,2,35.31041717529297,-119.0031280517578,4
2019,2019-07-04,420,7,2,4,4,Y,A,Y,A,H,D,A,01,,12,D,,,,Y,C,Y,N,A,1,0,0,0,22450.0,2,35.61571502685547,-119.74237823486328,2
2019,2019-07-09,1900,7,2,19,2,N,A,Y,A,H,A,C,02,E,05,A,,,Y,,C,Y,N,D,2,0,0,1,21460.0,2,35.477249145507805,-118.71073150634766,2
2019,2019-07-11,335,7,2,3,4,N,A,N,A,H,D,A,07,N,08,E,,,,,I,Y,N,D,1,0,0,0,22107.0,1,35.22749710083008,-119.00320434570312,3
2019,2019-07-04,645,7,2,6,4,N,A,Y,A,H,A,A,01,W,08,E,,,,,I,Y,N,D,1,0,0,0,22107.0,1,35.399147033691406,-119.45339965820312,4
2019,2019-07-07,1200,7,2,12,7,N,A,Y,A,H,A,A,01,N,03,C,,,,,C,Y,N,D,2,0,0,0,22350.0,4,35.58982849121094,-119.6298599243164,4
2019,2019-07-11,1420,7,2,14,4,N,A,Y,A,H,A,A,01,W,07,B,,,,,C,Y,N,D,1,0,0,0,21658.0,2,35.38329315185547,-119.0547332763672,3
2019,2019-07-11,350,7,2,3,4,N,A,Y,A,D,C,A,01,S,01,C,,,,,C,Y,N,A,2,0,0,0,23153.0,2,34.977413177490234,-118.94261169433594,3
2019,2019-07-04,2140,7,2,21,4,Y,A,N,A,H,C,D,22,,12,D,,,,,C,Y,N,A,1,0,0,0,21453.0,2,35.36516189575195,-118.93193817138672,3
2019,2019-07-07,1637,7,2,16,7,N,A,Y,A,H,A,F,26,S,03,C,,,,Y,C,N,N,D,1,0,0,0,22350.0,3,35.333499908447266,-119.03949737548828,4
2019,2019-07-07,1505,7,2,15,7,N,A,Y,A,H,A,-,- ,S,18,H,,,,,A,Y,N,D,1,0,0,0,,1,35.48453521728516,-119.14456176757812,2
2019,2019-07-08,2223,7,2,22,1,Y,A,N,A,H,C,A,01,,12,D,,,,,C,Y,N,D,1,0,0,0,21453.0,3,35.3177490234375,-119.0031280517578,3
2019,2019-07-09,1330,7,2,13,2,N,A,N,A,H,A,D,22,E,03,C,,,,,C,Y,N,D,1,0,0,0,22350.0,2,35.04853057861328,-118.17223358154295,4
2019,2019-07-06,2356,7,2,23,6,N,A,Y,A,H,D,A,01,W,08,F,,,,,A,Y,N,D,1,0,0,0,22107.0,1,,,4
2019,2019-07-11,1535,7,2,15,4,N,A,N,A,H,A,A,01,E,08,B,,,,,C,N,M,D,1,0,0,0,22107.0,2,35.558074951171875,-119.30870819091795,4
2019,2019-07-05,1635,7,2,16,5,N,A,N,A,H,A,A,07,N,01,E,,,,,I,Y,N,D,1,0,0,0,23152.0,1,35.01236724853516,-118.34444427490234,3
2019,2019-07-06,1815,7,2,18,6,Y,A,N,A,H,A,A,01,,09,D,,,,,C,Y,N,A,1,0,0,0,21802.0,2,35.6445198059082,-117.75861358642578,3
2019,2019-07-10,1840,7,2,18,3,Y,A,Y,A,H,A,A,01,,12,A,,,,,C,Y,N,A,1,0,0,0,22450.0,2,35.20882034301758,-118.87811279296876,3
2019,2019-07-10,1633,7,2,16,3,Y,A,N,A,H,A,A,01,,06,D,,,,,C,Y,N,D,1,0,0,0,21750.0,2,35.3902587890625,-118.98644256591795,4
2019,2019-07-07,1415,7,2,14,7,N,A,Y,A,H,A,A,01,N,03,C,,,,,C,Y,N,D,6,0,0,0,22350.0,3,35.50531005859375,-119.54087829589844,4
2019,2019-07-11,1210,7,2,12,4,Y,A,Y,A,H,A,A,01,,09,A,,,,,C,Y,N,A,1,0,0,0,21801.0,2,35.368900299072266,-118.91423797607422,4
2019,2019-07-09,1210,7,2,12,2,N,A,Y,A,B,A,A,01,E,08,B,,,,,C,Y,N,D,3,0,0,0,22107.0,2,35.38365936279297,-119.00148010253906,3
2019,2019-07-07,1340,7,2,13,7,N,A,Y,A,H,A,A,07,S,03,C,,,,,C,Y,N,D,4,0,0,0,22350.0,3,35.4691047668457,-119.49346160888672,4
2019,2019-07-08,1650,7,2,16,1,Y,A,N,A,H,A,A,01,,09,D,,,,,C,Y,N,A,1,0,0,0,21802.0,2,35.32538986206055,-118.87859344482422,3
2019,2019-07-12,1405,7,2,14,5,Y,A,N,A,H,A,A,01,,03,C,,,,,C,N,N,A,2,0,0,0,22350.0,2,35.1508903503418,-118.850830078125,4
2019,2019-05-01,1710,5,1,17,3,N,A,N,A,H,A,-,- ,E,18,F,,,Y,,A,Y,N,D,0,0,0,0,,1,34.94003677368164,-119.4058837890625,1
2019,2019-07-07,1343,7,2,13,7,N,A,Y,A,H,A,A,07,N,08,F,,,,,A,Y,N,D,2,0,0,0,22107.0,1,35.67731475830078,-117.83397674560548,4
2019,2019-07-13,1900,7,2,19,6,N,A,N,A,H,B,A,01,E,01,A,,,,,C,Y,N,A,1,0,0,0,23152.0,2,34.864051818847656,-118.18488311767578,4
2019,2019-07-14,1245,7,2,12,7,N,A,N,A,H,A,A,01,N,06,D,,,,,C,Y,N,D,2,0,0,0,21750.0,2,35.139892578125,-118.57451629638672,4
2019,2019-07-12,445,7,2,4,5,N,A,Y,A,H,A,A,08,E,06,B,,,,,C,N,N,D,1,0,0,0,21750.0,2,35.38351821899414,-119.16194915771484,4
2019,2019-07-10,437,7,2,4,3,N,A,Y,A,H,D,A,01,S,08,E,,,,,I,Y,N,D,1,0,0,0,22107.0,1,35.593544006347656,-119.20881652832033,4
2019,2019-07-08,842,7,2,8,1,Y,A,Y,A,H,A,A,01,,09,D,,,,,C,Y,N,D,2,0,0,0,21802.0,2,35.628299713134766,-118.47863006591795,3
2019,2019-07-09,2500,7,2,25,2,N,A,N,A,H,A,C,02,N,03,F,,,Y,,A,Y,N,D,1,0,0,1,22350.0,1,35.67180633544922,-118.91059112548828,4
2019,2019-07-11,750,7,2,7,4,N,A,Y,A,H,A,A,01,N,08,F,,,,,A,Y,N,D,2,0,0,0,22107.0,1,35.09908676147461,-119.04196166992188,2
2019,2019-07-12,1300,7,2,13,5,N,A,Y,A,H,A,C,02,N,08,F,,,Y,,A,Y,N,D,1,0,0,1,22107.0,1,35.01325225830078,-119.41339874267578,3
2019,2019-07-07,1400,7,2,14,7,N,A,N,A,H,A,A,01,S,03,E,,,,,J,Y,N,D,1,0,0,0,22350.0,1,35.179988861083984,-118.81484222412108,3
2019,2019-07-06,1050,7,2,10,6,Y,A,N,A,H,A,D,22,,12,B,,,Y,,C,N,N,A,2,0,0,2,22450.0,2,,,4
2019,2019-07-12,1043,7,2,10,5,N,A,N,A,H,A,D,22,W,03,C,,,,,C,N,N,A,1,0,0,0,22350.0,2,34.86433792114258,-118.16725158691406,3
2019,2019-07-11,430,7,2,4,4,N,A,N,A,H,D,D,22,E,08,F,,,,,A,Y,N,D,1,0,0,0,22107.0,1,35.499053955078125,-119.73769378662108,4
2019,2019-07-12,1605,7,2,16,5,N,A,Y,A,H,A,C,02,S,03,C,,,Y,,C,Y,N,D,1,0,0,1,22350.0,2,35.384620666503906,-119.37736511230467,3
2019,2019-07-11,338,7,2,3,4,N,A,Y,A,G,D,D,22,N,03,E,,,,,J,Y,N,D,1,0,0,0,22350.0,2,35.22749710083008,-119.00320434570312,4
2019,2019-06-25,2100,6,2,21,2,N,A,N,A,H,C,D,22,W,01,E,,,,,I,Y,M,A,1,0,0,0,23152.0,1,35.58700942993164,-119.35823822021484,4
2019,2019-06-29,1930,6,2,19,6,Y,A,N,A,H,A,A,01,,12,D,,,,,C,Y,N,A,4,0,0,0,21453.0,3,35.39875030517578,-119.14730072021484,3
2019,2019-07-10,200,7,2,2,3,N,A,Y,A,H,C,A,01,S,08,F,,,,,A,Y,N,D,1,0,0,0,22107.0,1,35.29582977294922,-119.03061676025392,3
2018,2018-12-15,2023,12,4,20,6,Y,A,Y,A,H,C,C,02,,03,F,,,Y,,A,Y,N,A,1,0,0,1,22350.0,1,,,1
2019,2019-07-15,1400,7,2,14,1,N,A,Y,A,H,A,A,08,N,07,B,,,,,C,Y,N,D,1,0,0,0,21658.0,3,35.18002700805664,-119.13091278076172,4
2019,2019-07-17,1320,7,2,13,3,Y,A,Y,A,H,A,B,08,,09,D,,,,,C,Y,N,D,1,0,0,0,21802.0,2,35.45367813110352,-119.4748306274414,4
2019,2019-07-08,1555,7,2,15,1,Y,A,N,A,H,A,F,26,,01,D,,,,Y,C,Y,N,A,2,0,0,0,23152.0,2,35.28150177001953,-118.93209838867188,3
2019,2019-07-11,1550,7,2,15,4,N,A,N,A,H,A,N,60,N,11,G,Y,,,,B,N,F,D,1,1,0,0,21954.0,2,35.34080123901367,-119.00311279296876,2
2019,2019-07-10,630,7,2,6,3,N,A,Y,A,H,A,A,07,N,08,B,,,,,C,Y,M,D,1,0,0,0,22107.0,2,35.29779815673828,-119.03130340576172,4
2019,2019-07-09,2333,7,2,23,2,Y,A,N,A,H,C,D,22,,12,A,,,,,C,Y,N,D,1,0,0,0,21453.0,2,35.36867904663086,-118.96762847900392,2
2019,2019-07-12,1735,7,2,17,5,N,A,N,A,B,A,A,07,W,03,F,,,,,A,Y,N,A,1,0,0,0,22350.0,1,35.725791931152344,-119.99559020996094,4
2019,2019-07-11,2345,7,2,23,4,N,A,Y,A,H,D,A,01,N,03,C,,,,,C,N,N,D,2,0,0,0,22350.0,2,34.8962516784668,-118.92018127441406,4
2019,2019-07-11,2130,7,2,21,4,N,A,Y,A,H,D,F,26,S,08,F,,,,Y,I,Y,N,D,1,0,0,0,22107.0,1,34.923072814941406,-118.92286682128906,3
2019,2019-07-16,410,7,2,4,2,N,A,Y,A,D,C,A,01,S,01,E,,,,,I,Y,N,D,1,0,0,0,23152.0,1,35.33938980102539,-119.03971099853516,4
2019,2019-07-17,810,7,2,8,3,N,A,Y,A,H,A,B,08,E,17,E,,,,,J,N,N,D,2,0,0,0,23114.0,2,35.34797286987305,-118.88800811767578,4
2019,2019-04-21,2027,4,1,20,7,Y,A,N,A,H,C,C,02,,03,D,,,Y,,C,Y,F,A,1,0,0,1,22350.0,2,35.4163703918457,-119.0344467163086,1
2019,2019-06-30,1754,6,2,17,7,N,A,N,A,H,A,N,60,S,11,G,Y,,,,B,N,N,D,1,1,0,0,21954.0,2,35.38196563720703,-119.14556884765624,2
2019,2019-07-21,200,7,2,2,7,N,A,Y,A,H,D,G,27,S,03,F,,,,Y,A,Y,N,D,1,0,0,0,22350.0,1,35.7856330871582,-120.11581420898438,4
2019,2019-07-13,40,7,2,0,6,N,A,Y,A,H,D,A,01,N,01,C,,,,,C,Y,N,D,1,0,0,0,23152.0,2,,,3
2019,2019-07-08,1300,7,2,13,1,N,A,Y,A,H,A,M,47,S,08,F,,,,,A,Y,N,D,1,0,0,0,22107.0,1,35.775150299072266,-117.87137603759766,4
2019,2019-07-10,610,7,2,6,3,N,A,Y,A,H,A,L,04,W,08,B,,Y,,Y,G,N,N,D,1,0,1,0,22107.0,2,35.38335418701172,-119.07451629638672,2
2019,2019-07-12,1640,7,2,16,5,N,A,Y,A,D,A,A,01,S,03,C,,,,,C,N,M,D,2,0,0,0,22350.0,2,35.408889770507805,-119.05134582519533,4
2019,2019-07-14,2019,7,2,20,7,N,A,Y,A,H,D,A,01,S,08,B,,,,,C,Y,M,D,2,0,0,0,22107.0,2,35.63991165161133,-119.21842193603516,4
2019,2019-07-15,535,7,2,5,1,Y,A,N,A,H,A,A,01,,01,D,,,,,C,Y,N,A,3,0,0,0,23152.0,2,35.26715850830078,-118.87848663330078,2
2019,2019-07-13,2108,7,2,21,6,N,A,N,A,H,D,N,60,S,11,G,Y,,,,B,N,N,D,1,1,0,0,21954.0,2,35.34358215332031,-119.00311279296876,2
2019,2019-07-15,1440,7,2,14,1,N,A,Y,A,H,A,A,01,N,03,C,,,,,C,Y,N,D,1,0,0,0,22350.0,2,35.132362365722656,-118.99136352539062,4
2019,2019-07-13,2345,7,2,23,6,N,A,Y,A,H,C,A,01,W,08,F,,,,,A,Y,N,D,1,0,0,0,22107.0,1,35.39845657348633,-119.31434631347656,4
2019,2019-07-17,1225,7,2,12,3,N,A,Y,A,H,A,C,02,W,03,F,,,Y,,A,N,N,D,1,0,0,1,22350.0,1,35.71631622314453,-118.49187469482422,4
2019,2019-07-18,1655,7,2,16,4,N,A,N,A,H,A,A,01,E,09,D,,,,Y,C,Y,N,D,1,0,0,0,21801.0,2,35.095008850097656,-119.0371322631836,3
2019,2019-07-17,1440,7,2,14,3,N,A,Y,A,H,A,A,01,E,09,D,,,,,C,Y,N,D,3,0,0,0,21801.0,2,35.40863037109375,-119.02788543701172,3
2019,2019-07-12,1625,7,2,16,5,N,A,Y,A,H,A,A,07,S,08,F,,,,,A,Y,N,A,1,0,0,0,22107.0,1,35.714454650878906,-119.72610473632812,2
2019,2019-07-18,1930,7,2,19,4,N,A,N,A,H,A,A,07,N,10,G,Y,,,,B,N,N,A,1,1,0,0,21950.0,2,35.376441955566406,-118.96758270263672,3
2019,2019-07-14,2025,7,2,20,7,N,A,Y,A,H,D,A,01,W,01,E,,,,,I,Y,N,D,1,0,0,0,23152.0,1,35.462440490722656,-118.76126861572266,3
2019,2019-07-18,1215,7,2,12,4,Y,A,N,A,H,A,A,07,,03,C,,,,,C,Y,N,D,2,0,0,0,22350.0,2,35.41674041748047,-119.0547332763672,4
2019,2019-07-18,2211,7,2,22,4,N,A,Y,A,D,C,D,22,S,01,C,,,,,C,N,F,D,1,0,0,0,23152.0,2,34.98569107055664,-118.94522094726562,4
2019,2019-07-18,452,7,2,4,4,Y,A,N,A,H,B,A,01,,12,D,,,,,C,N,N,A,1,0,0,0,21453.0,2,,,3
2019,2019-07-19,1315,7,2,13,5,N,A,Y,A,H,A,A,01,S,03,C,,,,,C,Y,N,D,2,0,0,0,22350.0,3,35.3726692199707,-119.04383087158205,4
2019,2019-07-19,2055,7,2,20,5,N,A,N,A,H,C,A,07,N,03,C,,,,,C,N,N,A,1,0,0,0,22350.0,3,35.37339782714844,-119.110107421875,4
2019,2019-07-19,1230,7,2,12,5,N,A,Y,A,H,A,A,01,N,03,C,,,,,C,Y,N,D,1,0,0,0,22350.0,2,35.333099365234375,-119.0395050048828,4
2019,2019-07-19,735,7,2,7,5,N,A,N,A,H,A,A,08,W,08,E,,,,,I,Y,N,D,1,0,0,0,22107.0,1,35.35480880737305,-118.89955139160156,4
2019,2019-07-19,1050,7,2,10,5,N,A,N,A,H,A,D,22,E,03,C,,,,,C,Y,N,D,2,0,0,0,22350.0,2,35.40863037109375,-119.02928161621094,3
2019,2019-07-12,1020,7,2,10,5,N,A,N,A,H,A,L,04,S,09,D,,Y,,,G,N,N,D,1,0,1,0,21804.0,2,35.38747024536133,-118.98240661621094,3
2019,2019-07-15,1255,7,2,12,1,Y,A,Y,A,H,A,A,07,,09,D,,,,,C,Y,N,A,1,0,0,0,21802.0,2,35.20871353149414,-118.91448974609376,3
2019,2019-07-22,535,7,2,5,1,N,A,Y,A,H,A,A,01,W,05,A,,,,,C,Y,N,D,2,0,0,0,21460.0,2,35.22943115234375,-119.37551879882812,3
2019,2019-07-20,1735,7,2,17,6,N,A,N,A,H,A,A,07,W,10,G,Y,,,,B,N,N,A,2,2,0,0,21950.0,3,35.41954803466797,-119.03009033203124,3
2019,2019-07-20,2320,7,2,23,6,N,A,Y,A,H,D,A,01,S,01,E,,,,,I,Y,N,D,1,0,0,0,23152.0,1,35.5509147644043,-119.33201599121094,4
2019,2019-07-15,1245,7,2,12,1,N,A,N,A,H,A,A,01,S,03,E,,,,,I,Y,N,D,1,0,0,0,22350.0,2,35.382511138916016,-118.93069458007812,3
2019,2019-07-22,1310,7,2,13,1,N,A,Y,A,H,A,A,01,S,03,C,,,,,C,Y,N,D,2,0,0,0,22350.0,3,35.334999084472656,-119.03948974609376,3
2019,2019-07-22,1505,7,2,15,1,Y,A,N,A,H,A,A,01,,09,D,,,,,C,Y,N,A,1,0,0,0,21802.0,2,35.374908447265625,-118.96302795410156,4