ACCIDENT_YEAR,COLLISION_DATE,COLLISION_TIME,MONTH,SEASON,24HOURS,DAY_OF_WEEK,INTERSECTION,WEATHER_1,STATE_HWY_IND,ROAD_SURFACE,ROAD_COND_1,LIGHTING,STWD_VEHTYPE_AT_FAULT,CHP_VEHTYPE_AT_FAULT,DIRECTION,PCF_VIOL_CATEGORY,TYPE_OF_COLLISION,PEDESTRIAN_ACCIDENT,BICYCLE_ACCIDENT,MOTORCYCLE_ACCIDENT,TRUCK_ACCIDENT,MVIW,TOW_AWAY,HIT_AND_RUN,CONTROL_DEVICE,NUMBER_INJURED,COUNT_PED_INJURED,COUNT_BICYCLIST_INJURED,COUNT_MC_INJURED,PCF_VIOLATION,PARTY_COUNT,POINT_Y,POINT_X,COLLISION_SEVERITY
2019,2019-07-21,1158,7,2,11,7,N,A,Y,A,C,A,D,22,S,03,C,,,,,C,Y,N,D,1,0,0,0,22350.0,2,35.0731315612793,-119.40195465087892,4
2019,2019-07-03,1340,7,2,13,3,N,A,Y,A,H,A,A,07,E,08,F,,,,,A,Y,N,D,0,0,0,0,22107.0,1,35.058204650878906,-119.36425018310548,1
2019,2019-07-19,2230,7,2,22,5,Y,A,N,A,H,C,A,01,,09,D,,,,,C,Y,N,D,2,0,0,0,21806.0,2,35.36867904663086,-118.96762847900392,4
2019,2019-07-15,210,7,2,2,1,N,A,N,A,H,C,D,22,E,01,F,,,,,I,Y,N,D,1,0,0,0,23152.0,1,35.25251007080078,-118.88872528076172,2
2019,2019-07-22,1755,7,2,17,1,N,A,N,A,H,A,D,22,N,01,E,,,,,I,Y,N,D,1,0,0,0,23152.0,1,35.28224182128906,-118.93209838867188,2
2019,2019-07-23,2145,7,2,21,2,N,A,Y,A,H,D,A,01,E,08,E,,,,,I,Y,N,D,1,0,0,0,22107.0,1,35.643455505371094,-118.4131088256836,3
2019,2019-07-19,1535,7,2,15,5,N,A,Y,A,D,A,A,07,S,03,C,,,,,C,Y,F,A,2,0,0,0,22350.0,4,35.54973602294922,-119.78750610351562,3
2019,2019-07-17,1145,7,2,11,3,Y,A,Y,A,H,A,A,01,,09,D,,,,Y,C,Y,N,A,2,0,0,0,21802.0,2,35.208717346191406,-119.03909301757812,4
2019,2019-07-24,35,7,2,0,3,N,A,N,A,H,D,A,01,E,03,C,,,,,C,Y,N,D,4,0,0,0,22350.0,2,35.44227600097656,-119.43060302734376,3
2019,2019-07-20,2135,7,2,21,6,N,A,N,A,H,D,D,22,S,08,F,,,,,A,Y,N,D,1,0,0,0,22107.0,1,35.14615249633789,-119.10980987548828,2
2020,2020-04-19,2232,4,1,22,7,Y,A,N,A,H,C,-,,,01,B,Y,,,,B,N,N,D,1,1,0,0,23153.0,2,,,2
2019,2019-07-17,455,7,2,4,3,N,A,N,A,H,D,D,22,N,08,E,,,,,J,Y,N,D,1,0,0,0,22107.0,1,35.432342529296875,-119.06442260742188,3
2019,2019-07-18,805,7,2,8,4,N,A,Y,A,H,A,A,01,W,03,C,,,,Y,C,N,M,A,1,0,0,0,22350.0,2,35.35247039794922,-118.96784210205078,4
2019,2019-07-19,543,7,2,5,5,Y,A,N,A,H,B,G,25,,03,C,,,,Y,C,Y,N,D,1,0,0,0,22350.0,2,35.558059692382805,-119.31314086914062,3
2019,2019-07-19,505,7,2,5,5,N,A,Y,A,H,B,C,02,S,03,F,,,Y,,J,Y,N,D,1,0,0,1,22350.0,1,35.4057502746582,-119.0391845703125,3
2019,2019-07-22,935,7,2,9,1,Y,A,Y,A,H,A,I,11,,09,D,,,,Y,C,Y,N,A,2,0,0,0,21802.0,2,35.09503173828125,-119.03521728515624,2
2019,2019-07-23,2020,7,2,20,2,N,A,N,A,H,D,C,02,W,03,F,,,Y,,A,N,N,D,1,0,0,1,22350.0,1,35.268402099609375,-118.6750259399414,3
2019,2019-07-18,1605,7,2,16,4,N,A,Y,A,H,A,A,07,N,08,F,,,,,A,Y,N,D,3,0,0,0,22107.0,1,34.843299865722656,-118.17093658447266,2
2019,2019-07-20,1245,7,2,12,6,N,A,N,A,H,A,D,22,E,08,F,,,,,A,Y,N,D,2,0,0,0,22107.0,1,35.39781188964844,-117.79244232177734,3
2019,2019-07-19,615,7,2,6,5,N,A,N,A,H,A,A,01,N,08,E,,,,,I,Y,N,A,1,0,0,0,22107.0,1,35.24810028076172,-117.98593902587892,3
2019,2019-07-18,1300,7,2,13,4,Y,A,N,A,H,A,A,01,,05,D,,,,,C,Y,N,D,1,0,0,0,21752.0,2,35.55799865722656,-119.33187103271484,3
2019,2019-07-19,1215,7,2,12,5,N,A,Y,A,H,A,A,01,E,09,D,,,,Y,C,Y,N,D,1,0,0,0,21804.0,3,35.2087516784668,-119.05217742919922,4
2019,2019-07-26,1835,7,2,18,5,N,A,Y,A,H,A,D,22,,08,D,,,,,C,N,N,D,1,0,0,0,22107.0,3,34.90465545654297,-118.92375946044922,4
2019,2019-06-15,1440,6,2,14,6,N,A,N,A,H,A,C,02,S,05,B,,,Y,,C,Y,N,D,2,0,0,2,21460.0,3,34.9200553894043,-119.41291046142578,1
2019,2019-07-23,2040,7,2,20,2,N,A,Y,A,H,D,A,01,E,09,E,,,,,I,Y,N,D,1,0,0,0,21801.0,2,35.13152313232422,-118.5679931640625,4
2019,2019-07-18,1705,7,2,17,4,Y,A,N,A,H,A,D,22,,09,D,,,,,C,Y,N,D,1,0,0,0,21802.0,2,35.61589050292969,-119.4378662109375,4
2019,2019-07-23,1015,7,2,10,2,N,A,N,A,H,A,A,01,N,08,E,,,,,I,Y,N,D,1,0,0,0,22107.0,1,35.21614074707031,-117.98587036132812,3
2019,2019-07-23,1110,7,2,11,2,N,A,N,A,H,A,A,01,N,08,C,,,,Y,C,Y,N,D,2,0,0,0,22107.0,2,35.10730743408203,-118.8778076171875,4
2019,2019-07-26,1515,7,2,15,5,N,A,Y,A,H,A,A,01,S,03,F,,,,,A,Y,N,D,1,0,0,0,22350.0,1,35.09465026855469,-119.03871917724608,4
2019,2019-07-21,1105,7,2,11,7,N,A,Y,A,H,A,C,02,W,08,E,,,Y,,I,Y,N,D,1,0,0,1,22107.0,1,35.53062438964844,-118.6500244140625,3
2019,2019-07-22,1014,7,2,10,1,Y,A,N,A,H,A,D,22,,01,D,,,,Y,C,Y,N,A,1,0,0,0,23152.0,2,35.252681732177734,-118.84265899658205,3
2019,2019-07-22,1925,7,2,19,1,N,A,Y,A,H,A,D,22,S,08,E,,,,,J,Y,N,D,1,0,0,0,22107.0,1,,,4
2020,2020-05-05,1714,5,1,17,2,N,A,N,A,H,A,A,01,N,03,C,,,,,C,Y,N,D,1,0,0,0,22350.0,2,35.20574188232422,-118.84215545654295,4
2019,2019-07-19,1300,7,2,13,5,N,A,Y,A,H,A,-,99,N,03,C,,,,,C,N,M,D,2,0,0,0,22350.0,3,35.32223129272461,-119.03728485107422,4
2019,2019-07-29,525,7,2,5,1,Y,A,N,A,H,D,-,- ,,18,H,,,,,H,Y,N,D,1,0,0,0,,1,,,3
2019,2019-07-27,1830,7,2,18,6,N,A,Y,A,H,A,C,02,S,08,F,,,Y,,A,Y,N,D,1,0,0,1,22107.0,1,35.74936294555664,-117.87039947509766,3
2019,2019-07-27,1700,7,2,17,6,N,A,N,A,H,A,A,01,E,08,F,,,,,A,Y,N,A,1,0,0,0,22107.0,1,34.864681243896484,-118.14051055908205,3
2019,2019-07-25,2000,7,2,20,4,N,A,Y,A,H,B,D,22,S,01,B,,,,Y,C,Y,N,D,1,0,0,0,23152.0,2,34.93799591064453,-119.4714584350586,3
2019,2019-07-23,1710,7,2,17,2,N,A,N,A,H,A,A,01,E,03,C,,,,,C,N,N,D,1,0,0,0,22350.0,2,35.382076263427734,-119.12981414794922,4
2019,2019-07-26,2045,7,2,20,5,N,A,N,A,H,A,A,07,S,01,F,,,,,A,Y,N,D,1,0,0,0,23152.0,1,35.30801773071289,-119.3732681274414,2
2019,2019-07-23,1936,7,2,19,2,N,A,Y,A,H,A,A,01,N,08,E,,,,,I,Y,N,D,1,0,0,0,22107.0,1,35.684112548828125,-119.22863006591795,4
2019,2019-07-23,1755,7,2,17,2,Y,A,N,A,H,A,A,08,,12,D,,,,,C,N,N,A,1,0,0,0,21453.0,2,35.376079559326165,-118.93639373779295,4
2019,2019-07-28,1415,7,2,14,7,N,A,Y,A,H,A,A,07,S,08,D,,,,,C,Y,N,D,2,0,0,0,22107.0,2,35.611186981201165,-119.64974212646484,3
2019,2019-07-27,2126,7,2,21,6,N,A,N,A,H,C,-,99,S,08,G,Y,,,,B,N,F,D,1,1,0,0,22107.0,2,35.409912109375,-119.02555084228516,4
2019,2019-07-24,1045,7,2,10,3,N,A,N,A,H,A,A,01,E,08,E,,,,,I,Y,N,D,1,0,0,0,22107.0,1,35.46946334838867,-119.06481170654295,3
2019,2019-07-01,1208,7,2,12,1,Y,A,N,A,H,A,D,22,,09,A,,,,,C,Y,N,A,2,0,0,0,21801.0,2,35.37831115722656,-118.9755630493164,4
2019,2019-07-25,635,7,2,6,4,N,B,Y,A,H,A,A,01,W,03,E,,,,,I,Y,N,D,1,0,0,0,22350.0,1,,,3
2019,2019-07-25,515,7,2,5,4,N,B,N,A,H,D,A,01,N,08,D,,,,,C,Y,N,D,1,0,0,0,22107.0,2,35.114498138427734,-118.8505859375,4
2019,2019-07-29,1820,7,2,18,1,N,A,N,A,H,A,A,01,N,08,E,,,,,I,Y,N,D,1,0,0,0,22107.0,1,35.0526008605957,-118.36026000976562,2
2019,2019-06-08,1535,6,2,15,6,N,A,Y,A,H,A,C,02,W,01,B,,,Y,,C,Y,N,D,0,0,0,0,23152.0,3,35.68730545043945,-118.46656036376952,1
2019,2019-07-22,1635,7,2,16,1,N,A,Y,A,C,A,A,01,S,03,C,,,,,C,Y,N,D,1,0,0,0,22350.0,2,35.31039047241211,-119.03419494628906,3
2019,2019-07-25,915,7,2,9,4,N,A,N,A,H,A,G,25,W,09,D,,,,Y,C,Y,N,D,1,0,0,0,21804.0,2,35.775848388671875,-119.20565795898438,4
2019,2019-07-25,1735,7,2,17,4,Y,A,N,A,H,A,A,01,,09,B,,,,,C,Y,N,D,1,0,0,0,21802.0,4,,,4
2019,2019-07-26,1245,7,2,12,5,N,A,Y,A,H,A,-,- ,E,18,H,,,,,A,Y,N,A,1,0,0,0,,1,34.82062911987305,-118.16905975341795,3
2019,2019-07-31,1445,7,2,14,3,N,A,Y,A,H,A,A,01,E,03,C,,,,,C,N,N,D,1,0,0,0,22350.0,2,,,4
2019,2019-07-26,755,7,2,7,5,N,A,N,A,H,A,D,22,S,08,A,,,,,C,Y,N,D,2,0,0,0,22107.0,3,35.66828155517578,-117.81848907470705,3
2020,2020-05-16,17,5,1,0,6,N,A,N,A,H,C,-,,E,08,B,,,,,E,Y,N,D,1,0,0,0,22107.0,2,35.76858139038086,-119.24071502685548,3
2019,2019-07-23,515,7,2,5,2,N,A,Y,A,H,B,-,99,N,07,B,,,,,C,Y,M,D,1,0,0,0,21658.0,3,35.06072235107422,-118.96900939941406,3
2019,2019-07-31,530,7,2,5,3,N,A,Y,A,H,D,D,22,E,08,D,,,,,C,Y,M,D,2,0,0,0,22107.0,3,,,4
2019,2019-07-26,1325,7,2,13,5,N,A,Y,A,D,A,A,08,S,03,C,,,,,C,Y,N,D,2,0,0,0,22350.0,4,,,4
2019,2019-09-05,1441,9,3,14,4,Y,A,N,A,H,A,A,01,,10,G,Y,,,,B,N,N,A,1,1,0,0,21950.0,2,35.201759338378906,-118.83760833740234,3
2019,2019-07-24,540,7,2,5,3,Y,A,Y,A,H,A,A,01,,09,D,,,,,C,Y,N,A,5,0,0,0,21802.0,2,35.05938720703125,-118.975830078125,4
2019,2019-12-13,2258,12,4,22,5,N,A,N,A,H,C,D,22,N,01,B,,,,,C,N,M,D,1,0,0,0,23152.0,3,35.20629119873047,-118.83654022216795,3
2019,2019-07-29,1530,7,2,15,1,N,A,N,A,H,A,A,01,S,03,C,,,,,C,Y,N,A,1,0,0,0,22350.0,2,35.3101692199707,-119.0031280517578,4
2019,2019-07-27,1620,7,2,16,6,N,A,N,A,H,A,C,02,E,03,E,,,Y,,I,Y,N,D,1,0,0,1,22350.0,1,34.8526611328125,-119.16376495361328,3
2019,2019-07-26,1515,7,2,15,5,N,A,Y,A,H,A,A,01,S,03,B,,,,,C,Y,N,D,1,0,0,0,22350.0,2,35.30997848510742,-119.03408813476562,4
2019,2019-07-27,1405,7,2,14,6,N,A,N,A,H,A,A,07,S,08,D,,,,,C,Y,N,D,1,0,0,0,22102.0,2,35.35136032104492,-119.04783630371094,4
2019,2019-07-27,630,7,2,6,6,N,A,Y,A,H,A,A,07,S,03,E,,,,,I,Y,N,D,2,0,0,0,22350.0,1,,,4
2019,2019-07-27,1135,7,2,11,6,N,A,N,A,H,A,A,01,S,08,F,,,,,A,Y,N,D,2,0,0,0,22107.0,1,35.40256881713867,-118.98525238037108,3
2019,2019-07-27,2205,7,2,22,6,N,A,N,A,H,C,A,01,S,03,C,,,,,C,N,N,A,1,0,0,0,22350.0,3,35.39030456542969,-118.98494720458984,4
2019,2019-07-27,330,7,2,3,6,N,A,Y,A,H,D,A,07,W,08,F,,,,,A,Y,N,D,2,0,0,0,22107.0,1,35.00688552856445,-117.66388702392578,2
2019,2019-07-16,200,7,2,2,2,N,A,Y,A,H,C,A,01,E,03,C,,,,,C,Y,F,D,2,0,0,0,22350.0,2,35.12428665161133,-118.4911880493164,2
2019,2019-07-22,1,7,2,0,1,N,A,Y,A,H,D,A,01,S,08,F,,,,,A,Y,N,D,4,0,0,0,22107.0,1,35.44086837768555,-119.08380889892578,3
2019,2019-07-25,1605,7,2,16,4,N,A,N,A,H,A,A,07,N,01,B,,,,,C,Y,F,D,1,0,0,0,23153.0,2,35.231258392333984,-118.824462890625,3
2019,2019-07-27,2145,7,2,21,6,N,A,Y,A,H,D,D,22,N,08,D,,,,,C,Y,N,D,1,0,0,0,22107.0,2,,,3
2019,2019-07-29,1910,7,2,19,1,N,A,Y,A,H,A,A,01,W,07,D,,,,,C,Y,N,D,1,0,0,0,21658.0,2,35.3928337097168,-118.97431182861328,3
2019,2019-06-21,1,6,2,0,5,N,A,Y,A,C,D,G,25,S,03,C,,,,Y,C,Y,N,D,0,0,0,0,22350.0,2,35.168304443359375,-119.00308227539062,1
2019,2019-07-20,1628,7,2,16,6,N,A,Y,A,H,A,C,02,W,03,E,,,Y,,I,Y,N,D,1,0,0,1,22350.0,1,35.24627685546875,-118.5932846069336,2
2019,2019-07-26,155,7,2,1,5,N,A,Y,A,D,C,A,01,N,00,C,,,,Y,C,Y,N,D,1,0,0,0,23512.0,2,35.37298583984375,-119.0439453125,2
2019,2019-07-28,409,7,2,4,7,N,A,Y,A,D,C,A,01,S,01,E,,,,,I,Y,N,A,1,0,0,0,23152.0,1,35.40660095214844,-119.0483627319336,3
2019,2019-07-30,1946,7,2,19,2,N,A,N,A,H,B,A,01,E,08,E,,,,,J,Y,N,D,2,0,0,0,22107.0,2,34.86450958251953,-118.15471649169922,3
2019,2019-08-03,1550,8,2,15,6,N,A,Y,A,H,A,A,07,E,08,F,,,,,A,Y,N,D,1,0,0,0,22107.0,1,35.00643539428711,-117.83101654052734,3
2019,2019-07-27,815,7,2,8,6,N,A,Y,A,D,A,A,01,N,21,C,,,,,C,Y,N,D,2,0,0,0,22106.0,2,35.35955047607422,-119.03936004638672,4
2019,2019-07-29,1440,7,2,14,1,N,A,Y,A,H,A,A,01,N,03,C,,,,,C,N,N,D,2,0,0,0,22350.0,3,35.38949966430664,-119.04468536376952,4
2019,2019-07-29,1722,7,2,17,1,N,A,N,A,H,A,D,22,W,03,C,,,,,C,Y,N,D,3,0,0,0,22350.0,3,35.38330841064453,-119.05979919433594,4
2019,2019-07-19,1525,7,2,15,5,N,A,Y,A,C,A,A,01,E,03,F,,,,,A,Y,N,D,4,0,0,0,22350.0,1,35.322288513183594,-118.79533386230467,2
2019,2019-07-28,1520,7,2,15,7,N,A,Y,A,H,A,-,- ,W,18,F,,,Y,,A,Y,N,D,2,0,0,2,,1,35.26860427856445,-118.69303131103516,3
2019,2019-07-29,535,7,2,5,1,N,A,Y,A,D,B,A,01,E,03,C,,,,,C,Y,N,D,1,0,0,0,22350.0,2,35.35271453857422,-119.02010345458984,4
2019,2019-07-26,2130,7,2,21,5,N,A,N,A,H,C,A,01,N,01,C,,,,Y,C,Y,M,D,1,0,0,0,23152.0,2,35.33531188964844,-119.00309753417967,2
2019,2019-07-30,1500,7,2,15,2,N,A,Y,A,H,A,D,22,W,03,C,,,,,C,Y,N,D,1,0,0,0,22350.0,2,35.20867156982422,-118.93222045898438,4
2019,2019-07-30,1125,7,2,11,2,N,A,Y,A,H,A,A,01,E,03,C,,,,,C,N,N,A,1,0,0,0,22350.0,2,35.383304595947266,-119.05870056152344,4
2019,2019-08-04,140,8,2,1,7,N,A,Y,A,H,E,A,07,S,01,C,,,,,C,Y,M,D,1,0,0,0,23152.0,2,,,3
2019,2019-07-28,2310,7,2,23,7,N,A,Y,A,H,D,A,01,E,03,C,,,,,C,Y,N,D,1,0,0,0,22350.0,2,35.61606216430664,-119.67279052734376,3
2019,2019-07-26,2207,7,2,22,5,N,A,Y,A,H,C,A,01,W,09,B,,,,,C,Y,N,D,1,0,0,0,21804.0,2,35.2670783996582,-119.22876739501952,4
2019,2019-07-31,1925,7,2,19,3,Y,A,N,A,H,A,C,02,,01,B,,,Y,,C,Y,N,D,1,0,0,1,23152.0,3,35.37889862060547,-118.96276092529295,2
2019,2019-07-27,2300,7,2,23,6,N,A,N,A,H,C,-,99,N,08,D,,,,,C,Y,M,D,1,0,0,0,22107.0,2,35.31776428222656,-119.0031280517578,4
2019,2019-07-30,510,7,2,5,2,N,A,Y,A,H,C,D,22,S,03,C,,,,,C,N,M,D,1,0,0,0,22350.0,3,35.26409912109375,-119.02233123779295,4
2019,2019-07-29,2055,7,2,20,1,Y,A,N,A,H,C,A,01,,09,D,,,,,C,Y,F,D,4,0,0,0,21801.0,2,35.36137008666992,-118.9552993774414,3
2019,2019-08-01,2026,8,2,20,4,Y,A,Y,A,H,D,A,01,,09,D,,,,,C,Y,N,A,1,0,0,0,21802.0,2,35.154579162597656,-119.44786071777344,3
2019,2019-07-31,1739,7,2,17,3,N,A,Y,A,D,A,D,22,E,04,C,,,,,C,Y,N,A,1,0,0,0,21703.0,2,,,4
2019,2019-07-28,330,7,2,3,7,N,A,Y,A,H,D,A,07,N,08,F,,,,,A,Y,N,D,1,0,0,0,22107.0,1,35.18511962890625,-118.07707977294922,3
2019,2019-07-31,1915,7,2,19,3,N,A,Y,A,D,A,A,01,E,07,B,,,Y,,C,N,N,A,1,0,0,0,21658.0,2,,,3
2019,2019-07-27,1006,7,2,10,6,Y,A,Y,A,H,A,A,07,,09,D,,,,,C,Y,N,A,2,0,0,0,21802.0,2,35.11268997192383,-118.5213623046875,3
2019,2019-08-01,1530,8,2,15,4,Y,A,N,A,H,A,C,02,,03,D,,,Y,,C,Y,N,A,1,0,0,1,22350.0,2,35.3503303527832,-119.02892303466795,2
2019,2019-07-28,2118,7,2,21,7,Y,A,N,A,H,D,C,02,,17,D,,,Y,,C,N,N,D,1,0,0,1,24250.0,2,35.37866973876953,-118.94081115722656,2
2019,2019-07-21,2055,7,2,20,7,N,A,Y,A,H,D,A,01,W,08,B,,,,,C,Y,M,D,4,0,0,0,22107.0,2,35.20864486694336,-118.96269989013672,4
2019,2019-08-01,945,8,2,9,4,N,A,Y,A,D,A,A,01,N,03,C,,,,,C,N,N,D,1,0,0,0,22350.0,2,,,4
2019,2019-08-02,5,8,2,0,5,N,A,Y,A,D,C,A,01,S,01,E,,,,,J,N,N,D,1,0,0,0,23152.0,1,35.37333679199219,-119.04383850097656,4
2019,2019-08-02,1623,8,2,16,5,N,A,Y,A,D,A,A,01,S,04,C,,,,,C,Y,N,D,2,0,0,0,21703.0,3,35.36801528930664,-119.04181671142578,4
2019,2019-08-02,535,8,2,5,5,Y,A,N,A,H,D,A,01,,12,D,,,,,C,Y,F,A,2,0,0,0,22450.0,2,35.1221809387207,-118.96768951416016,3
2019,2019-08-02,830,8,2,8,5,N,A,Y,A,H,A,A,01,S,03,C,,,,,C,Y,N,D,1,0,0,0,22350.0,2,,,4
2019,2019-08-01,1010,8,2,10,4,N,A,N,A,H,A,A,01,W,03,C,,,,,C,N,M,D,1,0,0,0,22350.0,2,35.412471771240234,-119.08346557617188,4
2019,2019-07-28,40,7,2,0,7,Y,A,N,A,H,C,A,01,,01,D,,,,,C,Y,N,A,1,0,0,0,23152.0,2,34.86376190185547,-118.23799896240234,4
2019,2019-08-04,209,8,2,2,7,N,A,Y,A,D,D,A,01,W,01,E,,,,,I,N,N,D,1,0,0,0,23152.0,1,35.35309982299805,-119.04070281982422,3
2019,2019-08-04,1518,8,2,15,7,N,A,Y,A,D,A,A,01,E,03,C,,,,,C,Y,N,D,3,0,0,0,22350.0,3,35.352760314941406,-119.02961730957033,3
2019,2019-08-02,545,8,2,5,5,N,A,N,A,H,A,A,07,N,06,F,,,,,C,Y,N,D,1,0,0,0,21750.0,2,35.05584716796875,-118.96514892578124,4
2019,2019-08-01,730,8,2,7,4,N,A,Y,A,H,A,M,46,S,09,D,,,,Y,C,N,N,A,1,0,0,0,21804.0,2,,,3
2019,2019-07-30,1822,7,2,18,2,Y,A,N,A,H,A,D,22,,12,D,,,,,C,N,N,A,2,0,0,0,21453.0,2,35.44112,-119.03887,4
2019,2019-08-04,315,8,2,3,7,N,A,N,A,H,C,A,01,N,08,B,,,,,C,Y,N,D,1,0,0,0,22107.0,2,35.37027359008789,-118.9052505493164,3
2019,2019-08-04,430,8,2,4,7,N,A,Y,A,B,D,A,07,E,03,E,,,,,I,Y,N,D,1,0,0,0,22350.0,1,35.44629669189453,-118.78842163085938,3
2019,2019-07-30,1730,7,2,17,2,N,A,Y,A,H,A,D,22,N,08,F,,,,,A,Y,N,D,1,0,0,0,22107.0,1,35.10539627075195,-119.04888916015624,3
2019,2019-08-06,2010,8,2,20,2,Y,A,N,A,H,A,A,01,,12,D,,,,,C,Y,M,A,1,0,0,0,22450.0,2,35.23801040649414,-118.87830352783205,4
2019,2019-08-06,830,8,2,8,2,N,A,N,A,H,A,A,01,N,07,B,,,,,C,Y,N,D,1,0,0,0,21658.0,2,35.41105651855469,-119.02109527587892,3
2019,2019-08-04,1410,8,2,14,7,N,A,Y,A,H,A,A,01,S,03,C,,,,,C,N,N,D,1,0,0,0,22350.0,3,35.39036178588867,-119.3852996826172,4
2019,2019-08-07,1515,8,2,15,3,N,A,Y,A,D,A,A,01,W,03,C,,,,,C,Y,N,D,2,0,0,0,22350.0,2,35.35259246826172,-119.00353240966795,4
2019,2019-08-02,930,8,2,9,5,Y,A,N,A,H,A,A,01,,03,C,,,,,C,Y,N,D,4,0,0,0,22350.0,3,35.38486099243164,-118.94963073730467,4
2019,2019-08-04,635,8,2,6,7,Y,A,N,A,H,B,A,01,,09,A,,,,,C,Y,N,D,3,0,0,0,21801.0,2,35.15113067626953,-118.91461944580078,4
2019,2019-08-02,1935,8,2,19,5,Y,A,N,A,H,A,A,01,,12,D,,,,,C,Y,N,A,2,0,0,0,21453.0,2,35.36861038208008,-118.97635650634766,3
2019,2019-08-06,1030,8,2,10,2,N,A,N,A,H,A,-,- ,W,18,G,Y,,,,B,N,N,D,1,1,0,0,,2,35.40760040283203,-119.03135681152344,2
2019,2019-08-07,1425,8,2,14,3,N,A,Y,A,H,A,G,25,W,03,C,,,,Y,C,Y,N,A,2,0,0,0,22350.0,2,35.614944458007805,-119.86808013916016,3
2019,2019-07-31,800,7,2,8,3,Y,A,N,A,H,A,A,01,,09,D,,,,,C,Y,N,D,2,0,0,0,21801.0,2,35.69733,-118.4631,3
2019,2019-08-02,1525,8,2,15,5,N,A,Y,A,H,A,D,22,N,03,C,,,,,C,Y,N,D,2,0,0,0,22350.0,3,35.05970764160156,-118.96837615966795,3
2019,2019-08-05,1855,8,2,18,1,N,A,N,A,H,A,A,01,W,08,A,,,,,E,Y,N,D,1,0,0,0,22107.0,3,35.413421630859375,-119.0819854736328,3
2019,2019-08-08,1615,8,2,16,4,Y,A,N,A,H,A,A,01,,09,D,,,,,C,Y,N,A,4,0,0,0,21802.0,2,35.274078369140625,-119.00314331054688,3
2019,2019-08-02,1705,8,2,17,5,N,A,N,A,H,A,A,01,S,11,G,Y,,,,B,N,N,D,3,3,0,0,21954.0,4,35.380374908447266,-118.94081115722656,3
2019,2019-08-04,1245,8,2,12,7,N,A,Y,A,H,A,A,07,N,08,F,,,,,A,Y,N,D,3,0,0,0,22107.0,1,35.27123260498047,-119.024169921875,4
2019,2019-08-04,1300,8,2,13,7,N,A,Y,A,D,A,A,01,S,03,C,,,,,D,Y,N,D,1,0,0,0,22350.0,2,35.11832046508789,-118.98693084716795,4
2019,2019-08-06,1415,8,2,14,2,N,A,N,A,H,A,A,01,E,03,C,,,,,C,N,N,A,1,0,0,0,22350.0,2,35.412410736083984,-119.0587158203125,4
2019,2019-08-05,1400,8,2,14,1,Y,A,N,A,H,A,A,01,,10,G,Y,,,,B,N,N,A,1,1,0,0,21950.0,2,35.324920654296875,-119.00298309326172,3
2019,2019-08-03,500,8,2,5,6,Y,A,N,A,H,D,A,01,,03,E,,,,,I,N,N,A,1,0,0,0,22350.0,1,35.12348175048828,-118.5928192138672,4
2019,2019-08-07,830,8,2,8,3,N,A,N,A,H,A,A,07,W,03,C,,,,,C,Y,N,D,1,0,0,0,22350.0,3,35.421424865722656,-119.06094360351562,4
2019,2019-08-01,1705,8,2,17,4,N,A,Y,A,D,A,A,01,S,03,C,,,,Y,C,Y,N,D,2,0,0,0,22350.0,6,35.40704345703125,-119.04925537109376,4
2019,2019-08-03,2050,8,2,20,6,N,A,N,A,H,C,A,01,S,01,A,,,,,C,Y,N,A,1,0,0,0,23152.0,2,35.37854766845703,-119.11019897460938,3
2019,2019-08-08,1834,8,2,18,4,N,A,Y,A,H,A,D,22,N,08,F,,,,,A,Y,N,D,2,0,0,0,22107.0,1,35.14315414428711,-118.11021423339844,3
2019,2019-08-12,750,8,2,7,1,N,A,N,A,H,A,A,01,W,03,C,,,,,C,Y,N,D,2,0,0,0,22350.0,2,35.10935974121094,-118.4817352294922,4
2019,2019-08-05,1145,8,2,11,1,Y,A,N,A,H,A,A,01,,12,D,,,,,C,Y,N,A,1,0,0,0,22450.0,2,35.746910095214844,-119.18734741210938,3
2019,2019-08-07,2035,8,2,20,3,Y,A,N,A,H,C,D,22,,17,A,,,,,C,Y,N,A,2,0,0,0,21451.0,2,35.35440826416016,-118.91419219970705,4
2019,2019-08-08,158,8,2,1,4,N,A,N,A,H,D,A,07,N,08,E,,,,,I,Y,N,D,1,0,0,0,22107.0,1,35.100318908691406,-119.10961151123048,4
2019,2019-08-07,1650,8,2,16,3,N,A,Y,A,D,A,A,01,S,08,E,,,,,J,Y,N,D,2,0,0,0,22107.0,2,35.35749816894531,-119.03933715820312,4