ACCIDENT_YEAR,COLLISION_DATE,COLLISION_TIME,MONTH,SEASON,24HOURS,DAY_OF_WEEK,INTERSECTION,WEATHER_1,STATE_HWY_IND,ROAD_SURFACE,ROAD_COND_1,LIGHTING,STWD_VEHTYPE_AT_FAULT,CHP_VEHTYPE_AT_FAULT,DIRECTION,PCF_VIOL_CATEGORY,TYPE_OF_COLLISION,PEDESTRIAN_ACCIDENT,BICYCLE_ACCIDENT,MOTORCYCLE_ACCIDENT,TRUCK_ACCIDENT,MVIW,TOW_AWAY,HIT_AND_RUN,CONTROL_DEVICE,NUMBER_INJURED,COUNT_PED_INJURED,COUNT_BICYCLIST_INJURED,COUNT_MC_INJURED,PCF_VIOLATION,PARTY_COUNT,POINT_Y,POINT_X,COLLISION_SEVERITY
2020,2020-05-12,1815,5,1,18,2,N,A,N,A,H,A,A,07,E,01,E,,,,,J,Y,N,D,1,0,0,0,23152.0,1,35.41014099121094,-118.97793579101562,3
2020,2020-05-18,1705,5,1,17,1,N,B,N,A,H,A,D,22,E,03,C,,,,,C,N,N,A,1,0,0,0,22350.0,2,35.412410736083984,-119.06047058105467,4
2020,2020-03-29,920,3,1,9,7,N,B,Y,A,H,A,A,01,S,01,E,,,,,I,Y,N,D,0,0,0,0,23152.0,1,35.49074172973633,-119.15240478515624,1
2020,2020-05-08,1735,5,1,17,5,N,A,Y,A,H,A,A,01,S,08,F,,,,,A,Y,N,D,1,0,0,0,22107.0,1,35.528499603271484,-119.189697265625,3
2020,2020-05-06,1600,5,1,16,3,Y,A,N,A,H,A,C,02,,06,D,,,Y,,C,N,N,D,1,0,0,1,21755.0,2,,,3
2020,2020-05-18,1215,5,1,12,1,N,B,Y,B,H,A,D,22,E,09,E,,,,,I,Y,N,A,1,0,0,0,21802.0,2,35.11505508422852,-118.53009796142578,4
2020,2020-05-19,550,5,1,5,2,N,B,Y,B,H,B,A,01,E,03,E,,,,,I,Y,N,D,1,0,0,0,22350.0,1,35.18183135986328,-118.49398040771484,4
2020,2020-05-15,535,5,1,5,5,Y,A,Y,A,H,B,-,- ,,09,D,,,,,C,Y,N,A,1,0,0,0,21802.0,2,35.20882034301758,-118.87809753417967,4
2020,2020-05-16,410,5,1,4,6,N,A,Y,A,H,B,A,01,S,07,C,,,,,C,Y,N,D,1,0,0,0,21658.0,2,35.493831634521484,-119.15690612792967,4
2020,2020-05-17,1805,5,1,18,7,N,A,Y,A,H,A,A,07,N,08,E,,,,,A,Y,N,D,1,0,0,0,22107.0,1,35.18292236328125,-119.13413238525392,4
2020,2020-05-13,822,5,1,8,3,N,B,N,A,H,A,A,01,E,03,C,,,,,C,Y,N,D,2,0,0,0,22350.0,2,35.368648529052734,-118.9698486328125,3
2020,2020-05-18,315,5,1,3,1,N,A,Y,A,H,D,N,60,S,11,G,Y,,,,B,N,N,D,1,1,0,0,21954.0,2,35.48654556274414,-119.51749420166016,4
2020,2020-05-15,1700,5,1,17,5,Y,A,N,A,H,A,F,26,,09,D,,,Y,Y,C,Y,N,A,1,0,0,1,21802.0,2,35.23736953735352,-119.0166473388672,2
2020,2020-05-09,2150,5,1,21,6,N,A,Y,A,H,C,D,22,S,07,C,,,,,C,Y,F,D,7,0,0,0,21658.0,3,34.828250885009766,-118.8707275390625,3
2020,2020-05-11,1450,5,1,14,1,N,A,N,A,H,A,D,22,N,01,B,,,,,E,Y,N,D,1,0,0,0,23152.0,3,35.37794494628906,-118.94963836669922,3
2020,2020-05-12,1435,5,1,14,2,N,A,N,A,H,A,A,07,N,10,G,Y,,,,B,N,N,D,1,1,0,0,21952.0,2,35.62708282470703,-118.4739227294922,4
2020,2020-05-10,1115,5,1,11,7,N,A,Y,A,H,A,D,22,E,05,B,,,,,C,Y,N,D,2,0,0,0,21460.0,3,35.46539306640625,-118.75682830810548,4
2020,2020-05-11,1505,5,1,15,1,Y,A,N,A,H,A,D,22,,09,A,,,,,C,Y,N,D,1,0,0,0,21801.0,2,35.558208465576165,-119.27752685546876,4
2020,2020-04-10,622,4,1,6,5,N,B,Y,B,H,A,A,01,S,01,E,,,,,J,Y,N,D,1,0,0,0,23152.0,1,35.27507400512695,-119.02523040771484,1
2020,2020-05-19,1910,5,1,19,2,Y,A,N,A,H,A,D,22,,08,E,,,,,I,Y,N,D,1,0,0,0,22107.0,1,35.3649787902832,-118.94989776611328,3
2020,2020-05-20,1420,5,1,14,3,N,A,N,A,H,A,A,01,E,21,C,,,,,C,N,N,A,1,0,0,0,22106.0,2,35.41241836547852,-119.06208038330078,4
2020,2020-05-21,835,5,1,8,4,N,A,Y,A,H,A,A,07,N,08,E,,,,,I,Y,N,D,1,0,0,0,22107.0,1,35.32752990722656,-119.62711334228516,3
2020,2020-05-20,240,5,1,2,3,N,A,Y,A,H,D,A,07,N,01,F,,,,,A,Y,N,D,1,0,0,0,23152.0,1,35.13031005859375,-118.12005615234376,2
2020,2020-05-17,1620,5,1,16,7,N,A,Y,A,H,A,A,01,S,03,C,,,,,C,N,N,D,1,0,0,0,22350.0,2,35.05419921875,-118.17420196533205,4
2020,2020-05-15,2006,5,1,20,5,N,A,N,A,H,C,A,01,N,01,C,,,,,C,Y,N,A,1,0,0,0,23153.0,3,35.296661376953125,-118.91434478759766,4
2020,2020-05-16,2030,5,1,20,6,N,A,N,A,H,D,A,01,E,08,E,,,,,I,Y,N,D,1,0,0,0,22107.0,1,35.70567321777344,-118.4516143798828,4
2020,2020-05-18,2046,5,1,20,1,N,A,Y,A,D,D,A,07,N,08,E,,,,,J,Y,N,D,1,0,0,0,22107.0,1,35.370601654052734,-119.0427017211914,3
2020,2020-05-17,2051,5,1,20,7,N,A,N,A,H,C,C,06,S,01,F,,,Y,,A,N,N,D,2,0,0,2,23152.0,1,35.368736267089844,-118.95254516601562,3
2020,2020-05-19,1349,5,1,13,2,N,A,Y,A,D,A,A,07,E,03,C,,,,,C,Y,N,D,1,0,0,0,22350.0,2,35.352691650390625,-119.0185317993164,4
2020,2020-05-19,645,5,1,6,2,N,B,Y,A,D,A,A,07,W,03,C,,,,,C,Y,N,D,1,0,0,0,22350.0,2,35.35276794433594,-119.03196716308594,4
2020,2020-05-20,1245,5,1,12,3,N,A,N,A,H,A,A,01,W,03,C,,,,,C,N,N,A,1,0,0,0,22350.0,2,35.41238021850586,-119.0535125732422,4
2020,2020-05-17,1630,5,1,16,7,N,A,N,A,H,A,J,48,N,08,E,,,,,I,Y,N,D,1,0,0,0,22107.0,1,34.84782028198242,-118.87383270263672,3
2020,2020-05-21,1135,5,1,11,4,Y,A,Y,A,H,A,D,22,,09,D,,,,,C,Y,N,A,1,0,0,0,21801.0,2,35.263790130615234,-118.63296508789062,3
2020,2020-05-16,30,5,1,0,6,N,A,Y,A,H,D,A,07,S,03,C,,,,,C,Y,N,D,1,0,0,0,22350.0,2,35.49931335449219,-119.16278839111328,2
2020,2020-05-15,1745,5,1,17,5,N,A,N,A,H,A,A,01,W,03,E,,,,,J,Y,N,D,1,0,0,0,22350.0,2,35.26691055297852,-118.95862579345705,4
2020,2020-05-22,1810,5,1,18,5,N,A,Y,A,H,A,C,02,S,03,A,,,Y,,C,Y,N,D,1,0,0,1,22350.0,2,35.395999908447266,-119.25206756591795,4
2020,2020-05-21,1545,5,1,15,4,N,A,N,A,H,A,C,02,W,08,F,,,Y,,A,N,N,D,1,0,0,1,22107.0,1,,,3
2020,2020-05-20,1520,5,1,15,3,N,A,N,A,H,A,-,- ,E,18,E,,,,,I,Y,N,D,1,0,0,0,,1,34.82001876831055,-118.95985412597656,4
2020,2020-05-20,1400,5,1,14,3,N,A,N,A,H,A,-,- ,S,18,H,,,,,H,N,N,D,1,0,0,0,,1,35.51446914672852,-119.3677215576172,4
2020,2020-05-25,1800,5,1,18,1,N,A,N,A,H,A,D,22,N,08,E,,,,,I,Y,N,D,1,0,0,0,22107.0,1,35.26641082763672,-118.6319580078125,4
2020,2020-05-22,1525,5,1,15,5,Y,A,N,A,H,A,A,01,,12,D,,,,,C,Y,N,A,1,0,0,0,21453.0,2,35.439998626708984,-119.0214385986328,4
2020,2020-05-21,1510,5,1,15,4,N,A,Y,A,H,A,D,22,E,08,F,,,,,I,Y,M,D,1,0,0,0,22107.0,1,35.351524353027344,-118.90148162841795,3
2020,2020-05-28,710,5,1,7,4,Y,A,N,A,H,A,A,01,,08,D,,,,,C,Y,N,A,2,0,0,0,22107.0,2,34.86431121826172,-118.1690673828125,4
2020,2020-05-21,54,5,1,0,4,N,A,Y,A,H,C,A,01,N,01,E,,,,,I,Y,N,A,1,0,0,0,23152.0,1,35.26764297485352,-119.2527084350586,4
2020,2020-05-23,2045,5,1,20,6,N,A,N,A,H,C,A,01,S,03,G,Y,,,,B,Y,N,D,1,1,0,0,22350.0,2,35.15609359741211,-119.45633697509766,2
2020,2020-05-28,2250,5,1,22,4,N,A,N,A,H,C,C,02,W,08,F,,,Y,,A,Y,N,A,1,0,0,1,22107.0,1,35.41241836547852,-119.05908203125,2
2020,2020-05-28,1520,5,1,15,4,N,A,Y,A,D,A,A,01,S,03,C,,,,,C,Y,N,A,1,0,0,0,22350.0,2,35.26261138916016,-118.91440582275392,4
2020,2020-05-29,2220,5,1,22,5,N,A,Y,A,H,D,A,01,N,03,C,,,,,C,Y,N,D,1,0,0,0,22350.0,2,35.36539077758789,-118.91424560546876,4
2020,2020-05-29,748,5,1,7,5,N,A,Y,A,H,A,A,01,W,03,C,,,,,C,Y,N,D,1,0,0,0,22350.0,3,35.3836555480957,-119.00489807128906,4
2020,2020-05-28,1730,5,1,17,4,Y,A,N,A,H,A,A,01,,01,D,,,,,C,Y,N,B,1,0,0,0,23152.0,2,35.133159637451165,-119.46221923828124,2
2020,2020-05-28,710,5,1,7,4,Y,A,Y,A,H,A,D,22,,01,D,,,,,C,Y,M,A,1,0,0,0,23152.0,2,35.30624008178711,-118.9143295288086,4
2020,2020-05-23,1915,5,1,19,6,N,A,N,A,H,A,M,95,E,01,H,,,,,H,Y,N,D,1,0,0,0,23152.0,2,35.339458465576165,-118.99848175048828,2
2020,2020-05-25,1830,5,1,18,1,N,A,N,A,H,A,D,22,N,08,E,,,,,I,Y,N,D,2,0,0,0,22107.0,1,35.84607696533203,-118.45016479492188,3
2020,2020-05-22,1615,5,1,16,5,Y,A,N,A,H,A,A,07,,12,D,,,,,C,Y,N,A,2,0,0,0,21453.0,2,35.39752197265625,-118.98518371582033,3
2020,2020-05-29,1210,5,1,12,5,Y,A,N,A,H,A,-,- ,,00,D,,,,,C,Y,N,A,1,0,0,0,,2,35.33219146728516,-119.01412963867188,4
2020,2020-05-24,1918,5,1,19,7,N,A,Y,A,H,A,A,01,N,08,E,,,,,I,Y,N,D,4,0,0,0,22107.0,1,34.836185455322266,-118.86315155029295,3
2020,2020-05-29,1525,5,1,15,5,N,A,N,A,H,A,A,01,N,22,E,,,,,I,N,N,D,1,0,0,0,,1,35.589900970458984,-117.70362091064452,4
2020,2020-05-23,1757,5,1,17,6,N,A,Y,A,H,A,D,22,S,01,E,,,,,I,Y,N,D,1,0,0,0,23152.0,1,35.558231353759766,-119.19793701171876,2
2020,2020-05-30,2035,5,1,20,6,Y,A,Y,A,H,D,A,01,,09,D,,,,,C,Y,N,A,1,0,0,0,21802.0,2,35.03194046020508,-118.16839599609376,4
2020,2020-05-27,1700,5,1,17,3,N,A,Y,A,H,A,D,22,W,01,E,,,,,I,Y,N,D,1,0,0,0,23152.0,1,35.11793899536133,-118.22376251220705,3
2020,2020-05-30,325,5,1,3,6,N,A,Y,A,H,D,A,01,S,03,C,,,,,C,Y,N,D,2,0,0,0,22350.0,2,34.85502243041992,-118.87407684326172,4
2020,2020-06-01,1015,6,2,10,1,N,A,N,A,D,A,B,01,N,03,C,,,,,C,Y,N,A,3,0,0,0,22350.0,2,35.372352600097656,-118.94982147216795,4
2020,2020-05-26,1,5,1,0,2,Y,A,N,A,H,C,A,01,,01,D,,,,,C,Y,N,A,1,0,0,0,23152.0,2,35.266849517822266,-119.00298309326172,3
2020,2020-05-21,150,5,1,1,4,Y,A,N,A,H,C,A,01,,01,D,,,,,C,Y,M,A,1,0,0,0,23152.0,3,35.37641143798828,-118.96758270263672,3
2020,2020-05-28,1605,5,1,16,4,N,A,Y,A,H,A,D,22,N,03,C,,,,,C,N,N,D,2,0,0,0,22350.0,2,35.37492752075195,-119.04441833496094,4
2020,2020-05-29,454,5,1,4,5,Y,A,N,A,H,D,A,01,,01,E,,,,,I,Y,N,A,1,0,0,0,23152.0,1,35.267051696777344,-118.8963623046875,3
2020,2020-06-01,445,6,2,4,1,Y,A,N,A,H,D,D,22,,08,G,Y,,,,B,N,F,A,1,1,0,0,22107.0,2,35.41960906982422,-119.05061340332033,3
2020,2020-05-31,1940,5,1,19,7,N,A,N,A,H,B,C,02,W,08,E,,,Y,,I,N,N,D,1,0,0,1,22107.0,1,35.720394134521484,-118.51725006103516,3
2020,2020-06-02,1625,6,2,16,2,Y,A,N,A,H,A,A,01,,09,D,,,,,C,Y,N,D,1,0,0,0,21800.0,2,35.3875617980957,-118.98065948486328,4
2020,2020-05-19,1335,5,1,13,2,N,A,N,A,H,A,A,08,S,09,D,,,Y,,C,Y,N,D,2,0,0,1,21804.0,2,35.299739837646484,-118.91433715820312,2
2020,2020-02-25,1921,2,4,19,2,N,A,Y,A,H,D,A,07,S,01,A,,,,,C,Y,N,D,1,0,0,0,23152.0,2,35.00698471069336,-118.1604461669922,1
2020,2020-06-03,1555,6,2,15,3,Y,A,Y,A,H,A,A,01,,09,D,,,,,C,Y,N,D,1,0,0,0,21801.0,2,35.12428283691406,-118.49046325683594,2
2020,2020-05-30,1650,5,1,16,6,N,A,N,A,H,A,A,07,W,01,E,,,,,I,Y,N,D,1,0,0,0,23152.0,1,35.420509338378906,-118.96752166748048,3
2020,2020-05-29,1935,5,1,19,5,N,A,N,A,H,B,F,26,E,08,F,,,,Y,A,Y,N,D,1,0,0,0,22107.0,1,35.04362106323242,-118.22708892822266,3
2019,2019-11-01,1226,11,3,12,5,N,A,Y,A,D,A,G,25,S,03,C,,,,Y,C,Y,N,D,0,0,0,0,22350.0,3,,,1
2020,2020-06-04,700,6,2,7,4,N,A,Y,A,H,A,A,07,S,08,E,,,,,J,Y,N,D,1,0,0,0,22107.0,1,35.789573669433594,-119.78214263916016,3
2020,2020-05-27,800,5,1,8,3,N,A,Y,A,H,A,A,01,W,05,B,,,,,C,Y,N,D,1,0,0,0,21651.0,2,35.56827545166016,-118.5845947265625,2
2020,2020-05-04,515,5,1,5,1,Y,A,Y,A,H,D,A,01,,01,D,,,,,C,Y,N,D,0,0,0,0,23152.0,3,35.20867156982422,-118.93229675292967,1
2020,2020-05-28,1920,5,1,19,4,N,A,N,A,H,B,D,22,S,01,E,,,,,I,Y,N,D,1,0,0,0,23152.0,1,35.31543731689453,-118.40001678466795,3
2020,2020-05-30,1925,5,1,19,6,N,A,N,A,H,A,A,07,S,21,D,,,,,C,Y,F,D,1,0,0,0,22106.0,2,35.3410530090332,-118.98545074462892,4
2020,2020-05-30,449,5,1,4,6,N,A,Y,A,H,D,A,07,W,03,C,,,,,C,Y,N,D,3,0,0,0,22350.0,3,35.296340942382805,-118.86279296875,3
2020,2020-05-30,957,5,1,9,6,N,A,N,A,H,A,A,01,S,08,E,,,,,I,Y,N,D,1,0,0,0,22107.0,1,35.28136444091797,-118.84284973144533,2
2020,2020-06-03,1850,6,2,18,3,Y,A,N,A,H,A,D,22,,12,D,,,,,C,Y,N,A,1,0,0,0,21453.0,2,35.4196891784668,-119.08336639404295,4
2020,2020-06-04,835,6,2,8,4,N,A,Y,A,D,A,D,22,S,03,C,,,,,C,Y,N,D,3,0,0,0,22350.0,2,35.33871841430664,-119.03946685791016,4
2020,2020-06-04,1120,6,2,11,4,N,A,Y,A,H,A,A,01,E,09,A,,,,,C,Y,N,D,2,0,0,0,21801.0,2,35.208553314208984,-119.00881958007812,3
2020,2020-06-05,1555,6,2,15,5,N,B,N,B,H,A,A,01,E,08,D,,,,,C,Y,N,D,1,0,0,0,22107.0,2,35.339458465576165,-119.00146484375,3
2020,2020-05-11,1455,5,1,14,1,N,A,Y,A,H,A,A,01,E,01,A,,,,,C,Y,N,D,0,0,0,0,23152.0,2,35.65800857543945,-118.43098449707033,1
2020,2020-06-05,1520,6,2,15,5,N,B,N,A,H,A,A,01,W,09,D,,,,,C,Y,N,D,1,0,0,0,21804.0,2,35.40864181518555,-119.02191162109376,4
2020,2020-06-06,1445,6,2,14,6,N,A,N,A,H,A,A,01,S,03,C,,,,,C,Y,F,A,1,0,0,0,22350.0,2,35.252376556396484,-118.93212890625,3
2020,2020-06-05,2025,6,2,20,5,N,A,N,A,H,D,A,01,N,01,F,,,,,A,Y,N,D,1,0,0,0,23152.0,1,35.21101760864258,-119.44554901123048,3
2020,2020-06-09,1850,6,2,18,2,N,A,N,A,H,A,-,,W,08,C,,,,,E,Y,N,D,1,0,0,0,22107.0,3,35.62617111206055,-117.67787170410156,4
2020,2020-06-07,2041,6,2,20,7,N,A,Y,A,H,D,A,07,S,05,A,,,,,C,Y,N,D,5,0,0,0,21460.0,3,35.33325958251953,-118.91429901123048,2
2020,2020-05-30,2050,5,1,20,6,N,A,N,A,H,C,-,- ,W,18,H,,,Y,,H,Y,N,D,1,0,0,1,,2,35.37609100341797,-118.93814086914062,2
2020,2020-05-30,1900,5,1,19,6,N,A,N,A,H,A,A,01,N,09,C,,,,,C,Y,F,D,2,0,0,0,21801.0,2,35.308746337890625,-119.0031280517578,4
2020,2020-07-14,652,7,2,6,2,Y,A,N,A,H,A,A,01,,09,D,,,,,C,Y,N,A,1,0,0,0,21802.0,2,35.62250900268555,-117.69671630859376,3
2020,2020-06-03,1555,6,2,15,3,Y,A,N,A,H,A,A,01,,09,D,,,,,C,Y,N,A,1,0,0,0,21802.0,2,35.674339294433594,-119.2587432861328,4
2020,2020-06-08,1650,6,2,16,1,N,A,N,A,H,A,D,22,E,08,E,,,,,I,Y,N,D,1,0,0,0,22107.0,2,35.40679168701172,-119.03086090087892,3
2020,2020-05-20,1630,5,1,16,3,N,A,Y,A,H,A,G,25,N,07,D,,,,Y,C,Y,N,D,1,0,0,0,21658.0,2,35.46039581298828,-119.11215209960938,4
2020,2020-05-27,2315,5,1,23,3,N,A,N,A,H,D,A,01,W,08,F,,,,,A,Y,N,D,3,0,0,0,22107.0,1,35.499942779541016,-119.31501770019533,2
2020,2020-06-05,1740,6,2,17,5,N,A,Y,A,H,A,A,01,S,08,E,,,,,I,Y,N,D,1,0,0,0,22107.0,1,35.487491607666016,-119.14808654785156,4
2020,2020-06-07,1820,6,2,18,7,N,A,N,A,H,B,A,01,S,01,E,,,,,I,Y,N,D,1,0,0,0,23152.0,1,35.67485046386719,-118.4001007080078,3
2020,2020-06-01,1753,6,2,17,1,Y,A,N,A,H,A,A,07,,17,D,,,,,C,N,N,D,1,0,0,0,21461.0,2,35.376079559326165,-118.93639373779295,4
2020,2020-06-07,1810,6,2,18,7,N,A,N,A,H,A,D,22,E,03,C,,,,,C,N,N,A,2,0,0,0,22350.0,2,35.38251876831055,-118.97399139404295,4
2020,2020-06-06,1305,6,2,13,6,N,A,Y,A,H,A,A,01,S,08,E,,,,,I,Y,N,D,2,0,0,0,22107.0,1,35.49964904785156,-119.16323089599608,4
2020,2020-06-09,1159,6,2,11,2,N,A,Y,A,H,A,A,07,N,03,C,,,,,C,Y,N,D,1,0,0,0,22350.0,2,35.39031219482422,-119.0447006225586,3
2020,2020-06-04,1950,6,2,19,4,Y,A,N,A,H,A,A,01,,12,D,,,,,C,Y,N,A,2,0,0,0,21453.0,2,35.412471771240234,-119.08338165283205,3
2020,2020-06-03,40,6,2,0,3,N,A,Y,A,H,D,D,22,W,01,E,,,,,I,Y,N,D,1,0,0,0,23152.0,1,35.71024703979492,-118.74211883544922,3
2020,2020-06-09,1250,6,2,12,2,N,A,N,A,H,A,D,22,E,03,C,,,,,C,N,F,D,1,0,0,0,22350.0,3,35.390254974365234,-118.99448394775392,3
2020,2020-06-10,1535,6,2,15,3,Y,A,N,A,H,A,D,22,,09,D,,,,,C,Y,N,A,2,0,0,0,21802.0,2,35.296348571777344,-118.8607177734375,4
2020,2020-06-07,1315,6,2,13,7,N,A,N,A,H,A,A,01,W,12,D,,,,,C,Y,N,D,1,0,0,0,22450.0,2,35.39342498779297,-118.98605346679688,4
2020,2020-06-09,1648,6,2,16,2,N,A,Y,A,H,A,A,01,S,03,C,,,,,C,Y,N,D,2,0,0,0,22350.0,3,34.778690338134766,-118.8138427734375,2
2020,2020-06-10,1640,6,2,16,3,N,A,N,A,H,A,A,07,S,03,C,,,,,C,N,N,A,2,0,0,0,22350.0,2,35.37977981567383,-118.96754455566406,3
2020,2020-06-08,1140,6,2,11,1,N,A,Y,A,H,A,G,25,N,07,E,,,,Y,I,N,N,D,1,0,0,0,21658.0,2,35.0969123840332,-118.14591979980467,4
2020,2020-05-26,2250,5,1,22,2,N,A,N,A,H,C,A,07,E,01,B,,,,,E,Y,N,D,1,0,0,0,23152.0,4,35.412330627441406,-119.07220458984376,3
2020,2020-05-31,2110,5,1,21,7,N,A,N,A,H,D,N,60,N,11,G,Y,,,,B,N,N,D,1,1,0,0,21954.0,2,35.22589874267578,-119.09221649169922,3
2020,2020-06-02,1935,6,2,19,2,N,A,N,A,H,A,A,01,N,08,E,,,,,I,Y,N,D,1,0,0,0,22107.0,1,35.61593246459961,-119.4378662109375,2
2020,2020-06-09,1000,6,2,10,2,N,A,Y,A,H,A,A,07,E,03,C,,,,Y,C,Y,N,D,1,0,0,0,22350.0,2,35.030029296875,-118.09180450439452,4
2020,2020-06-05,50,6,2,0,5,N,A,Y,A,H,C,-,99,N,08,F,,,,,A,Y,F,D,3,0,0,0,22107.0,2,35.00724792480469,-118.16072845458984,3
2020,2020-06-13,615,6,2,6,6,N,A,N,A,H,A,A,01,S,03,E,,,,,I,Y,N,D,1,0,0,0,22350.0,1,34.87860107421875,-118.2931671142578,3
2020,2020-06-06,2035,6,2,20,6,N,A,Y,A,H,D,A,07,,01,H,,,,,J,N,N,D,1,0,0,0,23152.0,1,35.295989990234375,-118.93206024169922,2
2020,2020-06-07,1910,6,2,19,7,N,A,N,A,H,A,C,02,E,08,D,,,Y,,C,Y,N,D,1,0,0,1,22107.0,2,35.34169006347656,-118.9834213256836,3
2020,2020-06-03,1908,6,2,19,3,Y,A,N,A,H,A,D,22,,09,D,,,,,C,Y,F,D,1,0,0,0,21801.0,2,35.40864181518555,-119.01878356933594,3
2020,2020-06-06,2120,6,2,21,6,Y,A,N,A,H,D,-,99,,12,D,,,,,C,Y,F,A,1,0,0,0,22450.0,2,35.68914031982422,-119.17745971679688,3
2020,2020-06-07,1145,6,2,11,7,Y,A,N,A,H,A,D,22,,12,D,,,,,C,Y,N,A,1,0,0,0,21453.0,2,35.39078140258789,-119.14552307128906,4
2020,2020-06-08,1015,6,2,10,1,Y,A,N,A,H,A,L,04,,05,H,,Y,,,G,N,N,A,1,0,1,0,21650.0,2,35.34490966796875,-119.04338836669922,4
2020,2020-06-11,37,6,2,0,4,N,A,Y,A,H,C,A,01,W,01,C,,,,Y,C,Y,N,D,1,0,0,0,23152.0,3,35.352378845214844,-119.02497863769533,3
2020,2020-06-12,525,6,2,5,5,N,A,Y,A,H,A,G,25,W,08,A,,,,Y,C,Y,N,D,1,0,0,0,22107.0,2,35.39857864379883,-119.34073638916016,4
2020,2020-06-12,1525,6,2,15,5,N,A,Y,A,D,A,G,25,W,03,C,,,,Y,C,Y,N,D,1,0,0,0,22350.0,2,,,4
2020,2020-06-12,1420,6,2,14,5,N,A,N,A,H,A,D,22,N,08,G,Y,,,,B,N,F,D,1,1,0,0,22107.0,2,35.268253326416016,-118.9853286743164,2
2020,2020-06-12,1909,6,2,19,5,N,A,N,A,H,A,-,- ,W,00,D,,,,,C,N,N,A,1,0,0,0,,2,35.40861892700195,-119.03427124023438,4
2020,2020-06-15,652,6,2,6,1,N,A,Y,A,H,B,A,01,N,03,C,,,,,C,Y,N,D,2,0,0,0,22350.0,2,35.63243103027344,-119.66507720947266,3
2020,2020-06-09,1140,6,2,11,2,Y,A,N,A,H,A,A,01,,12,D,,,,,C,Y,N,A,4,0,0,0,22450.0,2,35.41950988769531,-119.02337646484376,3
2020,2020-06-08,1945,6,2,19,1,N,A,N,A,H,A,A,01,W,03,C,,,,,C,Y,M,D,3,0,0,0,22350.0,3,35.25239181518555,-118.91904449462892,4
2020,2020-06-13,1900,6,2,19,6,N,A,N,A,H,A,A,01,E,07,B,,,,,C,Y,N,A,1,0,0,0,21658.0,3,35.41241836547852,-119.06166076660156,4
2020,2020-06-11,1745,6,2,17,4,N,A,N,A,H,A,A,07,N,08,E,,,,,I,Y,N,D,1,0,0,0,22107.0,1,35.58922576904297,-118.49571990966795,3
2020,2020-06-07,1810,6,2,18,7,Y,A,N,A,H,A,A,01,,12,D,,,,,C,Y,M,D,1,0,0,0,22450.0,2,35.38473129272461,-118.98336029052734,4
2020,2020-06-13,1227,6,2,12,6,N,A,Y,A,D,A,A,01,W,03,C,,,,,C,N,N,D,1,0,0,0,22350.0,2,35.352264404296875,-118.98876953125,3
2020,2020-06-15,1040,6,2,10,1,N,A,Y,A,H,A,G,26,S,16,H,,,,Y,J,Y,N,D,1,0,0,0,24002.0,2,35.552032470703125,-119.19678497314452,4
2020,2020-06-04,1600,6,2,16,4,N,A,Y,A,H,A,A,01,W,03,C,,,,,C,Y,N,A,1,0,0,0,22350.0,4,35.38329315185547,-119.05490112304688,4
2020,2020-06-11,1320,6,2,13,4,Y,A,N,A,H,A,A,01,,08,E,,,,,I,Y,N,D,1,0,0,0,22107.0,1,35.413631439208984,-119.03663635253906,4
2020,2020-06-14,1146,6,2,11,7,N,A,Y,A,H,A,A,01,E,08,F,,,,,A,Y,N,D,3,0,0,0,22107.0,2,35.71532440185547,-120.17233276367188,3
2020,2020-06-06,2344,6,2,23,6,Y,A,N,A,H,C,A,01,,01,E,,,,,I,Y,N,D,2,0,0,0,23152.0,1,35.36516189575195,-118.94081878662108,3
2020,2020-06-10,940,6,2,9,3,Y,A,Y,A,H,A,A,01,,12,D,,,,,C,Y,F,A,1,0,0,0,21453.0,2,35.26704025268555,-118.91440582275392,3
2020,2020-06-15,1420,6,2,14,1,N,A,N,A,H,A,D,22,E,01,C,,,,,C,N,M,D,1,0,0,0,23152.0,2,35.408645629882805,-119.0177764892578,4
2020,2020-06-14,1155,6,2,11,7,N,A,N,A,H,A,A,07,W,21,B,,,,,C,Y,N,D,3,0,0,0,22106.0,2,35.30316162109375,-119.04802703857422,4