ACCIDENT_YEAR,COLLISION_DATE,COLLISION_TIME,MONTH,SEASON,24HOURS,DAY_OF_WEEK,INTERSECTION,WEATHER_1,STATE_HWY_IND,ROAD_SURFACE,ROAD_COND_1,LIGHTING,STWD_VEHTYPE_AT_FAULT,CHP_VEHTYPE_AT_FAULT,DIRECTION,PCF_VIOL_CATEGORY,TYPE_OF_COLLISION,PEDESTRIAN_ACCIDENT,BICYCLE_ACCIDENT,MOTORCYCLE_ACCIDENT,TRUCK_ACCIDENT,MVIW,TOW_AWAY,HIT_AND_RUN,CONTROL_DEVICE,NUMBER_INJURED,COUNT_PED_INJURED,COUNT_BICYCLIST_INJURED,COUNT_MC_INJURED,PCF_VIOLATION,PARTY_COUNT,POINT_Y,POINT_X,COLLISION_SEVERITY
2020,2020-10-02,554,10,3,5,5,Y,A,N,A,H,C,J,48,,03,E,,,,,I,Y,N,D,1,0,0,0,22350.0,1,35.02511978149414,-118.1494598388672,2
2020,2020-10-06,1515,10,3,15,2,Y,A,Y,A,H,A,A,01,,09,D,,,,,C,Y,N,A,3,0,0,0,21802.0,2,35.54658126831055,-119.33152770996094,4
2020,2020-10-01,1540,10,3,15,4,Y,A,N,A,H,A,L,04,,09,D,,Y,,,G,N,N,D,1,0,1,0,21804.0,2,34.864200592041016,-118.17594146728516,3
2020,2020-10-11,1938,10,3,19,7,N,A,N,A,H,C,L,04,S,08,D,,Y,,,C,N,F,D,1,0,1,0,22107.0,2,35.382450103759766,-119.10995483398438,2
2020,2020-10-08,1645,10,3,16,4,N,A,Y,A,H,A,D,22,N,03,C,,,,,C,Y,N,A,1,0,0,0,22350.0,2,35.398128509521484,-119.25206756591795,2
2020,2020-10-07,1710,10,3,17,3,N,A,N,A,H,A,A,01,W,08,B,,,,,C,Y,N,D,2,0,0,0,22103.0,2,35.350341796875,-119.03041076660156,4
2020,2020-10-07,1630,10,3,16,3,N,A,N,A,H,A,A,07,E,05,B,,,,,C,Y,N,D,1,0,0,0,21460.0,3,35.389793395996094,-118.9746322631836,4
2020,2020-10-07,1543,10,3,15,3,Y,A,N,A,H,A,A,01,,09,D,,,,,C,Y,M,A,1,0,0,0,21802.0,2,35.34254837036133,-118.98542785644533,3
2020,2020-10-11,1449,10,3,14,7,N,A,Y,A,H,A,A,01,S,03,C,,,,Y,C,Y,N,D,1,0,0,0,22350.0,2,,,3
2020,2020-10-05,825,10,3,8,1,N,A,N,A,H,A,E,22,W,08,D,,,,,C,N,N,D,1,0,0,0,22107.0,2,35.032100677490234,-118.16840362548828,4
2020,2020-10-12,1405,10,3,14,1,N,A,N,A,H,A,C,02,S,08,F,,,Y,,A,N,N,D,0,0,0,0,22107.0,1,35.72570037841797,-118.55776977539062,1
2020,2020-10-08,2020,10,3,20,4,N,A,N,A,H,C,C,02,N,03,G,Y,,Y,,B,N,F,D,1,1,0,0,22350.0,2,35.409122467041016,-119.02554321289062,2
2020,2020-07-13,615,7,2,6,1,Y,A,N,A,H,B,A,01,,01,D,,,,Y,C,Y,N,D,0,0,0,0,23152.0,3,35.2524299621582,-118.90981292724608,1
2020,2020-08-11,820,8,2,8,2,N,A,Y,A,H,A,D,22,W,08,E,,,,,I,Y,N,D,0,0,0,0,22107.0,1,35.38349533081055,-118.99623870849608,1
2020,2020-10-08,1928,10,3,19,4,N,A,Y,A,H,D,A,01,N,08,A,,,,,C,Y,N,D,1,0,0,0,22107.0,2,35.45814514160156,-117.96820068359376,3
2020,2020-10-09,1540,10,3,15,5,N,A,Y,A,D,A,A,01,N,03,C,,,,,C,Y,N,D,3,0,0,0,22350.0,2,35.06999588012695,-118.9716339111328,4
2020,2020-10-09,1918,10,3,19,5,N,A,N,A,A,C,C,02,E,08,F,,,Y,,A,N,N,D,1,0,0,1,22107.0,2,35.414581298828125,-119.03150177001952,4
2020,2020-09-17,735,9,3,7,4,Y,A,N,A,H,A,A,01,,12,D,,,,,C,Y,F,A,3,0,0,0,21453.0,2,35.36861038208008,-118.97635650634766,4
2020,2020-10-09,1043,10,3,10,5,N,A,Y,A,H,A,A,01,W,08,B,,,,,C,Y,N,A,1,0,0,0,22107.0,2,35.368999481201165,-119.04267120361328,4
2020,2020-10-06,1930,10,3,19,2,N,A,Y,A,H,C,A,07,S,08,D,,,,,C,Y,F,D,1,0,0,0,22107.0,4,34.874053955078125,-118.89132690429688,4
2020,2020-10-09,1633,10,3,16,5,Y,A,N,A,H,A,A,01,,01,D,,,,,C,Y,N,A,1,0,0,0,23152.0,2,35.39128112792969,-118.99240112304688,3
2020,2020-10-09,1505,10,3,15,5,N,A,Y,A,D,A,D,22,E,00,C,,,,,C,Y,N,D,1,0,0,0,10500.0,2,35.35271453857422,-119.02020263671876,4
2020,2020-10-10,2115,10,3,21,6,N,A,N,A,H,D,C,02,E,03,F,,,Y,,A,Y,N,D,1,0,0,1,22350.0,1,35.445404052734375,-118.92420959472656,3
2020,2020-10-08,635,10,3,6,4,Y,A,N,A,H,B,A,07,,12,D,,,,,C,Y,N,A,1,0,0,0,21453.0,2,35.37596893310547,-118.94982147216795,3
2020,2020-10-08,1520,10,3,15,4,N,A,Y,A,H,A,C,02,S,03,C,,,Y,,C,Y,N,D,1,0,0,1,22350.0,2,35.01676559448242,-118.95479583740234,2
2020,2020-10-06,1815,10,3,18,2,N,A,Y,A,H,C,A,01,E,08,E,,,,,I,Y,N,D,1,0,0,0,22107.0,1,,,3
2020,2020-07-07,1306,7,2,13,2,N,A,Y,A,E,A,A,08,W,08,C,,,,Y,C,Y,N,A,2,0,0,0,22107.0,2,35.008499145507805,-117.65981292724608,1
2020,2020-10-12,915,10,3,9,1,Y,A,N,A,H,A,L,04,,05,H,,Y,,,G,N,N,A,1,0,1,0,21650.0,2,35.39653015136719,-119.07438659667967,3
2020,2020-10-05,602,10,3,6,1,N,B,N,A,H,D,D,22,N,06,E,,,,,I,Y,N,D,1,0,0,0,21751.0,1,35.1152229309082,-118.85059356689452,4
2020,2020-10-12,1305,10,3,13,1,N,A,N,A,H,A,A,01,S,03,C,,,,Y,C,Y,N,A,1,0,0,0,22350.0,2,35.208396911621094,-118.91452026367188,3
2020,2020-10-14,1430,10,3,14,3,Y,A,N,A,H,A,A,01,,09,D,,,,,C,Y,N,A,2,0,0,0,21802.0,2,35.19424057006836,-118.87811279296876,4
2020,2020-10-10,300,10,3,3,6,N,A,Y,A,H,D,A,01,E,08,E,,,,,I,Y,N,D,1,0,0,0,22107.0,1,35.39571762084961,-118.96383666992188,3
2020,2020-10-11,1620,10,3,16,7,N,A,Y,A,D,A,A,01,N,03,C,,,,,C,Y,N,D,1,0,0,0,22350.0,3,35.06482696533203,-118.96997833251952,4
2020,2020-10-13,1750,10,3,17,2,N,A,Y,A,D,A,A,01,S,03,C,,,,,C,Y,N,D,1,0,0,0,22350.0,2,,,4
2020,2020-10-15,650,10,3,6,4,N,A,N,A,H,A,A,01,N,08,B,,,,,C,Y,N,D,1,0,0,0,22107.0,2,35.41328811645508,-119.05876922607422,4
2020,2020-10-15,1850,10,3,18,4,N,A,Y,A,D,C,G,25,N,03,C,,,,Y,C,N,N,D,3,0,0,0,22350.0,2,35.35601043701172,-119.0393524169922,4
2020,2020-10-15,1154,10,3,11,4,N,A,Y,A,H,A,A,01,S,03,C,,,,,C,Y,N,D,1,0,0,0,22350.0,2,35.3356819152832,-119.03974151611328,4
2020,2020-10-08,1115,10,3,11,4,N,A,Y,A,C,A,A,01,N,03,C,,,,,C,Y,N,A,2,0,0,0,22350.0,2,34.819461822509766,-118.88021087646484,4
2020,2020-10-12,1445,10,3,14,1,Y,A,N,A,H,A,D,22,,09,B,,,,,C,Y,N,A,3,0,0,0,21801.0,2,35.500301361083984,-119.40348052978516,4
2020,2020-09-11,1830,9,3,18,5,Y,F,N,A,H,B,C,06,,12,D,,,Y,,C,Y,N,A,2,0,0,1,22450.0,2,35.36928939819336,-119.4476318359375,1
2020,2020-10-08,2200,10,3,22,4,N,A,N,A,H,C,D,22,E,08,A,,,,,E,N,N,D,1,0,0,0,22107.0,2,35.41819381713867,-119.03403472900392,4
2020,2020-10-10,1914,10,3,19,6,Y,A,N,A,H,D,C,02,,14,D,,,Y,,C,Y,N,D,2,0,0,2,24400.0,2,35.35470962524414,-118.89913177490234,2
2020,2020-10-11,2134,10,3,21,7,N,A,N,A,H,C,D,22,S,03,C,,,,,C,Y,N,D,1,0,0,0,22350.0,2,35.371944427490234,-118.96759033203124,4
2020,2020-10-10,102,10,3,1,6,N,A,Y,A,H,D,A,01,W,08,E,,,,,I,Y,N,D,2,0,0,0,22107.0,1,35.3509407043457,-118.89859008789062,4
2020,2020-07-21,1019,7,2,10,2,-,A,N,A,H,A,A,01,,08,E,,,,,J,N,N,D,1,0,0,0,22107.0,1,,,3
2020,2020-10-06,1830,10,3,18,2,N,A,Y,A,D,A,G,27,N,03,C,,,,Y,C,N,N,D,2,0,0,0,22350.0,2,,,4
2020,2020-10-10,1110,10,3,11,6,N,A,Y,A,H,A,A,01,W,08,F,,,,,A,Y,N,D,2,0,0,0,22107.0,1,,,3
2020,2020-10-08,1210,10,3,12,4,N,A,Y,A,H,A,A,01,E,03,E,,,,,I,Y,N,D,1,0,0,0,22350.0,1,35.208221435546875,-119.0093994140625,3
2020,2020-10-10,935,10,3,9,6,Y,A,N,A,H,A,-,- ,,00,D,,,,,C,Y,N,A,1,0,0,0,,2,,,3
2020,2020-10-11,1205,10,3,12,7,N,A,N,A,H,A,D,22,N,03,E,,,,,I,Y,N,D,1,0,0,0,22350.0,1,35.421138763427734,-119.05878448486328,4
2020,2020-10-12,505,10,3,5,1,N,A,N,A,H,D,-,- ,W,18,E,,,,,I,N,N,D,1,0,0,0,,1,35.272403717041016,-118.91326141357422,4
2020,2020-10-10,2318,10,3,23,6,N,A,N,A,H,C,A,07,W,01,C,,,,,E,Y,N,D,1,0,0,0,23152.0,4,35.414581298828125,-119.02577972412108,3
2020,2020-08-02,2010,8,2,20,7,N,A,N,A,H,D,L,04,W,12,H,,Y,,,G,N,F,A,0,0,0,0,22450.0,2,35.335811614990234,-119.01521301269533,1
2020,2020-10-10,1518,10,3,15,6,Y,A,N,A,H,A,G,25,,03,C,,,,Y,C,Y,N,D,1,0,0,0,22350.0,2,,,4
2020,2020-10-11,35,10,3,0,7,N,A,N,A,H,D,A,01,E,01,F,,,,,A,Y,N,D,2,0,0,0,23152.0,1,35.3048095703125,-118.583740234375,4
2020,2020-10-12,1740,10,3,17,1,Y,A,N,A,H,A,L,04,,05,H,,Y,,,G,N,N,D,1,0,1,0,21650.0,2,,,3
2020,2020-10-13,730,10,3,7,2,N,A,Y,A,H,A,A,01,E,08,E,,,,,I,Y,N,D,1,0,0,0,22107.0,1,35.67041015625,-118.26229858398438,3
2020,2020-10-16,625,10,3,6,5,Y,A,N,A,H,B,A,01,,09,D,,,,,C,Y,N,D,3,0,0,0,21801.0,2,35.703338623046875,-119.20494079589844,3
2020,2020-10-16,550,10,3,5,5,N,A,N,A,H,D,A,01,N,12,E,,,,,J,Y,N,A,1,0,0,0,22450.0,1,35.478130340576165,-119.3141860961914,4
2020,2020-10-16,1815,10,3,18,5,N,A,Y,A,H,C,A,01,N,04,C,,,,,C,N,M,D,1,0,0,0,21703.0,2,35.37273406982422,-119.04364776611328,4
2020,2020-10-17,1300,10,3,13,6,N,A,Y,A,H,A,D,22,N,08,E,,,,,I,Y,N,D,1,0,0,0,22107.0,1,34.84525680541992,-118.86735534667967,2
2020,2020-10-17,2134,10,3,21,6,Y,A,N,A,H,C,A,01,,09,A,,,,,C,Y,N,A,3,0,0,0,21453.0,2,35.42715072631836,-119.0390396118164,4
2020,2020-10-14,1730,10,3,17,3,N,A,N,A,H,A,D,22,N,03,C,,,,,C,N,N,D,2,0,0,0,22350.0,2,35.36151885986328,-118.94986724853516,4
2020,2020-10-15,2033,10,3,20,4,N,A,N,A,H,C,A,01,S,08,E,,,,,I,Y,N,D,1,0,0,0,22107.0,1,34.85406494140625,-118.20232391357422,4
2020,2020-10-12,1410,10,3,14,1,N,A,N,A,H,A,-,- ,W,18,H,,,,Y,J,N,N,D,1,0,0,0,,2,35.52901840209961,-119.32283020019533,4
2020,2020-10-17,1705,10,3,17,6,N,A,Y,A,H,A,G,25,W,21,C,Y,,,Y,E,N,N,D,1,1,0,0,22106.0,3,35.345420837402344,-118.88050842285156,4
2020,2020-10-18,2355,10,3,23,7,N,A,Y,A,H,D,A,01,N,03,C,,,,,C,Y,N,D,3,0,0,0,22350.0,2,35.36643600463867,-119.35186004638672,4
2020,2020-10-13,1040,10,3,10,2,N,A,Y,A,H,A,-,- ,N,18,E,,,,,I,Y,N,A,1,0,0,0,,1,34.883419036865234,-118.90018463134766,4
2020,2020-10-16,1320,10,3,13,5,N,A,Y,A,D,A,A,01,N,03,C,,,,,C,Y,N,D,1,0,0,0,22350.0,2,35.066349029541016,-118.97047424316406,4
2020,2020-10-01,1920,10,3,19,4,N,A,N,A,H,C,A,01,N,03,C,,,,,C,Y,F,D,2,0,0,0,22350.0,2,35.33034133911133,-118.914306640625,4
2020,2020-10-13,1540,10,3,15,2,N,A,Y,A,H,A,D,22,S,03,B,,,,,C,Y,N,D,1,0,0,0,22350.0,3,35.40758514404297,-119.04986572265624,3
2020,2020-10-13,1715,10,3,17,2,N,A,Y,A,H,A,A,01,S,03,C,,,,,C,Y,N,D,2,0,0,0,22350.0,3,35.40298843383789,-119.04429626464844,3
2020,2020-10-07,655,10,3,6,3,N,A,Y,A,H,A,D,22,S,03,C,,,,,C,Y,N,D,2,0,0,0,22350.0,3,35.40194320678711,-119.04108428955078,4
2020,2020-10-10,2025,10,3,20,6,N,A,N,A,H,D,D,22,W,08,C,Y,,,,E,Y,M,D,2,1,0,0,22107.0,4,35.389488220214844,-118.97921752929688,3
2020,2020-10-16,1055,10,3,10,5,N,A,Y,A,H,A,D,22,E,08,E,,,,,I,Y,N,D,2,0,0,0,22107.0,1,35.46892166137695,-118.75213623046876,3
2020,2020-10-16,1240,10,3,12,5,N,A,N,A,H,A,A,01,S,03,C,,,,,C,Y,N,D,1,0,0,0,22350.0,5,35.37096405029297,-118.96759033203124,4
2020,2020-10-17,1745,10,3,17,6,N,A,N,A,H,B,B,07,S,01,E,,,,,I,Y,N,D,1,0,0,0,23152.0,1,35.43710708618164,-118.52729034423828,3
2020,2020-10-15,30,10,3,0,4,N,A,Y,A,H,D,A,01,N,01,E,,,,,I,Y,N,D,2,0,0,0,23152.0,1,35.69298553466797,-119.2307586669922,4
2020,2020-10-16,1157,10,3,11,5,N,A,Y,A,H,A,D,22,N,08,E,,,,,I,Y,N,D,1,0,0,0,22107.0,1,35.02006530761719,-118.9573211669922,3
2020,2020-10-21,1,10,3,0,3,N,A,N,A,H,C,A,01,N,01,C,,,,,E,Y,N,D,2,0,0,0,23152.0,3,35.151485443115234,-119.45249938964844,2
2020,2020-10-18,1655,10,3,16,7,N,A,N,A,H,A,C,02,N,03,E,,,Y,,I,N,N,D,1,0,0,1,22350.0,1,35.33304214477539,-119.0089111328125,2
2020,2020-10-19,2140,10,3,21,1,N,A,Y,A,H,D,A,07,W,03,E,,,,,I,Y,N,D,1,0,0,0,22350.0,1,35.52788162231445,-118.6598663330078,4
2020,2020-10-16,1150,10,3,11,5,N,A,Y,A,D,A,A,01,E,01,E,,,,,I,Y,N,D,1,0,0,0,23152.0,1,35.10993576049805,-118.32196807861328,4
2020,2020-10-19,1645,10,3,16,1,N,A,N,A,H,A,C,06,N,03,E,,,Y,,I,N,N,D,1,0,0,1,22350.0,1,35.00016021728516,-118.1577377319336,3
2020,2020-10-18,107,10,3,1,7,N,A,Y,A,H,C,A,01,S,01,B,,,,,C,Y,N,D,3,0,0,0,23152.0,2,35.329078674316406,-119.03907012939452,2
2020,2020-10-20,1640,10,3,16,2,Y,A,N,A,H,A,A,01,,09,D,,,,,C,Y,N,A,2,0,0,0,21802.0,2,35.296348571777344,-118.8607177734375,3
2020,2020-10-16,1905,10,3,19,5,Y,A,N,A,H,D,D,22,,12,D,,Y,,,G,N,F,D,1,0,1,0,22450.0,2,35.3667106628418,-118.97464752197266,2
2020,2020-10-21,1850,10,3,18,3,N,A,Y,A,H,D,A,01,W,08,E,,,,,I,Y,N,D,1,0,0,0,22107.0,1,35.65194320678711,-117.73979949951172,3
2020,2020-10-15,959,10,3,9,4,Y,A,N,A,H,A,F,27,,03,C,,,,Y,C,N,N,A,1,0,0,0,22350.0,2,35.266849517822266,-119.00298309326172,4
2020,2020-10-18,1810,10,3,18,7,N,A,Y,A,H,B,-,- ,E,18,E,,,,,J,Y,N,D,2,0,0,0,,1,35.54328536987305,-118.61858367919922,3
2020,2020-10-18,218,10,3,2,7,N,A,Y,A,H,D,A,07,N,03,C,,,,,C,N,M,D,1,0,0,0,22350.0,2,35.6084098815918,-119.21175384521484,4
2020,2020-10-17,1652,10,3,16,6,Y,A,N,A,H,A,A,01,,08,D,,,,,C,Y,N,D,1,0,0,0,22107.0,2,35.39168167114258,-118.96756744384766,3
2020,2020-10-19,1500,10,3,15,1,N,A,Y,A,H,A,D,22,W,03,C,,,,,C,Y,N,D,6,0,0,0,22350.0,3,35.389774322509766,-119.023193359375,4
2020,2020-10-20,1235,10,3,12,2,Y,A,N,A,H,A,A,01,,09,D,,,Y,,C,N,N,D,2,0,0,1,21804.0,2,35.40863037109375,-119.02329254150392,3
2020,2020-08-13,1317,8,2,13,4,N,A,N,A,H,A,D,22,E,01,F,,,,,A,Y,N,A,0,0,0,0,23152.0,1,35.038108825683594,-118.10697174072266,1
2020,2020-09-06,1335,9,3,13,7,N,A,Y,A,H,A,A,07,E,08,F,,,,,A,Y,N,D,5,0,0,0,22107.0,1,35.00510025024414,-117.81217956542967,1
2020,2020-10-16,2020,10,3,20,5,N,A,Y,A,H,D,A,01,E,12,E,,,,,I,Y,N,A,1,0,0,0,22450.0,1,35.43339157104492,-117.67172241210938,4
2020,2020-10-16,2338,10,3,23,5,N,A,Y,A,H,C,A,07,S,01,D,,,,,C,Y,F,D,3,0,0,0,23152.0,2,35.15138244628906,-119.44786071777344,3
2020,2020-10-18,2142,10,3,21,7,N,A,Y,A,H,D,D,22,S,01,E,,,,,I,Y,N,D,1,0,0,0,23152.0,1,,,3
2020,2020-10-21,1630,10,3,16,3,N,A,Y,A,H,A,F,26,W,08,F,,,,Y,A,Y,N,D,2,0,0,0,22107.0,1,35.398529052734375,-119.32662963867188,3
2020,2020-10-18,211,10,3,2,7,N,A,Y,A,H,C,A,01,N,01,C,,,,,C,Y,N,D,6,0,0,0,23152.0,4,35.31916809082031,-119.03648376464844,2
2020,2020-10-20,1820,10,3,18,2,N,A,N,A,H,D,A,01,W,01,E,,,,,J,Y,M,D,1,0,0,0,23152.0,1,35.616477966308594,-118.46932220458984,3
2020,2020-10-26,610,10,3,6,1,N,A,Y,A,H,D,A,01,E,01,C,,,,,C,Y,N,D,2,0,0,0,23152.0,2,35.10405731201172,-118.27354431152344,4
2020,2020-10-19,1825,10,3,18,1,N,A,Y,A,H,B,A,07,E,03,C,,,,,C,Y,N,D,1,0,0,0,22350.0,3,35.61606216430664,-119.69252014160156,3
2020,2020-10-21,1610,10,3,16,3,N,A,N,A,H,A,A,01,S,03,C,,,,,C,N,M,D,1,0,0,0,22350.0,2,35.39033126831055,-118.98495483398438,4
2020,2020-10-20,2012,10,3,20,2,Y,A,N,A,H,D,D,22,,12,D,,,,,C,Y,N,A,2,0,0,0,22450.0,2,35.3686408996582,-118.95861053466795,2
2020,2020-07-22,1859,7,2,18,3,N,A,N,A,H,A,A,01,W,03,A,,,,,E,Y,N,D,6,0,0,0,22350.0,5,35.37594985961914,-118.94545745849608,2
2020,2020-10-21,620,10,3,6,3,Y,A,Y,A,H,C,A,01,,09,D,,,,,C,Y,N,A,1,0,0,0,21802.0,2,35.09510040283203,-119.03900146484376,4
2020,2020-10-16,1438,10,3,14,5,Y,A,Y,A,H,A,A,01,,05,D,,,,,C,Y,N,D,2,0,0,0,21752.0,3,35.76121520996094,-119.34442138671876,3
2020,2020-10-17,2225,10,3,22,6,N,A,Y,A,H,D,A,01,N,08,B,,,,,C,Y,F,D,1,0,0,0,22107.0,3,35.2860107421875,-118.91436767578124,3
2020,2020-10-20,215,10,3,2,2,Y,A,N,A,H,E,A,01,,01,E,,,,,I,Y,N,A,1,0,0,0,23152.0,1,35.390411376953125,-118.98497772216795,2
2020,2020-10-15,1650,10,3,16,4,N,A,Y,A,H,A,A,01,E,03,C,,,,,C,Y,N,D,1,0,0,0,22350.0,2,35.26000213623047,-118.61772918701172,4
2020,2020-10-21,1257,10,3,12,3,Y,A,N,A,H,A,A,01,,09,D,,,,,C,Y,N,A,1,0,0,0,21801.0,2,35.64558029174805,-119.20449829101562,4
2020,2020-10-21,1425,10,3,14,3,N,A,Y,A,D,A,-,28,W,03,C,,,,,C,Y,N,D,1,0,0,0,22350.0,2,,,4
2020,2020-10-27,625,10,3,6,2,N,A,Y,A,H,B,D,22,S,08,B,,,,,C,Y,N,D,1,0,0,0,22107.0,2,,,4
2020,2020-10-25,1540,10,3,15,7,N,B,Y,A,H,A,A,01,N,03,C,,,,,C,Y,N,D,2,0,0,0,22350.0,2,35.064414978027344,-118.96986389160156,4
2020,2020-10-19,1944,10,3,19,1,N,A,Y,A,H,D,A,01,S,03,C,,,,,C,Y,N,D,1,0,0,0,22350.0,2,35.66034698486328,-119.68582916259766,3
2020,2020-10-24,555,10,3,5,6,Y,A,Y,A,H,D,D,22,,09,D,,,,,C,Y,N,D,2,0,0,0,21801.0,2,35.61570739746094,-119.74490356445312,4
2020,2020-10-22,840,10,3,8,4,N,A,Y,A,H,A,L,04,S,09,H,,Y,,,G,N,N,D,1,0,1,0,21804.0,2,35.281352996826165,-119.0265655517578,4
2020,2020-10-21,1220,10,3,12,3,Y,A,N,A,H,A,-,- ,,00,B,,Y,,,C,N,N,D,1,0,1,0,,2,35.234500885009766,-119.32826232910156,3
2020,2020-07-21,2225,7,2,22,2,N,A,Y,A,H,C,G,25,S,03,C,,,,Y,C,Y,N,D,0,0,0,0,22350.0,2,35.527889251708984,-119.18881988525392,1
2020,2020-10-22,2220,10,3,22,4,N,A,N,A,H,C,A,01,W,08,E,,,,,I,Y,N,D,1,0,0,0,22107.0,1,35.3040885925293,-118.99676513671876,3
2020,2020-10-23,545,10,3,5,5,Y,A,Y,A,H,D,D,22,,12,D,,,,,C,Y,N,A,3,0,0,0,22450.0,2,35.76122283935547,-119.34442138671876,2
2020,2020-10-26,855,10,3,8,1,N,A,N,A,H,A,M,46,W,08,A,,,,,C,N,N,A,1,0,0,0,22107.0,2,35.23781967163086,-118.93228912353516,4
2020,2020-10-23,826,10,3,8,5,N,A,Y,A,H,A,A,01,S,10,G,Y,,,,B,N,N,D,1,1,0,0,21950.0,2,35.41210174560547,-119.05629730224608,4
2020,2020-10-23,1530,10,3,15,5,N,A,Y,A,D,A,D,22,N,03,C,,,,,C,Y,N,D,1,0,0,0,22350.0,2,35.387630462646484,-119.04446411132812,3
2020,2020-10-24,55,10,3,0,6,N,A,Y,A,H,D,D,22,N,08,E,,,,,I,Y,N,D,1,0,0,0,22107.0,1,35.463958740234375,-119.11727142333984,3
2020,2020-07-17,2115,7,2,21,5,N,A,N,A,H,C,C,02,S,01,E,,,Y,,I,Y,N,-,1,0,0,1,23152.0,1,35.11368179321289,-118.4500732421875,2
2020,2020-10-23,1630,10,3,16,5,N,A,N,A,H,A,A,07,S,03,C,,,,,C,N,N,D,2,0,0,0,22350.0,2,35.316654205322266,-119.0031280517578,4
2020,2020-10-19,1420,10,3,14,1,N,A,Y,A,H,A,D,22,S,03,C,,,Y,,C,Y,F,D,1,0,0,1,22350.0,2,,,3
2020,2020-10-21,937,10,3,9,3,N,A,N,A,H,A,A,01,E,03,C,,,,,C,Y,N,D,1,0,0,0,22350.0,2,34.81897735595703,-118.99207305908205,4
2020,2020-10-27,1707,10,3,17,2,Y,A,Y,A,H,A,A,07,,09,A,,,,,C,Y,N,A,2,0,0,0,21801.0,3,35.12428283691406,-118.4905014038086,3
2020,2020-10-16,1400,10,3,14,5,N,A,N,A,H,A,A,01,N,03,C,,,,,C,Y,N,A,2,0,0,0,22350.0,2,35.252544403076165,-119.0031280517578,2
2020,2020-10-24,1225,10,3,12,6,N,A,N,A,H,A,A,07,E,09,D,,,,,C,Y,N,D,1,0,0,0,21801.0,2,35.36783599853516,-118.93597412109376,4
2020,2020-10-18,1635,10,3,16,7,N,A,Y,A,H,A,A,01,N,07,E,,,,,I,Y,N,D,2,0,0,0,21658.0,2,35.74992752075195,-119.24523162841795,4
2020,2020-10-21,1409,10,3,14,3,N,A,Y,A,H,A,A,01,S,04,C,,,,,C,N,M,D,1,0,0,0,21703.0,2,35.74274444580078,-119.24209594726562,4
2020,2020-10-23,1330,10,3,13,5,N,A,N,A,H,A,A,01,E,09,A,,,,,C,Y,M,D,1,0,0,0,21804.0,2,35.42676544189453,-119.01382446289062,4
2020,2020-10-23,1905,10,3,19,5,N,A,Y,A,H,D,A,01,W,08,E,,,,,I,Y,N,D,1,0,0,0,22107.0,1,35.4765739440918,-118.75242614746094,2
2020,2020-10-26,1438,10,3,14,1,N,A,Y,A,H,A,C,02,W,08,F,,,Y,,A,Y,N,D,1,0,0,1,22107.0,1,35.26713180541992,-119.09214782714844,2
2020,2020-10-26,1710,10,3,17,1,N,A,Y,A,H,A,A,08,W,03,C,,,,,C,Y,N,D,1,0,0,0,22350.0,3,35.383338928222656,-119.06902313232422,4
2020,2020-10-27,805,10,3,8,2,N,A,Y,A,H,A,A,01,S,03,C,,,,,C,Y,N,D,3,0,0,0,22350.0,2,35.47299575805664,-119.12881469726562,4
2020,2020-10-24,2146,10,3,21,6,N,A,N,A,H,D,C,02,S,01,D,,,Y,,C,Y,N,D,1,0,0,1,23152.0,2,35.35667419433594,-118.94090270996094,2
2020,2020-10-24,449,10,3,4,6,N,A,Y,A,H,C,A,01,S,08,B,,,,Y,C,Y,N,D,2,0,0,0,22107.0,3,,,3
2020,2020-10-24,1639,10,3,16,6,N,A,N,A,H,A,C,02,W,03,E,,,Y,,I,N,N,D,1,0,0,1,22350.0,1,35.262237548828125,-118.659912109375,2
2020,2020-10-24,1920,10,3,19,6,N,A,Y,A,H,D,A,01,S,07,B,,,,,C,Y,N,D,3,0,0,0,21658.0,2,35.49370193481445,-119.15634155273438,4
2020,2020-10-26,1605,10,3,16,1,Y,A,N,A,H,A,A,01,,09,D,,,,,C,N,N,A,1,0,0,0,21802.0,2,35.746978759765625,-119.16951751708984,4
2020,2020-10-27,1140,10,3,11,2,Y,A,N,A,H,A,A,07,,12,D,,,,,C,Y,N,A,2,0,0,0,22450.0,2,35.775981903076165,-119.16966247558594,3